Airline_0,Airline_1,Airline_2,Airline_3,Source_0,Source_1,Source_2,Destination_0,Destination_1,Destination_2,Price,journey_day,journey_month,day_of_week,dep_hour,arrival_hour,duration_minutes,total_stops_num
0,0,0,1,0,0,1,0,0,1,3897,24,3,6,22,1,170,0
0,0,1,0,0,1,0,0,1,0,7662,1,5,2,5,13,445,2
0,0,1,1,0,1,1,0,1,1,13882,9,6,6,9,4,1140,2
0,0,0,1,0,1,0,0,1,0,6218,12,5,6,18,23,325,1
0,0,0,1,0,0,1,0,0,1,13302,1,3,4,16,21,285,1
0,1,0,0,0,1,0,0,1,0,3873,24,6,0,9,11,145,0
0,0,1,1,0,0,1,0,0,1,11087,12,3,1,18,10,930,1
0,0,1,1,0,0,1,0,0,1,22270,1,3,4,8,5,1265,1
0,0,1,1,0,0,1,0,0,1,11087,12,3,1,8,10,1530,1
0,1,0,1,0,1,1,0,1,1,8625,27,5,0,11,19,470,1
0,0,1,0,0,1,1,0,1,1,8907,1,6,5,9,23,795,1
0,0,0,1,0,1,0,0,1,0,4174,18,4,3,20,22,155,0
0,0,1,0,1,0,0,1,0,0,4667,24,6,0,11,13,135,0
0,0,1,1,0,1,0,0,1,0,9663,9,5,3,21,9,730,1
0,0,0,1,0,1,0,0,1,0,4804,24,4,2,17,19,155,0
0,0,1,0,0,1,1,0,1,1,14011,3,3,6,16,19,1595,2
0,1,0,0,0,1,1,0,1,1,5830,15,4,0,8,13,270,1
0,0,1,1,0,1,1,0,1,1,10262,12,6,2,14,12,1355,1
0,0,1,0,0,1,1,0,1,1,13381,12,6,2,20,19,1380,2
0,0,1,1,0,1,1,0,1,1,12898,27,5,0,16,12,1235,1
0,1,1,0,0,1,1,0,1,1,19495,6,3,2,14,19,310,1
0,0,1,0,0,0,1,0,0,1,6955,21,3,3,22,13,920,1
0,0,0,1,0,0,1,1,0,1,3943,3,4,2,4,6,170,0
0,0,0,1,0,0,1,1,0,1,4823,1,5,2,18,21,175,0
0,0,1,1,0,1,0,0,1,0,7757,6,5,0,18,8,800,1
0,0,1,1,0,1,1,0,1,1,13292,9,6,6,21,12,910,2
0,0,0,1,0,1,1,0,1,1,8238,1,6,5,21,3,345,1
0,1,1,0,0,1,1,0,1,1,7682,15,5,2,7,12,355,1
0,1,1,1,0,0,1,1,0,1,4668,18,6,1,9,12,170,0
0,1,1,1,1,0,0,1,0,0,3687,15,6,5,7,9,135,0
0,1,1,1,1,0,0,1,0,0,3687,18,6,1,7,9,135,0
0,0,1,0,0,1,0,0,1,0,13227,1,5,2,9,23,805,2
0,0,0,1,0,0,1,1,0,1,4423,6,4,5,4,6,170,0
0,0,1,1,0,1,1,0,1,1,10919,15,6,5,14,12,1320,2
0,0,1,1,0,1,1,0,1,1,12373,18,5,5,7,12,330,1
0,0,0,1,0,1,1,0,1,1,5894,27,6,3,10,21,625,1
0,1,0,0,0,1,0,0,1,0,4649,21,5,1,15,20,315,1
0,0,1,0,0,1,0,0,1,0,6245,18,5,5,14,16,150,0
0,0,1,1,0,0,1,0,0,1,19225,6,3,2,7,13,375,1
0,0,1,1,0,1,1,0,1,1,14924,3,6,0,7,19,715,1
0,1,0,1,0,1,1,0,1,1,9646,21,5,1,7,18,665,1
0,0,1,0,0,0,1,0,0,1,8714,15,3,4,6,15,510,1
0,0,1,1,0,1,1,0,1,1,12373,18,5,5,20,19,1325,1
1,0,0,0,0,0,1,1,0,1,3383,6,5,0,11,13,165,0
0,1,0,1,0,1,1,0,1,1,13062,21,3,3,9,21,720,1
0,1,0,0,0,0,1,0,0,1,3527,24,3,6,5,8,170,0
0,0,0,1,0,0,1,1,0,1,3943,27,5,0,4,6,170,0
0,0,1,0,1,0,0,1,0,0,4667,3,5,4,11,13,135,0
0,0,1,0,0,1,0,0,1,0,6117,15,5,2,19,11,965,1
0,0,1,1,0,1,1,0,1,1,11150,27,6,3,23,19,1195,2
0,0,1,1,0,1,1,0,1,1,7202,9,3,5,11,14,195,0
0,0,1,1,0,1,0,0,1,0,12121,1,5,2,9,10,1520,1
0,0,0,1,0,0,1,0,0,1,4377,24,3,6,22,1,170,0
0,0,0,1,0,0,1,1,0,1,3943,18,6,1,21,0,180,0
1,0,0,0,0,0,1,1,0,1,4483,3,4,2,23,2,170,0
0,0,1,1,0,1,0,0,1,0,14231,24,3,6,19,12,975,1
0,0,1,0,0,0,1,0,0,1,17345,1,3,4,8,23,905,2
0,1,1,1,1,0,0,1,0,0,7414,6,3,2,7,9,135,0
0,1,0,1,0,1,1,0,1,1,8073,6,5,0,19,1,390,1
0,1,1,1,1,0,1,1,1,0,12395,6,3,2,15,16,1505,1
0,0,1,0,0,1,0,0,1,0,8366,6,6,3,9,21,745,1
0,0,1,0,0,1,1,0,1,1,5117,3,4,2,6,9,1640,1
0,1,0,1,0,1,1,0,1,1,12524,3,6,0,8,19,615,1
0,0,0,1,0,1,1,0,1,1,7191,15,5,2,15,1,630,1
0,1,1,1,1,0,0,1,0,0,3687,24,5,4,7,9,135,0
0,0,0,1,0,1,1,0,1,1,5894,24,6,0,10,21,625,1
0,1,1,1,0,0,1,1,0,1,5403,24,4,2,9,12,170,0
0,0,1,0,1,0,1,1,1,0,3625,6,5,0,13,15,90,0
0,0,1,0,0,1,1,0,1,1,10861,21,5,1,5,19,800,2
0,0,0,1,1,0,0,1,0,0,6297,12,3,1,13,15,135,0
0,0,1,1,1,0,1,1,1,0,5678,1,6,5,7,8,85,0
0,0,1,1,0,0,1,0,0,1,9134,9,3,5,5,8,1590,1
0,1,0,1,0,1,1,0,1,1,10791,24,6,0,11,19,440,1
0,0,1,1,0,1,1,0,1,1,12819,24,6,0,23,12,810,2
0,0,0,1,0,1,1,0,1,1,6893,21,3,3,5,10,300,1
0,1,1,1,0,0,1,0,0,1,7240,9,3,5,9,12,165,0
0,1,1,0,0,0,1,1,0,1,3898,3,4,2,11,14,170,0
0,0,0,1,1,0,1,1,1,0,4049,3,4,2,6,7,90,0
0,0,1,1,0,1,1,0,1,1,10262,15,6,5,17,12,1145,1
0,1,0,0,1,0,0,1,0,0,3332,21,3,3,8,10,135,0
0,0,1,1,0,1,0,0,1,0,10844,9,6,6,21,12,890,1
0,0,1,1,0,0,1,0,0,1,7229,24,3,6,19,22,160,0
0,0,1,1,0,1,0,0,1,0,13941,6,5,0,6,4,1330,1
0,0,0,1,0,1,1,0,1,1,5894,27,6,3,11,21,575,1
0,1,0,1,0,1,1,0,1,1,10197,18,5,5,9,19,600,1
0,0,1,1,0,0,1,0,0,1,13712,6,3,2,14,11,1280,1
0,0,0,1,0,1,1,0,1,1,5636,24,6,0,2,7,325,1
0,0,1,1,0,1,1,0,1,1,13014,6,6,3,9,4,1125,2
0,0,1,1,0,1,0,0,1,0,7064,1,4,0,8,20,740,1
0,0,1,1,0,1,0,0,1,0,10703,24,5,4,20,14,1080,1
0,1,0,1,0,1,1,0,1,1,9646,27,5,0,13,22,555,1
0,1,0,1,0,1,1,0,1,1,17057,6,3,2,2,13,665,1
0,0,1,1,0,0,1,0,0,1,13817,12,3,1,16,10,1050,1
0,0,1,0,0,1,1,0,1,1,13748,6,3,2,5,19,800,2
0,0,1,0,0,1,0,0,1,0,4880,21,4,6,20,23,155,0
0,0,0,1,1,0,0,1,0,0,3540,21,6,4,5,7,145,0
0,1,0,0,0,0,1,1,0,1,3257,15,5,2,5,8,160,0
0,0,1,1,0,0,1,1,0,1,6478,3,6,0,19,22,180,0
0,0,1,1,1,0,1,1,1,0,8040,18,6,1,7,8,85,0
0,0,1,1,0,1,1,0,1,1,14300,12,6,2,20,12,995,2
0,0,1,1,0,1,0,0,1,0,14781,15,5,2,8,20,740,1
0,0,1,1,0,1,0,0,1,0,14939,9,6,6,20,8,735,1
0,0,1,1,0,1,1,0,1,1,10262,24,6,0,20,4,450,1
0,0,1,0,0,1,0,0,1,0,6528,12,5,6,14,14,1440,1
0,0,1,0,0,0,1,1,0,1,6121,1,5,2,6,8,165,0
0,0,1,1,0,1,1,0,1,1,13029,18,5,5,19,4,535,2
0,1,0,1,0,1,1,0,1,1,11421,27,3,2,11,18,430,1
0,1,0,1,0,1,1,0,1,1,7574,27,3,2,4,19,870,1
0,0,1,0,0,1,1,0,1,1,11596,9,5,3,12,19,1820,2
0,0,1,1,0,1,1,0,1,1,15129,24,5,4,23,19,1195,2
0,0,1,1,0,0,1,0,0,1,13555,18,3,0,14,5,900,1
0,0,0,1,0,0,1,1,0,1,5780,12,4,4,18,21,175,0
0,1,1,1,0,1,0,0,1,0,9397,12,5,6,20,9,765,1
0,0,1,1,0,1,1,0,1,1,17024,6,3,2,18,4,610,1
0,1,1,0,0,1,1,0,1,1,5281,27,6,3,7,12,355,1
0,1,0,1,0,1,1,0,1,1,10348,18,5,5,7,22,925,1
0,0,1,0,0,1,1,0,1,1,12677,6,3,2,17,9,965,1
0,1,0,1,0,1,1,0,1,1,15147,3,3,6,15,1,610,1
0,1,1,1,0,0,1,1,0,1,4668,12,6,2,7,9,160,0
0,0,1,1,0,1,1,0,1,1,15554,9,5,3,7,19,715,1
0,1,0,0,0,0,1,1,0,1,3971,9,4,1,5,8,160,0
0,0,1,0,1,0,1,1,1,0,3100,3,5,4,15,16,85,0
0,0,1,1,0,1,0,0,1,0,9663,6,5,0,20,10,845,1
0,0,1,0,0,1,1,0,1,1,27430,1,3,4,23,19,1215,1
0,0,0,1,1,0,0,1,0,0,3540,12,5,6,5,7,145,0
0,0,1,0,0,1,0,0,1,0,10676,21,5,1,12,11,1390,2
0,0,1,1,0,1,0,0,1,0,13044,12,6,2,14,8,1090,1
0,0,1,1,0,1,0,0,1,0,14388,6,5,0,20,12,960,1
0,0,0,1,0,0,1,1,0,1,3943,24,6,0,4,6,170,0
0,0,0,1,1,0,0,1,0,0,3597,3,6,0,14,17,140,0
0,0,1,0,0,0,1,0,0,1,5932,21,3,3,11,19,480,1
0,0,1,1,0,1,1,0,1,1,10262,15,6,5,11,4,1015,1
0,1,1,1,0,1,1,0,1,1,6216,12,5,6,14,17,190,0
0,0,0,1,0,1,0,0,1,0,4804,15,6,5,20,23,165,0
0,1,0,1,0,1,1,0,1,1,14067,21,5,1,11,1,840,1
0,0,1,1,0,1,1,0,1,1,15129,18,5,5,19,19,1430,2
0,0,1,1,0,1,1,0,1,1,13376,6,6,3,6,4,1300,2
0,0,1,0,0,1,1,0,1,1,10441,27,6,3,22,19,1275,2
0,0,1,1,0,0,1,1,0,1,4030,24,5,4,6,8,165,0
0,0,1,1,0,1,1,0,1,1,17024,3,3,6,8,18,650,1
0,1,0,1,0,1,1,0,1,1,13017,9,4,1,17,1,480,1
0,1,1,0,0,1,0,0,1,0,6686,6,6,3,23,7,495,1
0,0,0,1,0,1,1,0,1,1,5636,15,6,5,2,7,325,1
0,0,0,1,0,1,1,0,1,1,6442,9,6,6,7,16,515,1
0,1,0,1,0,1,1,0,1,1,9486,21,5,1,13,0,710,1
0,0,1,1,0,1,0,0,1,0,10844,21,5,1,20,23,1655,1
0,0,1,1,0,1,1,0,1,1,15318,3,6,0,20,4,505,2
0,0,1,0,0,1,1,0,1,1,5117,3,4,2,12,9,1255,1
0,0,0,1,0,1,1,0,1,1,6147,24,6,0,15,20,290,1
0,1,0,1,0,1,1,0,1,1,7005,9,6,6,12,21,490,1
0,1,0,0,0,1,0,0,1,0,3873,3,4,2,22,0,140,0
0,0,1,1,0,1,1,0,1,1,9270,21,3,3,18,18,1465,2
0,1,1,0,0,0,1,1,0,1,3898,27,6,3,11,14,170,0
0,0,1,1,0,1,0,0,1,0,14781,12,5,6,8,20,740,1
0,0,1,1,0,1,0,0,1,0,8586,24,5,4,20,8,735,1
0,0,1,0,0,1,0,0,1,0,10697,9,5,3,8,7,1415,2
0,0,1,1,0,1,1,0,1,1,14300,27,6,3,20,12,995,2
0,0,0,1,0,0,1,0,0,1,8855,3,3,6,18,21,170,0
0,0,1,1,0,1,0,0,1,0,10844,12,5,6,16,18,1545,1
0,0,1,1,0,1,1,0,1,1,17024,6,3,2,2,4,1570,1
0,0,1,1,0,1,0,0,1,0,9314,1,5,2,9,14,1730,1
0,0,0,1,0,0,1,0,0,1,4777,24,3,6,0,3,165,0
0,0,1,0,0,1,0,0,1,0,7662,9,6,6,12,13,1515,1
0,0,0,1,0,1,1,0,1,1,6442,9,5,3,6,16,560,1
0,1,0,0,0,1,1,0,1,1,5264,12,6,2,8,13,270,1
0,0,1,1,0,1,1,0,1,1,12898,27,5,0,13,4,925,1
0,0,1,0,1,0,1,1,1,0,6092,3,3,6,13,15,90,0
0,1,0,0,0,0,1,1,0,1,3311,21,5,1,5,8,160,0
0,0,1,1,0,1,1,0,1,1,6540,27,3,2,19,4,550,1
0,0,0,1,0,0,1,1,0,1,3419,27,5,0,1,4,165,0
0,0,1,1,0,1,1,0,1,1,5177,3,4,2,14,12,1355,1
0,0,1,0,0,1,1,0,1,1,8246,18,4,3,18,21,185,0
0,0,1,1,0,1,0,0,1,0,14676,9,6,6,9,21,690,1
0,1,0,1,0,1,1,0,1,1,13587,27,6,3,11,21,570,1
0,0,1,1,0,1,0,0,1,0,9663,6,5,0,21,9,730,1
0,0,1,1,0,1,0,0,1,0,13044,12,6,2,16,10,1055,1
0,0,0,1,0,1,1,0,1,1,5073,3,4,2,20,1,305,1
0,1,1,1,0,1,0,0,1,0,9345,21,5,1,17,18,1550,1
0,0,1,1,0,1,0,0,1,0,9663,6,5,0,14,10,1200,1
0,1,0,1,0,1,1,0,1,1,14277,21,5,1,8,21,780,1
0,0,1,1,0,1,1,0,1,1,10262,1,6,5,10,4,1105,1
0,0,1,1,1,0,1,1,1,0,5678,27,3,2,19,21,90,0
0,1,0,1,0,1,1,0,1,1,13727,15,5,2,16,1,570,1
0,0,1,1,0,1,0,0,1,0,9663,6,5,0,20,12,960,1
0,0,0,1,1,0,0,1,0,0,3858,12,5,6,14,17,140,0
0,1,0,0,0,1,1,0,1,1,4812,24,6,0,8,13,270,1
0,0,0,1,0,1,1,0,1,1,5775,27,6,3,21,3,345,1
0,0,1,1,0,1,0,0,1,0,10539,6,6,3,9,9,1450,1
0,0,0,1,0,1,0,0,1,0,4804,3,6,0,15,18,155,0
1,0,0,0,0,0,1,1,0,1,3383,12,6,2,11,13,165,0
0,0,0,1,0,0,1,0,0,1,8738,3,3,6,12,17,295,1
0,0,1,0,0,1,1,0,1,1,7165,27,3,2,5,6,1535,1
0,0,0,1,0,1,1,0,1,1,6412,24,6,0,16,22,380,1
0,0,1,1,0,0,1,1,0,1,8016,27,6,3,18,22,185,0
0,0,1,1,0,0,1,0,0,1,11087,12,3,1,20,15,1120,1
0,1,0,0,1,0,0,1,0,0,3543,27,6,3,9,12,135,0
0,0,1,1,0,1,0,0,1,0,12471,12,6,2,16,4,730,1
0,0,1,1,0,1,1,0,1,1,10262,24,6,0,9,4,1165,1
0,0,1,0,0,0,1,0,0,1,4441,18,3,0,13,16,170,0
0,1,0,1,0,1,1,0,1,1,12537,27,3,2,7,15,505,1
0,1,1,0,0,1,0,0,1,0,10091,24,3,6,22,7,555,1
0,0,1,0,0,0,1,1,0,1,6961,3,6,0,21,23,170,0
0,0,0,1,0,1,1,0,1,1,5013,24,4,2,5,8,195,0
0,0,1,0,0,1,1,0,1,1,6934,18,5,5,5,8,170,0
0,1,0,1,0,1,1,0,1,1,10877,3,6,0,6,19,740,1
0,0,1,1,0,0,1,1,0,1,7229,18,4,3,15,18,175,0
0,0,0,1,0,1,1,0,1,1,7048,27,3,2,16,1,575,1
0,1,1,1,0,0,1,1,0,1,4878,27,6,3,17,19,155,0
0,0,1,1,0,1,0,0,1,0,10844,21,5,1,14,23,570,1
0,0,1,1,0,1,1,0,1,1,15129,18,5,5,23,4,1760,2
0,0,0,1,0,0,1,1,0,1,3943,12,5,6,0,3,175,0
0,1,0,0,0,1,1,0,1,1,5583,6,6,3,6,11,315,1
0,1,0,1,0,1,1,0,1,1,9646,6,6,3,7,16,545,1
0,1,0,1,0,1,1,0,1,1,7677,3,6,0,8,19,645,1
0,0,0,1,0,1,1,0,1,1,6842,1,6,5,5,10,295,1
0,0,1,1,1,0,1,1,1,0,4995,24,6,0,8,10,90,0
0,1,1,1,0,1,0,0,1,0,9555,9,6,6,7,18,700,1
0,0,0,1,0,0,1,1,0,1,4077,1,6,5,1,4,165,0
0,0,1,1,0,0,1,1,0,1,7229,12,5,6,15,18,175,0
0,1,0,1,0,1,1,0,1,1,12192,9,6,6,9,19,600,1
0,0,1,0,0,0,1,1,0,1,5911,12,4,4,10,12,165,0
0,0,1,0,0,1,1,0,1,1,8372,12,6,2,9,19,615,1
0,0,1,1,1,0,1,1,1,0,4995,18,3,0,7,8,85,0
0,1,0,1,0,1,1,0,1,1,14323,9,5,3,10,19,555,1
0,0,1,1,0,1,1,0,1,1,13014,9,6,6,5,4,1375,2
0,0,1,0,0,1,1,0,1,1,13591,6,6,3,14,19,1730,2
0,0,1,1,0,1,1,0,1,1,18799,3,3,6,5,18,2245,2
0,0,0,1,0,0,1,1,0,1,3943,27,4,5,23,2,170,0
0,1,0,0,1,0,1,1,1,0,1965,21,5,1,5,7,90,0
0,0,1,1,1,0,1,1,1,0,4995,27,5,0,10,11,90,0
0,0,1,0,0,1,0,0,1,0,14641,24,3,6,16,18,1540,1
0,0,1,0,0,1,0,0,1,0,4460,12,4,4,20,23,155,0
0,0,1,0,0,1,1,0,1,1,10191,18,5,5,13,19,375,1
0,0,1,1,0,1,1,0,1,1,13843,9,3,5,2,19,1050,1
0,0,0,1,0,1,1,0,1,1,6349,1,5,2,21,3,345,1
1,0,0,0,0,1,0,0,1,0,4409,1,5,2,10,12,155,0
0,0,1,1,0,1,1,0,1,1,17024,6,3,2,18,19,1530,1
0,1,0,1,0,1,1,0,1,1,13727,18,5,5,7,21,835,1
0,0,0,1,0,0,1,0,0,1,8855,15,3,4,18,21,175,0
0,1,0,1,0,1,1,0,1,1,12524,24,6,0,8,19,615,1
0,0,1,1,0,0,1,0,0,1,13555,18,3,0,11,20,520,1
0,0,1,1,0,1,0,0,1,0,10844,6,6,3,6,12,330,1
0,1,0,1,0,1,1,0,1,1,13587,9,6,6,9,21,720,1
0,1,0,0,1,0,0,1,0,0,3543,12,6,2,9,12,135,0
0,1,1,1,1,0,0,1,0,0,4842,18,3,0,7,9,135,0
0,0,0,1,0,0,1,1,0,1,3943,24,4,2,23,2,170,0
0,0,1,1,0,1,1,0,1,1,10577,9,6,6,19,4,550,1
0,0,0,1,0,1,1,0,1,1,6979,15,5,2,10,21,625,1
0,1,1,1,1,0,0,1,0,0,11982,27,6,3,17,20,140,0
0,1,0,0,0,1,1,0,1,1,5264,6,6,3,8,13,270,1
0,1,1,1,0,1,1,0,1,1,8001,3,3,6,6,9,190,0
0,0,1,0,0,1,1,0,1,1,10651,1,6,5,19,19,1410,2
0,0,1,1,0,1,0,0,1,0,10844,24,5,4,16,19,1640,1
0,1,0,1,0,1,1,0,1,1,6601,27,3,2,9,22,755,1
0,0,1,0,0,1,1,0,1,1,6587,21,3,3,19,19,1455,1
0,1,0,0,1,0,1,1,1,0,3173,21,3,3,13,14,80,0
0,0,1,0,0,0,1,1,0,1,5228,9,5,3,10,12,165,0
0,0,1,1,0,0,1,1,0,1,5769,21,6,4,7,10,180,0
0,0,1,1,0,1,1,0,1,1,14714,6,6,3,8,19,660,1
0,0,1,1,0,1,1,0,1,1,13014,3,6,0,5,19,810,2
0,0,0,1,0,0,1,1,0,1,3359,3,6,0,22,1,170,0
0,1,1,0,0,0,1,0,0,1,6722,3,3,6,20,23,175,0
0,0,0,1,0,1,0,0,1,0,4462,18,3,0,9,12,165,0
0,0,0,1,0,1,1,0,1,1,6171,9,3,5,4,16,675,1
0,0,1,0,0,1,0,0,1,0,12303,21,5,1,5,20,875,2
0,1,0,1,0,1,1,0,1,1,7695,21,3,3,11,1,835,1
0,0,0,1,0,1,1,0,1,1,5684,24,6,0,11,1,845,1
0,0,1,0,0,1,0,0,1,0,8366,12,6,2,16,7,905,1
0,0,1,0,1,0,0,1,0,0,19630,1,3,4,11,13,135,0
0,0,1,1,0,0,1,0,0,1,13502,6,3,2,14,5,900,1
0,0,1,1,0,1,0,0,1,0,14781,1,5,2,21,10,775,1
0,1,0,1,0,1,1,0,1,1,6513,12,6,2,7,16,540,1
0,0,1,0,0,1,1,0,1,1,9929,1,6,5,7,19,735,1
0,1,0,1,0,1,1,0,1,1,18275,6,6,3,17,1,460,2
0,0,1,0,0,1,1,0,1,1,4487,9,4,1,6,9,1640,1
0,0,0,1,1,0,1,1,1,0,2754,15,3,4,21,22,85,0
0,0,1,0,1,0,1,1,1,0,2575,27,3,2,6,7,80,0
0,1,0,0,0,1,0,0,1,0,8224,12,6,2,15,21,330,1
0,0,1,0,0,1,1,0,1,1,8991,9,3,5,20,8,705,1
0,0,0,1,0,1,1,0,1,1,5000,24,6,0,5,8,195,0
0,0,1,1,0,1,0,0,1,0,8529,12,6,2,18,19,1495,1
0,0,1,0,0,1,1,0,1,1,14042,3,3,6,6,9,1640,1
0,0,1,1,0,0,1,1,0,1,4030,24,5,4,11,14,175,0
0,0,1,1,0,1,0,0,1,0,10844,6,6,3,18,12,1025,1
0,0,0,1,0,1,0,0,1,0,4804,6,5,0,21,0,160,0
0,1,0,1,0,1,1,0,1,1,7308,27,5,0,17,1,480,1
0,0,0,1,0,0,1,1,0,1,4823,12,5,6,16,19,180,0
0,0,1,1,0,1,1,0,1,1,10262,24,6,0,9,12,1655,1
0,0,1,1,0,1,1,0,1,1,12898,27,5,0,20,4,450,1
0,0,1,0,0,0,1,0,0,1,12778,12,3,1,17,16,1375,2
0,0,0,1,0,1,1,0,1,1,14871,3,3,6,4,13,515,1
0,0,1,0,0,1,1,0,1,1,8708,21,3,3,13,19,1795,2
0,0,1,1,0,1,0,0,1,0,10844,6,6,3,20,18,1335,1
0,1,0,0,1,0,1,1,1,0,4129,6,3,2,5,7,80,0
0,0,0,1,0,1,0,0,1,0,4804,18,5,5,21,0,160,0
0,0,1,1,0,0,1,1,0,1,7229,6,5,0,8,11,180,0
0,0,1,1,0,0,1,0,0,1,7832,21,3,3,7,19,730,1
0,1,0,0,1,0,0,1,0,0,3859,18,3,0,9,12,155,0
0,1,0,1,0,1,1,0,1,1,9001,6,6,3,7,19,705,1
0,1,1,1,0,0,1,1,0,1,4878,9,5,3,17,19,155,0
0,0,0,1,1,0,1,1,1,0,2754,3,5,4,2,4,90,0
0,1,1,1,0,0,1,1,0,1,4668,27,6,3,7,9,160,0
1,0,0,0,0,1,0,0,1,0,5216,12,5,6,10,12,155,0
0,0,1,1,0,1,1,0,1,1,10368,6,6,3,5,4,1375,2
0,0,0,1,0,1,1,0,1,1,8146,9,3,5,6,21,880,2
0,0,1,1,0,1,1,0,1,1,12242,27,3,2,13,4,925,1
0,0,1,1,0,0,1,0,0,1,9134,15,3,4,8,15,435,1
0,0,1,0,0,1,1,0,1,1,10939,6,6,3,13,9,1210,2
0,0,1,0,0,1,1,0,1,1,11753,6,6,3,10,7,1245,2
0,1,0,0,0,1,0,0,1,0,4174,24,4,2,17,19,150,0
0,0,1,1,0,1,0,0,1,0,10844,21,5,1,20,19,1430,1
0,0,1,1,0,1,1,0,1,1,14714,3,6,0,16,19,1620,1
0,0,1,1,0,1,0,0,1,0,9899,12,6,2,6,12,330,1
0,0,0,1,0,1,1,0,1,1,14871,3,3,6,9,21,710,1
0,0,0,1,1,0,0,1,0,0,7295,6,3,2,13,15,135,0
0,0,1,0,0,1,1,0,1,1,13465,6,6,3,18,19,1470,2
0,1,0,0,1,0,0,1,0,0,3543,21,5,1,17,20,140,0
0,1,0,1,0,1,1,0,1,1,7198,27,6,3,19,1,390,1
0,0,1,1,0,1,1,0,1,1,10262,1,6,5,8,4,1225,1
0,0,0,1,0,1,0,0,1,0,4148,15,3,4,15,17,155,0
0,0,1,1,0,0,1,1,0,1,8016,27,6,3,15,18,175,0
0,0,1,1,0,1,1,0,1,1,10262,9,6,6,22,4,335,1
0,1,0,0,0,1,0,0,1,0,3841,15,6,5,14,17,150,0
0,0,1,1,0,0,1,0,0,1,11507,12,3,1,9,0,885,1
0,0,1,1,0,1,0,0,1,0,14781,1,5,2,8,20,740,1
0,0,1,1,0,1,1,0,1,1,16079,27,5,0,17,19,1530,1
0,0,1,1,0,1,1,0,1,1,12898,27,5,0,22,4,335,1
0,1,0,1,0,1,1,0,1,1,15353,6,3,2,7,19,705,1
0,0,0,1,0,0,1,0,0,1,7303,24,3,6,18,21,175,0
0,1,0,0,0,1,0,0,1,0,6197,24,3,6,15,20,340,1
0,0,1,0,0,1,0,0,1,0,8996,9,6,6,9,13,245,1
0,0,0,1,0,1,1,0,1,1,6528,21,3,3,14,22,480,1
0,1,1,0,0,0,1,1,0,1,4239,9,4,1,20,23,165,0
0,0,0,1,0,1,0,0,1,0,4148,12,3,1,20,23,160,0
0,1,0,0,0,0,1,1,0,1,3971,24,5,4,21,0,175,0
1,0,0,0,0,1,0,0,1,0,5192,6,5,0,7,23,955,1
0,0,1,1,0,1,1,0,1,1,9483,9,4,1,13,12,1390,2
0,0,1,1,0,1,1,0,1,1,18804,3,6,0,11,19,440,2
0,0,1,0,0,1,1,0,1,1,5201,18,6,1,5,8,170,0
0,0,1,1,0,1,1,0,1,1,16079,27,5,0,11,19,450,1
0,0,1,1,0,0,1,1,0,1,7229,15,6,5,19,22,180,0
0,1,0,1,0,1,1,0,1,1,6795,27,5,0,17,1,465,1
0,0,1,1,0,1,0,0,1,0,10953,9,5,3,9,10,1520,1
0,1,0,1,0,1,1,0,1,1,15965,24,6,0,15,1,625,2
0,0,1,0,0,1,1,0,1,1,9968,9,4,1,12,19,1820,2
0,0,0,1,0,1,0,0,1,0,4804,6,6,3,22,0,155,0
0,0,1,1,0,1,1,0,1,1,16079,27,5,0,10,19,540,1
0,0,1,1,0,1,1,0,1,1,11507,12,6,2,21,12,910,2
0,0,1,0,0,1,0,0,1,0,11542,9,6,6,9,13,1700,2
0,0,1,1,0,0,1,1,0,1,7229,24,4,2,17,20,180,0
0,0,1,1,0,0,1,1,0,1,4544,27,4,5,6,8,165,0
0,0,0,1,0,1,1,0,1,1,6496,15,5,2,5,10,295,1
0,0,0,1,0,1,0,0,1,0,4804,15,6,5,21,0,160,0
0,0,1,0,0,0,1,0,0,1,13439,1,3,4,11,9,1330,1
0,0,1,1,0,1,1,0,1,1,6540,27,3,2,18,4,610,1
0,0,0,1,0,0,1,1,0,1,4591,1,6,5,23,2,170,0
0,0,0,1,0,0,1,0,0,1,4437,18,3,0,16,20,260,1
1,0,0,0,0,1,1,0,1,1,6151,21,3,3,20,7,660,1
0,0,1,1,0,0,1,1,0,1,7754,21,6,4,17,20,180,0
0,0,1,1,0,1,1,0,1,1,10262,24,6,0,14,12,1355,1
0,0,1,1,0,0,1,1,0,1,8016,9,6,6,18,22,185,0
0,1,0,0,0,1,0,0,1,0,4781,24,3,6,6,9,160,0
0,1,1,1,0,0,1,1,0,1,4668,27,6,3,11,14,170,0
0,0,1,0,0,0,1,0,0,1,14594,6,3,2,11,8,1265,1
0,0,1,1,0,1,0,0,1,0,14231,24,3,6,16,4,710,1
0,0,1,0,0,1,1,0,1,1,8425,15,5,2,5,6,1535,1
0,1,0,1,0,1,1,0,1,1,9646,12,6,2,7,22,925,1
0,0,0,1,1,0,0,1,0,0,7295,3,3,6,14,17,145,0
1,0,0,0,0,1,0,0,1,0,5162,9,4,1,6,10,220,1
0,0,0,1,0,0,1,0,0,1,6860,9,3,5,18,21,175,0
0,1,1,1,0,1,1,0,1,1,6216,15,4,0,6,9,190,0
1,0,0,0,0,1,0,0,1,0,5192,24,5,4,7,19,710,1
0,0,0,1,0,0,1,1,0,1,4823,9,4,1,20,22,170,0
0,1,0,0,0,0,1,1,0,1,3919,3,4,2,9,12,170,0
0,0,0,1,1,0,1,1,1,0,2754,3,6,0,19,20,90,0
0,1,0,1,0,1,1,0,1,1,9315,9,5,3,7,19,690,1
0,1,0,1,0,1,1,0,1,1,11667,27,3,2,10,18,530,1
0,0,1,1,0,1,0,0,1,0,6224,12,6,2,8,4,1215,1
0,0,1,0,0,1,0,0,1,0,13349,24,3,6,9,5,1210,2
0,0,1,1,0,0,1,0,0,1,11087,18,3,0,16,9,965,1
0,1,0,1,0,1,1,0,1,1,15603,6,3,2,13,1,755,1
0,0,1,1,0,1,1,0,1,1,15129,9,5,3,19,12,1025,2
0,0,0,1,0,0,1,1,0,1,4823,9,4,1,16,19,180,0
0,1,1,1,0,1,0,0,1,0,8452,1,5,2,7,22,930,1
0,1,0,1,0,1,1,0,1,1,12524,6,6,3,7,19,690,1
0,1,0,0,1,0,0,1,0,0,3384,27,3,2,17,20,140,0
0,0,1,1,0,1,1,0,1,1,10262,1,6,5,19,19,1425,1
0,1,0,0,1,0,1,1,1,0,1965,18,6,1,13,14,90,0
0,0,0,1,0,1,0,0,1,0,4804,18,5,5,22,0,155,0
0,0,1,1,0,1,1,0,1,1,16079,27,5,0,18,19,1485,1
0,0,1,1,0,1,1,0,1,1,13292,1,6,5,21,19,1295,2
1,0,0,0,0,1,1,0,1,1,6751,9,5,3,7,13,330,1
0,0,1,0,0,1,1,0,1,1,8669,15,5,2,7,19,735,1
0,0,0,1,0,1,1,0,1,1,14871,3,3,6,17,1,485,1
0,0,1,1,0,1,1,0,1,1,12898,21,5,1,14,19,300,1
0,1,0,0,0,0,1,1,0,1,3919,6,6,3,9,12,170,0
0,1,0,1,0,1,1,0,1,1,36983,1,3,4,12,19,385,1
0,0,0,1,1,0,0,1,0,0,3597,3,6,0,19,21,140,0
0,0,1,0,0,0,1,0,0,1,10741,9,3,5,17,19,165,0
0,0,1,0,0,1,0,0,1,0,11432,6,6,3,16,5,765,2
0,0,1,1,0,0,1,0,0,1,11087,12,3,1,18,10,950,1
0,0,1,1,0,1,1,0,1,1,13292,3,6,0,9,12,1620,2
0,0,1,0,0,1,1,0,1,1,10493,15,6,5,5,7,1585,3
0,1,1,0,0,0,1,0,0,1,7631,9,3,5,7,10,175,0
0,0,1,0,0,1,1,0,1,1,13381,6,6,3,6,7,1490,2
0,0,1,1,0,1,0,0,1,0,13731,6,6,3,20,4,520,1
0,0,1,0,0,1,1,0,1,1,11911,21,5,1,5,7,1545,2
0,0,0,1,0,0,1,1,0,1,4591,18,4,3,23,2,170,0
0,1,0,1,0,1,1,0,1,1,14848,3,6,0,13,19,375,1
0,1,0,1,0,1,1,0,1,1,8266,12,6,2,8,19,630,1
0,0,1,0,0,1,1,0,1,1,12392,18,5,5,17,19,1560,2
0,0,1,1,0,1,0,0,1,0,13044,12,6,2,18,12,1025,1
0,0,1,1,0,1,1,0,1,1,12898,21,5,1,7,4,1280,1
0,0,1,1,0,1,1,0,1,1,12242,21,3,3,22,4,335,1
0,0,0,1,0,0,1,1,0,1,3943,18,5,5,10,13,170,0
0,1,1,1,0,1,0,0,1,0,11105,24,3,6,20,22,1550,1
0,0,1,1,0,1,0,0,1,0,14388,12,5,6,21,9,730,1
0,0,1,1,0,1,1,0,1,1,13014,18,5,5,19,12,1025,2
0,1,0,1,0,1,1,0,1,1,15411,6,3,2,10,18,510,1
0,0,1,1,0,1,1,0,1,1,16289,9,3,5,19,18,1385,1
0,0,0,1,0,1,1,0,1,1,6442,15,5,2,6,16,560,1
0,0,1,1,0,1,0,0,1,0,10844,18,5,5,8,16,475,1
0,0,1,1,1,0,1,1,1,0,5678,18,5,5,10,11,90,0
0,0,0,1,0,0,1,1,0,1,6906,12,4,4,23,2,170,0
0,1,0,0,1,0,0,1,0,0,3543,21,5,1,9,12,135,0
0,0,1,1,0,1,1,0,1,1,14714,6,6,3,9,19,600,1
1,0,0,1,0,0,1,0,0,1,11793,3,3,6,16,18,155,0
0,1,0,1,0,1,1,0,1,1,14323,15,5,2,11,19,465,1
0,1,0,0,0,0,1,1,0,1,3971,9,4,1,21,0,175,0
0,1,1,1,0,1,0,0,1,0,8452,6,5,0,20,22,1580,1
0,1,1,1,0,0,1,1,0,1,5403,12,4,4,7,9,160,0
0,1,0,1,0,1,1,0,1,1,13727,9,5,3,10,21,660,1
0,0,1,0,0,1,0,0,1,0,12639,1,4,0,10,5,1165,2
0,0,1,1,0,0,1,1,0,1,5198,18,4,3,15,18,175,0
0,1,1,1,0,0,1,1,0,1,4878,1,6,5,19,22,165,0
0,0,1,1,0,1,1,0,1,1,12373,18,5,5,19,19,1395,1
0,1,0,1,0,1,1,0,1,1,8552,3,3,6,7,16,540,1
0,1,1,1,0,1,1,0,1,1,6741,21,4,6,14,17,190,0
0,1,0,1,0,1,1,0,1,1,6481,9,4,1,12,19,385,1
0,1,0,1,0,1,1,0,1,1,7354,6,6,3,10,19,520,1
0,0,1,0,0,0,1,1,0,1,5228,21,4,6,21,23,170,0
0,0,1,1,0,1,0,0,1,0,10844,12,5,6,8,20,740,1
0,0,0,1,0,1,1,0,1,1,6347,18,5,5,6,12,320,1
0,0,1,0,0,0,1,0,0,1,5013,15,3,4,8,12,240,1
0,0,1,1,0,1,0,0,1,0,9663,9,6,6,18,4,585,1
0,0,0,1,0,0,1,1,0,1,4823,6,4,5,18,21,175,0
0,0,1,0,0,1,1,0,1,1,13381,24,6,0,16,19,1580,2
0,1,0,0,1,0,0,1,0,0,3543,1,6,5,9,12,135,0
0,0,1,1,0,1,0,0,1,0,9663,15,5,2,18,4,585,1
0,0,1,1,0,1,0,0,1,0,7064,1,4,0,18,19,1495,1
0,0,1,1,0,1,1,0,1,1,10262,9,6,6,7,19,715,1
0,0,1,0,0,1,1,0,1,1,13013,1,6,5,10,19,500,2
0,0,1,1,0,1,1,0,1,1,15339,27,6,3,19,12,1045,2
0,1,1,0,0,0,1,1,0,1,4937,18,4,3,11,14,170,0
0,0,0,1,0,1,1,0,1,1,6818,6,6,3,5,12,425,1
0,0,1,0,0,1,1,0,1,1,10441,18,5,5,22,19,1275,2
0,0,1,1,0,1,1,0,1,1,5177,3,4,2,14,19,300,1
0,0,0,1,1,0,0,1,0,0,3858,27,6,3,11,14,145,0
0,0,0,1,0,1,0,0,1,0,6534,18,5,5,21,2,315,1
0,1,0,1,0,1,1,0,1,1,6795,15,6,5,10,1,910,1
0,1,0,1,0,1,1,0,1,1,9736,3,6,0,7,19,705,1
0,0,1,1,0,0,1,1,0,1,7229,1,5,2,19,22,180,0
0,1,0,0,0,1,1,0,1,1,4957,24,4,2,17,22,295,1
0,0,0,1,0,0,1,0,0,1,7648,9,3,5,6,8,165,0
0,1,0,0,0,1,0,0,1,0,3873,15,6,5,14,17,150,0
0,0,1,1,0,1,0,0,1,0,14388,12,5,6,18,4,585,1
0,0,0,1,0,1,0,0,1,0,5618,6,3,2,17,19,160,0
0,1,0,1,0,1,1,0,1,1,7408,9,6,6,19,1,390,1
1,0,0,0,0,1,1,0,1,1,13774,3,3,6,16,22,330,1
0,1,1,1,0,0,1,1,0,1,4668,3,5,4,7,9,160,0
0,0,1,1,0,1,1,0,1,1,13082,21,3,3,18,4,2045,2
0,0,1,0,0,1,1,0,1,1,8669,3,6,0,3,19,925,1
0,0,0,1,0,1,1,0,1,1,6316,24,6,0,16,1,570,1
0,0,1,1,0,1,1,0,1,1,12583,6,3,2,22,4,365,1
0,1,1,1,0,0,1,0,0,1,7923,9,3,5,16,18,160,0
0,1,1,0,0,1,1,0,1,1,7378,3,3,6,7,12,350,1
0,1,1,1,0,0,1,1,0,1,4878,3,6,0,19,22,165,0
0,0,1,1,0,1,0,0,1,0,10844,18,5,5,16,19,1640,1
0,0,1,1,0,0,1,1,0,1,7229,3,4,2,8,11,180,0
0,1,0,0,0,1,1,0,1,1,6297,21,5,1,6,11,315,1
0,0,1,1,0,1,0,0,1,0,8529,12,6,2,20,12,960,1
0,1,0,1,0,1,1,0,1,1,13727,18,5,5,14,21,420,1
0,1,0,0,0,1,0,0,1,0,6643,24,5,4,8,17,520,1
0,1,0,1,0,1,1,0,1,1,10197,9,5,3,10,19,540,1
0,1,0,0,0,1,0,0,1,0,4911,21,4,6,22,0,140,0
0,0,0,1,1,0,0,1,0,0,6482,6,3,2,5,7,140,0
0,0,1,1,0,0,1,0,0,1,26890,1,3,4,8,15,380,1
0,0,0,1,0,1,0,0,1,0,3717,18,5,5,19,23,265,1
0,0,0,1,1,0,0,1,0,0,3597,1,6,5,13,15,140,0
0,0,1,0,0,0,1,0,0,1,10846,18,3,0,11,22,665,2
0,0,1,0,0,0,1,0,0,1,14069,1,3,4,5,22,1015,1
0,0,1,1,0,1,1,0,1,1,5177,1,4,0,22,12,825,1
0,0,1,0,0,1,1,0,1,1,14641,6,3,2,5,7,1545,2
0,0,0,1,0,1,1,0,1,1,6442,6,6,3,8,22,835,1
0,0,1,0,0,1,1,0,1,1,5704,21,3,3,17,23,315,1
0,0,1,1,0,1,0,0,1,0,9663,6,5,0,14,9,1155,1
0,0,1,1,0,1,1,0,1,1,14714,6,6,3,20,4,450,1
0,0,1,1,0,1,1,0,1,1,5406,1,4,0,10,19,540,1
0,1,1,1,0,1,0,0,1,0,8610,15,5,2,20,20,1440,1
0,0,1,1,0,1,1,0,1,1,14237,12,6,2,18,12,1090,2
0,0,0,1,0,0,1,1,0,1,4823,9,6,6,7,10,175,0
0,0,0,1,1,0,1,1,1,0,2227,27,3,2,20,21,90,0
0,0,1,1,0,1,1,0,1,1,12373,18,5,5,7,4,1280,1
0,0,1,0,0,1,1,0,1,1,8372,6,6,3,13,19,375,1
0,0,1,1,0,1,1,0,1,1,17024,3,3,6,13,4,870,1
0,0,1,0,1,0,1,1,1,0,3100,27,5,0,21,22,80,0
0,0,1,1,0,1,1,0,1,1,14053,9,3,5,6,19,775,1
0,0,0,1,1,0,0,1,0,0,3540,9,5,3,5,7,145,0
0,1,1,1,0,1,0,0,1,0,9345,21,5,1,20,18,1350,1
0,0,1,1,0,1,1,0,1,1,10368,1,6,5,5,4,1375,2
0,0,1,1,0,0,1,0,0,1,26890,1,3,4,7,12,325,1
0,1,0,0,1,0,1,1,1,0,5755,9,3,5,8,10,85,0
0,0,1,1,0,0,1,0,0,1,7832,21,3,3,8,16,435,1
0,0,1,1,0,1,0,0,1,0,14388,6,5,0,8,20,740,1
0,0,1,0,0,1,1,0,1,1,8839,27,6,3,13,9,1210,2
0,0,1,0,0,1,1,0,1,1,22096,3,3,6,22,19,1275,2
0,1,1,1,1,0,0,1,0,0,3687,27,5,0,7,9,135,0
0,1,0,1,0,1,1,0,1,1,9627,15,5,2,8,19,630,1
0,1,0,1,0,1,1,0,1,1,13542,21,3,3,11,1,845,1
0,0,0,1,0,0,1,1,0,1,4423,27,4,5,4,6,170,0
0,0,0,1,0,1,1,0,1,1,8899,3,3,6,4,21,985,2
0,1,0,0,0,1,1,0,1,1,5583,21,4,6,6,11,315,1
1,0,0,0,0,1,1,0,1,1,6752,27,5,0,16,6,830,1
0,1,0,0,1,0,0,1,0,0,3543,21,5,1,8,10,135,0
0,0,1,1,0,0,1,0,0,1,7832,21,3,3,8,15,435,1
0,0,1,0,0,1,0,0,1,0,10991,1,5,2,5,8,1625,2
0,0,1,1,0,1,1,0,1,1,12898,27,5,0,9,12,1655,1
0,0,1,1,0,1,1,0,1,1,12898,27,5,0,14,19,300,1
0,1,1,0,0,0,1,1,0,1,3398,24,5,4,11,14,170,0
0,0,1,0,0,1,1,0,1,1,5201,24,4,2,5,8,170,0
0,0,1,0,0,1,0,0,1,0,13873,6,5,0,10,1,920,2
0,0,1,0,0,1,1,0,1,1,7384,15,6,5,17,23,320,1
0,0,1,1,0,1,1,0,1,1,10262,6,6,3,18,4,610,1
0,0,1,1,0,1,0,0,1,0,10031,24,3,6,8,12,1655,1
0,0,1,1,0,1,0,0,1,0,12384,6,5,0,9,19,575,1
0,0,1,1,0,1,0,0,1,0,7757,9,5,3,14,18,1690,1
0,0,1,1,0,0,1,0,0,1,17261,6,3,2,21,11,840,1
0,1,0,0,1,0,0,1,0,0,7298,1,3,4,9,12,155,0
0,0,1,1,0,0,1,1,0,1,7229,6,4,5,15,18,175,0
0,0,0,1,0,1,0,0,1,0,4174,1,4,0,4,7,155,0
0,0,0,1,0,1,0,0,1,0,5699,18,5,5,17,22,280,1
0,0,1,0,0,1,0,0,1,0,4880,24,4,2,14,16,150,0
0,0,1,0,0,1,1,0,1,1,15284,6,3,2,8,19,675,1
0,0,1,1,0,1,0,0,1,0,13759,24,3,6,8,16,475,1
0,1,1,1,0,1,0,0,1,0,16092,24,3,6,9,18,530,1
0,0,0,1,1,0,1,1,1,0,4392,9,3,5,6,7,85,0
0,0,1,1,0,1,1,0,1,1,10262,24,6,0,20,12,940,1
0,1,0,0,0,1,0,0,1,0,3841,12,6,2,6,9,155,0
0,1,1,0,0,0,1,1,0,1,5048,1,6,5,7,10,175,0
0,0,1,0,0,1,0,0,1,0,11096,21,5,1,7,20,805,1
0,0,0,1,0,1,1,0,1,1,5073,24,4,2,7,12,275,1
0,0,1,1,0,1,1,0,1,1,19828,3,3,6,9,4,1110,1
0,1,1,1,1,0,0,1,0,0,3739,21,3,3,7,9,135,0
0,0,1,0,0,1,1,0,1,1,10598,9,3,5,5,19,2295,2
0,0,1,1,0,0,1,1,0,1,7229,15,6,5,18,22,185,0
0,1,1,1,0,1,0,0,1,0,8610,1,4,0,17,18,1550,1
0,1,1,1,0,1,1,0,1,1,6216,9,5,3,14,17,190,0
0,0,1,0,0,0,1,1,0,1,6961,9,6,6,13,16,170,0
0,0,1,1,0,1,0,0,1,0,10703,6,5,0,9,21,690,1
0,0,1,1,0,1,0,0,1,0,14151,15,5,2,17,23,395,1
0,0,1,1,0,1,0,0,1,0,8586,9,5,3,6,10,1655,1
0,0,0,1,0,1,0,0,1,0,4488,12,4,4,20,22,155,0
0,1,0,1,0,1,1,0,1,1,7408,15,6,5,18,1,450,1
0,0,1,1,0,1,1,0,1,1,5443,18,4,3,11,14,195,0
0,0,1,1,0,1,0,0,1,0,10539,12,6,2,9,19,575,1
0,1,0,1,0,1,1,0,1,1,7723,1,6,5,13,1,750,1
0,1,0,1,0,1,1,0,1,1,15411,6,3,2,7,18,680,1
0,0,1,1,0,0,1,1,0,1,7229,21,5,1,7,10,180,0
0,0,0,1,0,1,0,0,1,0,4804,21,6,4,20,22,155,0
0,0,1,1,1,0,1,1,1,0,4050,3,3,6,2,4,90,0
0,0,1,1,0,1,0,0,1,0,14151,18,5,5,17,19,1570,1
0,1,0,0,0,1,1,0,1,1,4957,6,4,5,17,22,295,1
0,0,1,0,0,0,1,0,0,1,7591,3,3,6,21,23,165,0
0,0,1,1,0,1,0,0,1,0,11134,24,3,6,13,22,520,1
0,0,0,1,0,1,1,0,1,1,6600,27,5,0,5,12,425,1
0,0,1,0,0,0,1,0,0,1,4966,9,3,5,21,23,165,0
0,0,1,0,0,1,1,0,1,1,15481,1,6,5,6,7,1490,2
0,1,0,0,0,1,0,0,1,0,5515,1,3,4,22,0,140,0
0,0,1,1,0,1,1,0,1,1,14714,15,6,5,8,19,660,1
0,1,1,0,0,1,1,0,1,1,4959,15,6,5,10,19,540,1
0,0,1,1,0,0,1,1,0,1,7229,21,4,6,11,14,175,0
0,0,1,0,0,1,1,0,1,1,6094,15,5,2,18,21,185,0
1,0,0,0,0,1,0,0,1,0,4409,24,4,2,10,12,155,0
0,1,0,1,0,1,1,0,1,1,9794,18,5,5,6,19,780,1
0,0,1,1,1,0,1,1,1,0,5678,3,4,2,2,4,85,0
0,0,0,1,0,1,1,0,1,1,6442,15,6,5,8,16,455,1
0,1,1,1,0,0,1,1,0,1,4878,18,5,5,7,9,160,0
0,0,1,1,0,1,0,0,1,0,12446,24,3,6,21,10,775,1
0,0,1,1,0,1,1,0,1,1,16704,9,5,3,23,4,1760,2
0,0,1,1,0,0,1,0,0,1,9134,15,3,4,5,10,300,1
0,0,1,1,0,1,0,0,1,0,8586,15,5,2,20,4,520,1
0,0,1,1,0,0,1,1,0,1,7229,1,6,5,7,10,180,0
0,0,1,1,0,0,1,1,0,1,6144,21,4,6,7,10,180,0
0,0,1,0,0,0,1,1,0,1,6961,18,5,5,10,12,165,0
0,0,1,1,0,1,0,0,1,0,10844,9,5,3,16,4,730,1
0,0,0,1,1,0,0,1,0,0,3597,21,5,1,19,21,140,0
0,1,0,0,0,0,1,0,0,1,7139,21,3,3,10,18,475,1
0,0,1,0,1,0,1,1,1,0,25139,6,3,2,9,15,1775,2
0,0,1,1,0,1,1,0,1,1,10368,1,6,5,9,12,1615,2
0,0,1,0,0,1,1,0,1,1,5117,6,4,5,20,9,765,1
0,1,0,1,0,1,1,0,1,1,9211,18,5,5,11,19,455,1
0,1,0,0,0,1,0,0,1,0,4174,15,4,0,17,19,150,0
0,1,0,1,0,1,1,0,1,1,10786,27,5,0,7,19,705,1
0,0,1,1,0,0,1,0,0,1,9134,15,3,4,8,7,1420,1
0,0,1,1,0,1,1,0,1,1,13376,1,6,5,14,4,830,2
0,0,1,0,0,0,1,0,0,1,6955,21,3,3,22,10,770,1
0,0,1,1,0,1,0,0,1,0,10844,9,5,3,8,18,590,1
1,0,0,0,0,1,0,0,1,0,3807,1,4,0,19,22,150,0
0,0,1,1,0,1,0,0,1,0,9663,1,5,2,14,12,1315,1
0,0,1,1,0,1,1,0,1,1,12373,9,5,3,2,4,1570,1
0,1,0,0,0,0,1,1,0,1,4991,1,5,2,21,0,175,0
0,0,1,0,0,1,1,0,1,1,6745,21,3,3,23,19,1215,1
0,0,1,1,0,1,1,0,1,1,10262,15,6,5,22,19,1210,1
0,0,1,1,0,1,1,0,1,1,6540,27,3,2,17,4,655,1
0,1,0,0,0,1,0,0,1,0,3873,6,4,5,17,19,150,0
0,0,1,1,0,1,1,0,1,1,15554,9,5,3,21,19,1270,1
0,0,0,1,0,1,0,0,1,0,4804,27,5,0,20,22,155,0
0,0,1,1,0,1,1,0,1,1,7438,27,3,2,23,19,1240,1
1,0,0,0,0,0,1,1,0,1,6181,3,5,4,4,7,170,0
0,1,0,1,0,1,1,0,1,1,9424,1,5,2,19,1,390,1
0,0,1,0,0,0,1,0,0,1,12725,12,3,1,17,23,1800,2
0,0,1,0,0,0,1,0,0,1,6046,15,3,4,8,21,790,1
0,1,0,0,0,0,1,1,0,1,3971,15,6,5,21,0,175,0
0,0,1,1,0,1,0,0,1,0,12692,6,6,3,20,14,1080,1
0,0,0,1,0,1,1,0,1,1,7451,6,3,2,14,22,480,1
0,0,1,1,0,0,1,0,0,1,13817,12,3,1,22,7,525,1
0,0,1,1,0,1,0,0,1,0,10703,6,5,0,9,22,750,1
0,0,1,1,0,0,1,0,0,1,13817,12,3,1,21,10,800,1
0,0,1,1,0,0,1,0,0,1,27210,15,3,4,22,5,370,1
0,0,1,1,0,1,0,0,1,0,13941,18,5,5,21,4,450,1
0,0,1,0,0,0,1,0,0,1,10246,1,3,4,17,12,1155,1
0,0,0,1,0,1,0,0,1,0,4804,6,5,0,17,19,155,0
1,0,0,0,0,1,0,0,1,0,6810,6,6,3,22,10,720,1
0,0,1,1,0,0,1,1,0,1,5198,1,5,2,8,11,180,0
0,1,1,1,0,0,1,1,0,1,5613,3,5,4,21,23,170,0
0,0,0,1,1,0,1,1,1,0,4784,3,3,6,21,22,85,0
0,0,1,1,0,1,1,0,1,1,5406,21,3,3,19,18,1385,1
0,0,1,0,0,0,1,1,0,1,5228,27,4,5,13,16,170,0
0,0,1,1,0,1,1,0,1,1,12898,27,5,0,20,19,1325,1
0,0,1,0,1,0,0,1,0,0,4667,15,6,5,11,13,135,0
0,0,1,1,0,1,0,0,1,0,14781,21,5,1,14,19,345,1
0,1,1,1,0,0,1,1,0,1,5403,21,4,6,9,12,170,0
0,0,1,1,0,1,0,0,1,0,9899,12,6,2,14,23,570,1
0,0,1,1,0,1,1,0,1,1,13029,21,5,1,19,4,535,2
0,1,1,1,0,1,0,0,1,0,9187,18,5,5,17,10,1065,1
0,0,0,1,0,0,1,1,0,1,4823,24,5,4,20,22,170,0
0,0,1,0,0,1,1,0,1,1,8665,27,3,2,21,19,1305,2
0,0,0,1,0,1,1,0,1,1,14871,6,3,2,8,21,755,1
0,0,0,1,1,0,1,1,1,0,4049,21,6,4,6,7,90,0
0,0,1,0,1,0,0,1,0,0,4667,12,6,2,11,13,135,0
0,0,0,1,0,1,0,0,1,0,4226,9,4,1,19,23,235,1
0,0,1,0,0,0,1,0,0,1,7591,3,3,6,6,8,165,0
0,0,1,1,0,0,1,0,0,1,19225,6,3,2,5,13,450,1
0,0,1,1,0,1,1,0,1,1,12898,27,5,0,19,12,1040,1
0,0,0,1,1,0,1,1,1,0,2754,9,6,6,12,13,90,0
0,1,0,0,1,0,1,1,1,0,1965,3,5,4,13,14,90,0
0,0,1,0,0,1,0,0,1,0,12835,24,3,6,16,23,1830,2
1,0,1,0,0,0,1,0,0,1,52229,1,3,4,5,10,300,1
0,1,0,1,0,1,1,0,1,1,14533,15,5,2,8,19,675,1
0,1,1,1,0,0,1,1,0,1,4668,24,6,0,9,12,170,0
0,0,1,1,0,1,1,0,1,1,11822,9,4,1,17,12,1145,1
0,0,1,1,0,1,1,0,1,1,6017,27,3,2,21,4,395,1
0,0,1,1,0,1,1,0,1,1,14714,9,6,6,11,19,450,1
0,1,0,0,1,0,0,1,0,0,3597,9,6,6,8,10,135,0
1,0,0,0,0,0,1,1,0,1,3383,24,4,2,11,13,165,0
0,0,1,0,0,1,0,0,1,0,11642,18,5,5,16,5,765,2
0,1,1,1,0,0,1,1,0,1,5403,27,4,5,21,23,170,0
0,0,1,0,0,1,1,0,1,1,14221,3,3,6,16,19,1595,2
0,0,1,1,0,1,0,0,1,0,8586,18,5,5,21,10,775,1
0,0,0,1,1,0,1,1,1,0,4049,12,6,2,9,10,90,0
0,0,1,1,0,1,1,0,1,1,10262,3,6,0,19,4,520,1
0,1,0,1,0,1,1,0,1,1,7888,21,5,1,7,21,840,1
0,0,1,0,0,1,1,0,1,1,8236,21,3,3,19,19,1410,2
0,0,1,0,0,1,1,0,1,1,12961,6,6,3,13,19,1795,2
0,0,1,1,0,1,0,0,1,0,8586,9,5,3,6,4,1330,1
0,0,0,1,0,1,0,0,1,0,5279,18,5,5,8,13,290,1
0,1,1,0,0,0,1,1,0,1,3419,18,6,1,20,23,165,0
0,0,1,1,0,1,1,0,1,1,13292,15,6,5,5,19,810,2
0,0,1,1,0,1,0,0,1,0,13067,15,5,2,20,9,800,1
0,0,0,1,1,0,0,1,0,0,3597,3,5,4,13,15,140,0
0,0,1,1,0,1,1,0,1,1,15554,18,5,5,7,19,715,1
0,0,0,1,0,1,1,0,1,1,6027,15,5,2,17,22,310,1
0,0,1,1,0,1,0,0,1,0,14781,9,5,3,6,18,705,1
0,0,0,1,0,0,1,1,0,1,3943,27,5,0,21,0,180,0
0,1,1,0,0,1,1,0,1,1,5842,12,6,2,7,13,370,1
0,0,0,1,1,0,0,1,0,0,4326,15,3,4,5,7,140,0
0,1,0,1,0,1,1,0,1,1,8937,1,6,5,8,19,645,1
0,0,1,0,1,0,0,1,0,0,3670,21,3,3,11,13,135,0
0,0,0,1,0,0,1,1,0,1,4823,18,6,1,18,21,175,0
0,0,1,1,1,0,1,1,1,0,2071,3,4,2,19,21,90,0
0,1,0,1,0,1,1,0,1,1,6093,27,6,3,14,22,455,1
0,1,1,1,0,1,0,0,1,0,11682,24,3,6,20,22,1595,1
0,0,0,1,0,0,1,0,0,1,7774,3,3,6,5,10,285,1
0,0,1,1,0,1,0,0,1,0,13067,12,5,6,17,14,1285,1
0,0,0,1,0,1,1,0,1,1,7514,27,5,0,7,16,515,1
0,1,0,1,0,1,1,0,1,1,6838,9,4,1,17,1,510,1
0,0,0,1,1,0,0,1,0,0,3858,18,3,0,13,15,135,0
0,1,0,1,0,1,1,0,1,1,6795,15,6,5,12,1,760,1
0,0,1,1,0,1,1,0,1,1,16263,27,5,0,20,4,505,2
0,0,1,0,0,1,0,0,1,0,8576,9,5,3,16,18,1540,1
0,0,1,0,0,0,1,1,0,1,5228,6,5,0,10,12,165,0
0,0,1,1,0,1,1,0,1,1,16704,1,5,2,23,4,1760,2
0,0,0,1,0,1,0,0,1,0,8872,24,3,6,20,23,160,0
0,1,1,0,0,0,1,1,0,1,3898,3,5,4,11,14,170,0
0,1,0,0,1,0,0,1,0,0,3332,21,3,3,17,20,140,0
0,0,1,1,0,1,0,0,1,0,5608,21,5,1,10,17,435,1
0,0,1,1,0,1,0,0,1,0,13941,9,5,3,8,4,1215,1
0,1,0,1,0,1,1,0,1,1,9100,21,3,3,7,19,705,1
0,1,1,1,0,0,1,1,0,1,4878,15,6,5,17,19,155,0
0,0,0,1,0,1,1,0,1,1,6416,1,6,5,7,21,810,1
0,1,0,0,1,0,1,1,1,0,2017,12,5,6,5,7,90,0
0,0,1,1,0,1,1,0,1,1,10976,27,3,2,19,19,1475,2
0,0,1,1,0,1,0,0,1,0,10031,24,3,6,19,16,1235,1
0,0,0,1,0,1,0,0,1,0,4462,18,3,0,5,8,170,0
0,0,0,1,0,1,1,0,1,1,5073,1,4,0,7,12,275,1
0,0,0,1,1,0,0,1,0,0,4326,27,3,2,5,7,140,0
1,0,1,1,0,1,1,0,1,1,10161,21,3,3,7,19,705,1
0,0,0,1,1,0,1,1,1,0,3175,12,6,2,16,18,90,0
0,1,1,1,0,1,0,0,1,0,12312,24,3,6,20,9,770,1
0,0,1,1,0,1,1,0,1,1,12604,21,3,3,18,18,1470,2
0,1,0,1,0,1,1,0,1,1,10877,15,6,5,7,19,690,1
0,0,0,1,0,1,0,0,1,0,4226,18,5,5,6,10,240,1
0,0,1,1,0,1,1,0,1,1,5406,6,4,5,8,19,660,1
0,0,0,1,0,1,1,0,1,1,8618,15,5,2,2,7,325,1
0,0,0,1,0,1,0,0,1,0,4174,18,4,3,17,19,155,0
0,1,1,0,0,1,1,0,1,1,10651,1,6,5,14,19,310,1
0,0,1,1,0,1,1,0,1,1,5963,21,3,3,18,4,610,1
0,0,1,1,0,1,1,0,1,1,10368,12,6,2,9,12,1615,2
0,0,0,1,1,0,1,1,1,0,7681,6,3,2,15,23,435,1
0,1,0,1,0,1,1,0,1,1,7485,21,5,1,12,21,490,1
0,0,1,1,0,0,1,1,0,1,4544,3,4,2,15,18,175,0
0,1,0,0,0,1,0,0,1,0,4649,15,4,0,15,20,315,1
0,1,1,1,1,0,0,1,0,0,11982,12,5,6,17,20,140,0
0,0,1,1,1,0,1,1,1,0,4995,24,6,0,7,8,85,0
0,0,0,1,0,1,0,0,1,0,5069,9,5,3,8,13,290,1
0,1,0,0,0,1,0,0,1,0,3873,1,6,5,22,0,140,0
0,1,0,0,0,1,0,0,1,0,3873,27,4,5,22,0,140,0
0,0,1,0,0,1,1,0,1,1,8907,27,5,0,9,23,795,1
0,0,1,1,0,1,0,0,1,0,10844,9,6,6,21,16,1150,1
0,0,1,1,0,1,0,0,1,0,10844,15,5,2,21,19,1360,1
0,0,1,1,0,1,0,0,1,0,9663,6,5,0,21,12,890,1
0,0,1,1,0,1,1,0,1,1,13292,1,6,5,21,12,910,2
0,0,1,1,0,1,1,0,1,1,14441,12,6,2,5,12,425,2
0,0,1,1,1,0,1,1,1,0,4050,9,6,6,2,4,85,0
0,0,0,1,0,0,1,0,0,1,6144,9,3,5,21,0,175,0
0,0,0,1,0,1,1,0,1,1,14871,6,3,2,7,15,480,1
1,0,0,0,0,0,1,1,0,1,4483,18,4,3,11,13,165,0
0,0,0,1,0,1,1,0,1,1,6979,15,5,2,10,1,895,1
0,0,1,1,1,0,1,1,1,0,8040,27,6,3,10,11,90,0
0,0,0,1,0,1,1,0,1,1,7048,1,6,5,9,1,975,1
0,1,0,0,0,0,1,1,0,1,3573,27,6,3,9,12,170,0
0,0,0,1,0,1,1,0,1,1,5054,27,5,0,16,21,300,1
0,0,1,0,0,1,1,0,1,1,8582,1,6,5,21,19,1335,1
1,0,0,0,0,1,1,0,1,1,8759,9,6,6,7,13,330,1
0,0,0,1,0,1,1,0,1,1,6442,27,4,5,7,16,515,1
0,0,1,0,0,1,1,0,1,1,8879,18,5,5,3,19,925,1
0,0,1,1,0,1,0,0,1,0,10031,24,3,6,21,18,1260,1
0,0,1,1,0,1,1,0,1,1,10368,3,6,0,5,19,810,2
0,0,0,1,0,0,1,1,0,1,3943,24,6,0,13,15,170,0
0,0,0,1,0,1,1,0,1,1,14871,3,3,6,4,11,405,1
0,0,1,1,1,0,1,1,1,0,4995,18,6,1,8,10,90,0
0,1,0,1,0,1,1,0,1,1,10791,24,6,0,10,19,520,1
0,1,0,0,1,0,1,1,1,0,2753,3,6,0,5,7,90,0
0,0,0,1,0,0,1,1,0,1,4423,9,4,1,10,13,170,0
1,0,0,0,0,1,0,0,1,0,4409,27,5,0,10,12,155,0
0,0,1,0,0,1,0,0,1,0,6117,9,5,3,19,11,965,1
0,0,1,1,0,1,1,0,1,1,15129,21,5,1,19,19,1430,2
0,1,1,1,0,1,0,0,1,0,9345,6,6,3,20,23,1625,1
0,1,1,1,0,1,0,0,1,0,8085,9,5,3,7,23,975,1
0,0,1,1,0,1,1,0,1,1,15554,6,5,0,13,4,925,1
0,1,0,0,0,0,1,1,0,1,3573,21,5,1,9,12,170,0
0,1,0,1,0,1,1,0,1,1,17073,3,3,6,17,1,515,1
0,1,0,1,0,1,1,0,1,1,6795,9,6,6,11,1,830,1
0,1,1,1,0,0,1,0,0,1,5403,21,3,3,7,9,160,0
0,0,0,1,1,0,0,1,0,0,3540,15,5,2,5,7,145,0
0,1,1,1,0,1,1,0,1,1,6216,24,4,2,14,17,190,0
0,0,1,1,0,0,1,1,0,1,3359,21,5,1,15,18,175,0
0,0,1,1,0,1,0,0,1,0,10844,24,5,4,18,23,1720,1
0,0,1,0,0,0,1,1,0,1,6961,15,6,5,13,16,170,0
1,0,0,0,0,1,0,0,1,0,4107,3,4,2,10,12,155,0
0,1,0,1,0,1,1,0,1,1,13069,21,3,3,9,18,580,1
0,0,1,1,0,1,1,0,1,1,13357,24,6,0,11,4,1000,2
0,0,0,1,0,1,1,0,1,1,6938,1,6,5,16,22,380,1
0,0,1,1,0,1,1,0,1,1,13292,27,6,3,9,12,1620,2
0,0,1,0,0,0,1,0,0,1,26743,1,3,4,8,23,875,2
0,1,0,1,0,1,1,0,1,1,13568,21,3,3,6,18,730,1
0,1,0,1,0,1,1,0,1,1,15353,6,3,2,11,19,455,1
0,0,0,1,1,0,0,1,0,0,3597,15,5,2,14,17,140,0
0,0,1,1,0,1,0,0,1,0,10031,24,3,6,21,16,1150,1
0,0,1,0,0,1,0,0,1,0,14687,9,5,3,9,5,1200,2
0,0,1,1,0,0,1,1,0,1,7229,6,6,3,19,22,180,0
0,1,1,0,0,1,1,0,1,1,10188,9,5,3,14,19,310,1
0,1,1,1,0,0,1,0,0,1,7398,9,3,5,7,9,160,0
0,0,1,1,0,1,1,0,1,1,16704,18,5,5,13,19,1775,2
0,0,0,1,0,0,1,0,0,1,8153,1,3,4,16,21,295,1
0,0,1,1,0,0,1,1,0,1,7229,9,4,1,7,10,180,0
0,1,0,1,0,1,1,0,1,1,6943,27,5,0,13,1,750,1
0,1,0,1,0,1,1,0,1,1,8937,1,6,5,6,19,755,1
0,0,1,0,0,1,1,0,1,1,9400,3,3,6,7,9,1580,2
0,1,1,1,0,1,0,0,1,0,13152,24,3,6,7,20,795,1
0,0,0,1,0,0,1,1,0,1,3419,1,6,5,22,1,170,0
0,1,1,1,0,1,0,0,1,0,7927,12,6,2,20,9,765,1
0,0,1,0,0,0,1,0,0,1,9796,15,3,4,5,22,980,2
0,1,1,1,0,0,1,0,0,1,8028,3,3,6,11,14,160,0
0,1,0,1,0,1,1,0,1,1,10759,6,3,2,13,21,495,2
0,1,0,1,0,1,1,0,1,1,10197,21,5,1,7,19,720,1
0,0,1,0,0,0,1,1,0,1,5228,1,6,5,21,23,170,0
0,1,0,1,0,1,1,0,1,1,9275,18,5,5,10,21,660,1
0,0,0,1,1,0,0,1,0,0,5277,3,3,6,22,0,140,0
0,0,1,1,0,1,1,0,1,1,13848,18,5,5,14,4,830,2
0,0,0,1,0,1,1,0,1,1,6412,15,5,2,14,22,490,1
0,0,1,1,0,1,0,0,1,0,13941,18,5,5,16,4,730,1
0,1,1,1,0,0,1,1,0,1,4668,6,5,0,7,9,160,0
0,0,0,1,0,0,1,1,0,1,3419,18,6,1,1,4,165,0
0,0,0,1,0,0,1,1,0,1,3943,6,4,5,22,1,170,0
0,0,1,0,0,1,0,0,1,0,6528,24,5,4,14,14,1440,1
0,0,1,1,0,0,1,1,0,1,7229,21,5,1,17,20,180,0
0,1,0,1,0,1,1,0,1,1,13542,21,3,3,13,1,755,1
0,0,1,1,0,1,0,0,1,0,8529,12,6,2,18,20,1550,1
0,0,1,1,0,0,1,1,0,1,8016,21,6,4,15,18,175,0
0,0,1,1,0,1,1,0,1,1,13029,9,5,3,19,12,1025,2
0,0,1,1,0,1,1,0,1,1,15129,9,5,3,23,4,1760,2
0,0,1,1,0,1,1,0,1,1,10368,9,6,6,19,4,535,2
0,0,1,0,0,1,1,0,1,1,8666,3,3,6,18,21,185,0
0,0,1,1,0,1,1,0,1,1,15554,18,5,5,10,19,540,1
0,0,1,1,0,0,1,0,0,1,26890,1,3,4,5,16,625,1
0,0,1,1,0,1,0,0,1,0,13067,21,5,1,17,9,1005,1
0,0,1,1,0,0,1,1,0,1,4544,1,4,0,6,8,165,0
0,1,1,1,0,1,0,0,1,0,8452,21,5,1,20,22,1580,1
0,1,0,1,0,1,1,0,1,1,7268,27,6,3,6,19,795,1
0,1,0,1,0,1,1,0,1,1,9627,9,5,3,8,19,630,1
0,1,0,1,0,1,1,0,1,1,9103,9,5,3,11,19,455,1
0,1,0,1,0,1,1,0,1,1,11142,9,4,1,8,19,660,1
0,0,0,1,0,1,0,0,1,0,4148,9,3,5,5,8,170,0
0,0,1,1,0,1,0,0,1,0,10844,18,5,5,16,18,1545,1
0,1,0,1,0,1,1,0,1,1,9646,6,6,3,9,16,385,1
0,0,0,1,1,0,1,1,1,0,12475,1,3,4,12,13,85,0
0,0,1,1,0,1,1,0,1,1,15554,18,5,5,22,19,1210,1
0,0,1,1,0,1,1,0,1,1,10262,27,6,3,7,19,715,1
0,0,1,0,0,0,1,1,0,1,6961,12,6,2,13,16,170,0
0,0,1,1,0,1,1,0,1,1,10262,15,6,5,14,19,300,1
0,0,1,1,0,1,1,0,1,1,10262,27,6,3,16,19,1620,1
0,0,0,1,0,0,1,1,0,1,3943,9,5,3,23,2,170,0
0,0,1,0,1,0,1,1,1,0,3625,24,5,4,19,20,75,0
0,1,0,1,0,1,1,0,1,1,13378,21,3,3,9,19,615,1
0,0,1,1,0,1,1,0,1,1,13882,15,6,5,11,12,1490,2
0,0,0,1,0,0,1,1,0,1,3943,18,6,1,5,8,170,0
0,0,1,0,0,1,0,0,1,0,14687,15,5,2,9,5,1200,2
1,0,0,0,0,1,1,0,1,1,6451,27,5,0,7,13,330,1
0,1,1,1,0,0,1,1,0,1,4878,9,6,6,19,22,165,0
0,0,0,1,0,1,1,0,1,1,8542,9,5,3,18,1,415,1
0,0,0,1,0,1,0,0,1,0,4804,24,5,4,9,12,165,0
0,0,0,1,0,1,0,0,1,0,6711,6,6,3,21,2,315,1
0,1,0,1,0,1,1,0,1,1,16108,15,6,5,13,19,375,1
0,0,0,1,0,0,1,1,0,1,3943,6,6,3,0,3,170,0
0,0,1,0,0,1,0,0,1,0,15422,24,5,4,10,5,1165,2
0,0,0,1,0,0,1,0,0,1,5694,24,3,6,21,0,175,0
0,0,1,1,0,1,0,0,1,0,12681,1,4,0,8,19,685,1
0,0,1,1,0,1,0,0,1,0,8586,1,5,2,20,10,845,1
0,0,0,1,0,0,1,0,0,1,6144,3,3,6,0,3,165,0
0,0,0,1,0,1,1,0,1,1,6015,27,4,5,5,8,195,0
0,1,0,1,0,1,1,0,1,1,7155,27,6,3,4,19,860,1
0,0,1,1,0,1,0,0,1,0,12692,12,6,2,9,22,750,1
0,0,1,0,0,1,1,0,1,1,8277,18,5,5,17,23,320,1
0,0,1,0,0,1,1,0,1,1,9347,9,5,3,7,9,1580,2
0,0,1,0,0,1,1,0,1,1,4939,15,3,4,18,21,185,0
0,0,1,1,1,0,1,1,1,0,5678,12,3,1,19,21,90,0
0,0,1,1,0,1,0,0,1,0,10844,6,6,3,16,23,425,1
0,0,1,1,0,0,1,0,0,1,7280,21,3,3,9,15,370,1
0,1,0,1,0,1,1,0,1,1,7618,21,3,3,13,21,480,1
0,1,0,1,0,1,1,0,1,1,15147,6,3,2,8,21,725,1
0,0,1,1,0,1,0,0,1,0,13941,18,5,5,21,10,775,1
0,0,1,1,0,1,0,0,1,0,11467,1,4,0,9,19,575,1
0,1,0,1,0,1,1,0,1,1,6270,27,6,3,10,1,910,1
0,1,0,1,0,1,1,0,1,1,17057,3,3,6,13,1,700,1
0,0,1,1,0,0,1,1,0,1,8016,3,6,0,15,18,175,0
0,1,0,0,0,1,1,0,1,1,4760,27,6,3,8,13,270,1
0,1,0,0,0,1,0,0,1,0,3815,21,3,3,6,9,160,0
0,1,0,0,0,1,0,0,1,0,4174,1,5,2,17,19,150,0
0,0,1,1,0,1,0,0,1,0,12692,6,6,3,9,9,1450,1
0,0,1,0,0,1,0,0,1,0,15532,15,5,2,9,13,1700,2
0,0,1,1,1,0,1,1,1,0,4995,6,6,3,7,8,85,0
0,0,1,1,0,1,1,0,1,1,12898,27,5,0,18,4,610,1
0,1,0,1,0,1,1,0,1,1,9794,9,5,3,7,19,690,1
0,0,1,0,0,0,1,1,0,1,5228,15,5,2,13,16,170,0
0,0,1,1,0,1,1,0,1,1,10262,27,6,3,22,12,825,1
0,1,0,1,0,1,1,0,1,1,9646,24,6,0,9,16,385,1
0,0,1,1,0,1,0,0,1,0,15149,15,5,2,21,10,775,1
0,0,0,1,0,1,0,0,1,0,4205,9,6,6,19,23,265,1
0,1,0,1,0,1,1,0,1,1,15147,6,3,2,7,21,810,1
0,0,1,1,0,0,1,0,0,1,13712,6,3,2,8,9,1445,1
0,0,1,0,0,1,1,0,1,1,12415,9,3,5,17,9,965,1
1,0,0,0,0,1,0,0,1,0,5192,15,5,2,15,23,500,2
1,0,0,0,0,1,0,0,1,0,5162,15,5,2,6,10,220,1
0,0,0,1,0,1,1,0,1,1,9027,3,3,6,6,16,570,1
0,0,1,1,0,1,0,0,1,0,11134,24,3,6,13,18,1695,1
0,0,1,1,0,1,0,0,1,0,10844,24,5,4,20,9,800,1
0,1,1,1,0,1,0,0,1,0,12890,24,3,6,17,10,1070,1
0,0,1,1,0,1,0,0,1,0,14571,9,6,6,20,16,1220,1
0,0,1,1,0,1,0,0,1,0,12121,12,5,6,17,21,1685,1
0,0,1,1,0,1,1,0,1,1,12373,9,5,3,13,4,925,1
0,0,1,0,0,0,1,0,0,1,10972,9,3,5,11,23,725,1
0,0,1,1,0,1,1,0,1,1,10262,1,6,5,2,12,620,1
0,0,1,1,0,1,1,0,1,1,12898,27,5,0,16,4,745,1
0,0,0,1,0,1,1,0,1,1,6442,18,5,5,8,16,455,1
0,1,1,1,0,0,1,1,0,1,5403,3,4,2,9,12,170,0
0,0,0,1,0,1,1,0,1,1,5703,21,4,6,7,12,275,1
0,1,0,1,0,1,1,0,1,1,9871,9,5,3,8,19,675,1
0,0,0,1,0,1,0,0,1,0,4174,15,4,0,15,18,155,0
0,0,1,0,0,1,1,0,1,1,11972,21,5,1,17,19,1560,2
0,1,0,0,0,1,0,0,1,0,4174,18,4,3,9,11,145,0
0,0,0,1,0,1,0,0,1,0,4804,21,5,1,17,19,155,0
0,0,1,1,0,1,0,0,1,0,12681,1,4,0,6,20,855,1
1,0,0,0,0,1,0,0,1,0,4508,6,6,3,10,12,155,0
0,0,1,1,0,1,1,0,1,1,10262,3,6,0,20,19,1325,1
0,1,0,1,0,1,1,0,1,1,16775,3,3,6,19,1,395,1
0,1,0,1,0,1,1,0,1,1,7198,12,6,2,17,1,510,1
0,0,1,1,0,1,1,0,1,1,13014,15,6,5,9,4,1125,2
0,0,1,0,0,1,0,0,1,0,10991,12,5,6,12,23,2115,3
0,1,1,1,1,0,0,1,0,0,3687,21,6,4,7,9,135,0
1,0,0,0,0,1,0,0,1,0,5530,12,5,6,19,22,150,0
0,1,0,0,0,1,0,0,1,0,3815,27,3,2,22,0,140,0
0,0,1,0,0,1,0,0,1,0,6535,1,3,4,14,16,150,0
0,0,1,1,0,1,1,0,1,1,17234,3,3,6,20,4,455,1
0,0,1,1,0,1,1,0,1,1,19907,6,3,2,16,4,2135,2
0,0,1,0,0,1,1,0,1,1,5022,27,3,2,20,23,1590,1
0,1,0,1,0,1,1,0,1,1,6305,27,3,2,4,15,690,1
0,0,1,1,0,1,1,0,1,1,8728,21,3,3,16,18,1600,2
0,0,0,1,0,0,1,1,0,1,3943,1,6,5,21,0,180,0
0,0,0,1,1,0,1,1,1,0,3175,18,3,0,16,18,90,0
0,0,1,1,0,0,1,0,0,1,7229,24,3,6,11,14,175,0
0,1,0,1,0,1,1,0,1,1,8620,9,3,5,7,21,855,2
0,0,1,0,0,0,1,0,0,1,10657,9,3,5,5,22,1015,1
0,0,1,1,0,0,1,0,0,1,7832,21,3,3,8,20,740,1
0,0,1,1,0,1,1,0,1,1,11150,27,6,3,13,19,1775,2
0,0,1,1,0,0,1,0,0,1,25735,1,3,4,22,19,1220,1
0,0,1,1,0,1,1,0,1,1,16263,9,5,3,20,4,505,2
0,1,0,1,0,1,1,0,1,1,5797,24,6,0,11,1,830,1
0,0,1,1,0,1,1,0,1,1,14237,6,6,3,18,4,600,2
0,0,1,1,0,1,1,0,1,1,10262,9,6,6,9,4,1165,1
0,0,1,1,0,1,1,0,1,1,10262,9,6,6,15,19,1680,1
0,0,0,1,0,0,1,1,0,1,3943,12,5,6,4,6,170,0
0,0,1,1,0,1,1,0,1,1,12898,21,5,1,19,12,1040,1
0,0,0,1,0,0,1,1,0,1,3419,15,5,2,1,4,165,0
0,0,0,1,0,0,1,0,0,1,8033,15,3,4,21,0,175,0
0,0,1,1,0,0,1,0,0,1,27992,1,3,4,5,19,805,1
0,0,1,1,0,1,0,0,1,0,13941,12,5,6,21,10,775,1
0,0,1,1,0,1,0,0,1,0,14388,21,5,1,18,4,585,1
0,0,1,1,0,1,0,0,1,0,10844,12,5,6,18,16,1285,1
0,0,0,1,0,1,1,0,1,1,11600,3,3,6,6,22,940,1
0,0,0,1,1,0,0,1,0,0,5277,6,6,3,22,0,140,0
0,0,1,1,0,1,1,0,1,1,10262,3,6,0,14,4,865,1
0,0,0,1,0,0,1,0,0,1,6144,3,3,6,4,6,170,0
0,0,1,1,0,1,1,0,1,1,12898,3,6,0,21,4,395,1
0,0,1,1,0,1,0,0,1,0,13941,12,5,6,6,4,1330,1
0,0,1,1,0,1,1,0,1,1,12373,18,5,5,14,4,865,1
0,1,0,0,0,1,0,0,1,0,3841,3,4,2,17,19,150,0
0,0,1,0,0,1,0,0,1,0,10697,18,5,5,8,7,1415,2
0,0,1,1,0,0,1,0,0,1,26890,1,3,4,11,0,785,1
0,1,0,0,1,0,1,1,1,0,2175,1,6,5,13,14,90,0
0,0,0,1,0,1,1,0,1,1,9476,27,5,0,23,4,305,1
0,0,1,0,1,0,1,1,1,0,3100,24,5,4,21,22,80,0
0,0,1,1,0,1,1,0,1,1,10368,15,6,5,5,4,1375,2
0,1,0,0,1,0,1,1,1,0,2017,18,5,5,22,0,90,0
0,1,0,0,0,1,0,0,1,0,3841,15,4,0,6,9,155,0
0,0,1,0,0,1,1,0,1,1,10493,21,5,1,5,19,2240,2
0,1,0,0,0,0,1,0,0,1,5126,9,3,5,5,8,170,0
0,0,0,1,0,0,1,1,0,1,3943,18,6,1,23,2,170,0
0,0,1,0,0,1,1,0,1,1,11552,6,3,2,7,19,2170,2
0,0,1,0,0,1,1,0,1,1,7934,21,3,3,10,19,555,1
0,0,1,0,1,0,1,1,1,0,6092,1,3,4,15,16,85,0
0,0,0,1,0,1,1,0,1,1,10112,12,6,2,23,4,305,1
0,1,1,1,1,0,0,1,0,0,6627,9,3,5,7,9,135,0
0,0,1,1,0,1,1,0,1,1,11507,3,6,0,21,12,910,2
0,0,1,1,0,0,1,0,0,1,26890,1,3,4,22,0,1555,1
0,0,1,1,0,0,1,0,0,1,13817,12,3,1,5,11,340,1
0,0,1,1,0,1,0,0,1,0,13364,1,4,0,21,4,450,1
0,1,1,1,0,1,0,0,1,0,9187,6,6,3,17,10,1065,1
0,0,0,1,1,0,0,1,0,0,5277,9,5,3,22,0,140,0
0,0,1,0,0,0,1,0,0,1,13492,12,3,1,0,8,495,1
1,0,0,0,0,1,0,0,1,0,5162,12,6,2,6,10,220,1
0,1,1,0,0,1,1,0,1,1,5897,9,6,6,7,12,355,1
0,0,1,0,0,1,0,0,1,0,5510,3,6,0,14,16,150,0
0,0,1,1,0,0,1,0,0,1,17261,6,3,2,16,10,1050,1
0,1,0,1,0,1,1,0,1,1,7485,21,5,1,11,1,830,1
0,0,1,0,1,0,0,1,0,0,4667,21,6,4,11,13,135,0
0,0,1,1,0,1,0,0,1,0,14151,15,5,2,20,18,1295,1
0,0,0,1,0,1,1,0,1,1,7048,27,5,0,16,1,570,1
0,0,1,1,0,1,1,0,1,1,12557,21,3,3,19,4,520,1
0,1,0,1,0,1,1,0,1,1,15965,15,6,5,15,1,625,2
0,0,1,0,0,0,1,0,0,1,11791,3,3,6,11,22,2105,2
0,1,0,1,0,1,1,0,1,1,8291,3,3,6,7,21,855,2
0,0,0,1,0,0,1,1,0,1,4990,21,4,6,16,19,180,0
0,1,1,1,0,1,0,0,1,0,9135,12,5,6,17,18,1550,1
1,0,0,0,0,1,0,0,1,0,4409,12,4,4,22,1,150,0
0,0,1,1,0,1,0,0,1,0,10844,21,5,1,20,4,520,1
0,1,0,1,0,1,1,0,1,1,10407,27,5,0,9,19,600,1
0,1,0,1,0,1,1,0,1,1,9315,27,5,0,7,19,690,1
0,0,1,1,0,1,0,0,1,0,9663,24,5,4,21,4,450,1
0,0,0,1,0,1,1,0,1,1,9264,21,3,3,18,1,420,1
0,1,0,0,1,0,0,1,0,0,3597,15,5,2,9,12,135,0
0,0,0,1,0,1,1,0,1,1,6442,24,6,0,5,12,425,1
0,1,0,1,0,1,1,0,1,1,15078,9,5,3,17,1,480,1
0,0,0,1,0,1,0,0,1,0,6218,1,5,2,18,23,325,1
0,0,1,1,0,1,1,0,1,1,10262,12,6,2,13,12,1415,1
0,1,0,1,0,1,1,0,1,1,13677,9,3,5,19,1,395,1
0,0,1,1,0,0,1,1,0,1,8016,24,6,0,7,10,180,0
0,0,1,1,0,1,1,0,1,1,10262,3,6,0,17,12,1145,1
0,1,0,0,0,1,0,0,1,0,3873,27,6,3,6,9,155,0
0,1,0,0,0,1,1,0,1,1,4812,27,6,3,8,13,270,1
0,1,0,0,1,0,1,1,1,0,2017,15,5,2,22,0,90,0
0,0,0,1,0,1,0,0,1,0,4462,21,3,3,20,23,160,0
0,0,1,0,0,1,1,0,1,1,10231,15,6,5,5,7,1600,2
0,0,1,0,0,0,1,0,0,1,6383,21,3,3,10,22,745,1
0,0,1,0,0,1,1,0,1,1,11989,24,6,0,17,7,865,2
0,0,0,1,0,0,1,0,0,1,7303,24,3,6,18,21,170,0
0,0,1,1,0,0,1,1,0,1,7229,21,4,6,18,22,185,0
0,0,1,1,1,0,1,1,1,0,4995,21,6,4,8,10,90,0
0,1,0,1,0,1,1,0,1,1,7408,15,6,5,13,21,480,1
0,0,1,0,0,1,0,0,1,0,14960,15,5,2,16,12,1185,2
1,0,0,0,0,0,1,0,0,1,4482,24,3,6,23,2,165,0
0,0,0,1,0,1,1,0,1,1,6442,1,6,5,6,16,560,1
0,0,1,1,0,0,1,1,0,1,6144,12,5,6,8,11,180,0
0,0,1,1,0,1,1,0,1,1,15129,27,5,0,9,12,1615,2
0,0,1,0,0,1,1,0,1,1,10231,21,5,1,22,19,1275,2
0,0,0,1,0,0,1,1,0,1,4823,3,4,2,20,22,170,0
0,0,0,1,0,0,1,1,0,1,4823,9,6,6,8,11,170,0
0,0,1,1,0,1,1,0,1,1,12898,21,5,1,11,4,1015,1
0,0,1,1,1,0,1,1,1,0,5678,1,5,2,19,21,90,0
0,0,1,0,0,1,1,0,1,1,14483,9,3,5,5,7,1545,2
0,0,1,1,1,0,1,1,1,0,2228,15,5,2,19,21,90,0
0,1,0,1,0,1,1,0,1,1,8018,15,6,5,13,22,555,1
0,1,0,1,0,1,1,0,1,1,15136,6,3,2,9,21,665,1
0,1,0,0,0,1,1,0,1,1,5583,24,4,2,15,22,380,1
0,0,1,0,0,1,1,0,1,1,13381,12,6,2,14,19,1730,2
0,0,1,0,0,0,1,0,0,1,7932,15,3,4,6,10,1675,1
0,0,1,1,0,1,0,0,1,0,7757,9,5,3,20,8,735,1
0,0,1,1,0,1,1,0,1,1,13029,18,5,5,5,4,1375,2
0,1,0,0,0,1,0,0,1,0,3841,9,6,6,6,9,155,0
0,0,1,0,0,0,1,0,0,1,10216,3,3,6,13,16,170,0
0,0,1,0,1,0,1,1,1,0,3100,21,5,1,21,22,80,0
0,0,1,0,0,1,1,0,1,1,8245,21,3,3,17,19,1560,2
0,0,1,0,0,0,1,0,0,1,14594,1,3,4,11,19,525,1
0,0,1,1,0,1,1,0,1,1,14237,1,6,5,18,12,1090,2
0,0,1,0,0,1,0,0,1,0,13164,21,5,1,8,23,895,2
0,0,1,1,0,1,1,0,1,1,14924,9,6,6,20,4,450,1
0,0,1,1,0,1,0,0,1,0,10844,21,5,1,21,16,1150,1
0,0,1,1,0,1,0,0,1,0,7064,6,5,0,10,17,435,1
0,1,1,1,0,1,0,0,1,0,9555,24,5,4,7,18,700,1
0,1,0,1,0,1,1,0,1,1,7155,24,6,0,10,19,520,1
0,1,0,1,0,1,1,0,1,1,12192,9,6,6,8,19,660,1
1,0,0,0,0,1,1,0,1,1,7353,18,5,5,16,7,865,1
0,0,0,1,0,1,1,0,1,1,5054,27,6,3,7,12,275,1
0,1,0,1,0,1,1,0,1,1,18485,15,6,5,17,1,460,2
0,0,1,1,0,1,0,0,1,0,10844,6,6,3,6,18,705,1
0,0,1,1,0,0,1,1,0,1,6144,18,5,5,8,11,180,0
0,0,0,1,1,0,1,1,1,0,2754,1,5,2,19,20,90,0
0,1,0,1,0,1,1,0,1,1,12327,27,3,2,15,1,630,1
0,1,0,0,0,1,0,0,1,0,3841,6,5,0,6,9,155,0
0,0,1,1,0,1,1,0,1,1,12373,18,5,5,22,4,335,1
0,0,0,1,0,1,1,0,1,1,7318,21,5,1,9,21,705,1
0,0,1,1,0,0,1,0,0,1,16736,6,3,2,11,7,1200,1
0,0,0,1,0,1,1,0,1,1,6195,9,6,6,21,3,345,1
0,1,0,0,1,0,1,1,1,0,2753,6,6,3,5,7,90,0
0,1,0,0,1,0,0,1,0,0,3807,24,3,6,9,12,155,0
0,0,1,1,0,1,1,0,1,1,20064,3,3,6,5,4,2820,2
0,0,0,1,0,1,1,0,1,1,5406,21,6,4,21,0,195,0
0,0,1,0,0,1,1,0,1,1,10441,1,6,5,22,19,1275,2
0,0,1,1,0,1,0,0,1,0,8066,6,5,0,20,9,800,1
0,0,1,0,0,0,1,1,0,1,6961,27,6,3,17,19,165,0
0,1,1,1,0,1,1,0,1,1,5586,21,3,3,14,17,175,0
0,0,1,0,0,1,1,0,1,1,7384,1,6,5,17,23,320,1
0,0,1,1,0,0,1,0,0,1,20800,1,3,4,11,9,1280,1
0,0,1,1,0,1,0,0,1,0,13941,12,5,6,6,12,330,1
0,0,1,1,0,0,1,1,0,1,5198,3,5,4,8,11,180,0
0,1,0,0,1,0,0,1,0,0,3807,18,3,0,9,12,155,0
0,1,0,1,0,1,1,0,1,1,13838,3,3,6,9,22,755,1
0,0,1,0,0,1,1,0,1,1,11185,24,6,0,7,9,1580,2
0,0,1,1,0,0,1,1,0,1,7229,21,6,4,15,18,175,0
0,0,1,1,0,1,1,0,1,1,10262,12,6,2,21,4,395,1
1,0,0,0,0,1,0,0,1,0,4384,9,3,5,19,22,150,0
0,0,1,1,0,1,1,0,1,1,12819,27,6,3,13,12,1390,2
0,0,1,1,0,1,0,0,1,0,7757,6,5,0,21,10,775,1
0,0,1,0,0,1,1,0,1,1,7174,21,4,6,20,23,1590,1
0,0,0,1,0,1,1,0,1,1,6674,1,6,5,11,22,635,1
0,0,0,1,1,0,1,1,1,0,2227,18,5,5,20,21,95,0
0,0,1,1,0,1,1,0,1,1,13014,12,6,2,19,12,1025,2
0,0,0,1,1,0,1,1,1,0,3175,21,3,3,16,18,90,0
0,0,0,1,0,1,0,0,1,0,6565,1,3,4,9,12,165,0
0,0,1,1,0,1,0,0,1,0,12681,1,4,0,18,23,1720,1
0,1,1,1,1,0,0,1,0,0,3687,1,6,5,7,9,135,0
0,0,1,1,1,0,1,1,1,0,3210,15,6,5,19,21,90,0
0,0,0,1,0,1,0,0,1,0,4778,6,3,2,20,23,160,0
0,1,0,1,0,1,1,0,1,1,10877,3,6,0,11,19,455,1
0,1,1,1,0,1,0,0,1,0,9187,24,5,4,20,10,865,1
0,0,1,0,0,0,1,0,0,1,6850,15,3,4,22,23,1520,1
0,0,1,1,0,1,0,0,1,0,14781,12,5,6,8,18,590,1
0,0,1,0,0,1,0,0,1,0,13227,6,5,0,16,8,970,2
0,1,1,1,0,0,1,1,0,1,4668,9,5,3,7,9,160,0
0,0,1,1,0,1,0,0,1,0,14178,24,5,4,6,12,330,1
0,0,1,1,0,1,0,0,1,0,8066,6,5,0,17,9,1005,1
0,0,0,1,0,0,1,1,0,1,3943,6,5,0,13,15,170,0
0,1,0,1,0,1,1,0,1,1,11200,1,6,5,7,19,690,1
0,0,1,1,0,1,0,0,1,0,8586,18,5,5,18,4,585,1
0,0,1,1,0,1,0,0,1,0,13044,12,6,2,21,10,775,1
0,1,0,1,0,1,1,0,1,1,8099,3,6,0,9,19,600,1
0,0,1,1,0,1,1,0,1,1,10262,15,6,5,17,4,655,1
0,1,0,1,0,1,1,0,1,1,18275,24,6,0,17,1,460,2
0,1,0,1,0,1,1,0,1,1,8475,27,5,0,6,21,900,1
0,1,0,0,0,1,0,0,1,0,3873,6,4,5,22,0,140,0
0,0,0,1,1,0,1,1,1,0,2227,21,6,4,21,22,90,0
0,0,1,1,0,1,1,0,1,1,16389,6,3,2,5,19,2300,2
0,0,1,0,0,0,1,1,0,1,5228,3,5,4,6,8,165,0
0,0,1,0,0,0,1,0,0,1,5092,21,3,3,11,8,1265,1
0,0,0,1,0,0,1,0,0,1,4777,9,3,5,21,0,175,0
1,0,0,0,0,0,1,0,0,1,3383,24,3,6,5,8,170,0
0,1,1,1,0,1,0,0,1,0,8452,21,5,1,7,9,1555,1
0,0,0,1,0,0,1,1,0,1,3943,27,5,0,23,2,170,0
0,0,1,0,1,0,1,1,1,0,3100,24,6,0,21,22,80,0
0,0,0,1,0,1,1,0,1,1,14871,6,3,2,9,1,985,1
0,0,1,1,0,0,1,1,0,1,8016,21,6,4,11,14,175,0
0,1,0,1,0,1,1,0,1,1,11789,12,6,2,6,19,780,1
0,1,0,1,0,1,1,0,1,1,10529,15,5,2,11,19,440,1
1,0,0,0,0,0,1,0,0,1,5615,15,3,4,5,8,170,0
0,1,0,0,0,1,0,0,1,0,4649,6,6,3,15,20,315,1
0,0,1,0,0,1,0,0,1,0,12723,9,6,6,5,23,1045,2
0,0,1,1,0,1,0,0,1,0,10844,24,5,4,6,18,705,1
0,0,1,1,0,1,1,0,1,1,14714,3,6,0,20,19,1325,1
0,1,1,1,0,1,1,0,1,1,6216,12,6,2,14,17,190,0
0,0,0,1,0,1,0,0,1,0,4148,15,3,4,9,12,165,0
0,0,0,1,0,1,1,0,1,1,5647,6,3,2,6,12,320,1
0,0,1,1,0,1,0,0,1,0,10844,15,5,2,8,18,590,1
0,0,0,1,0,1,1,0,1,1,6818,9,5,3,5,12,425,1
0,0,1,0,0,1,1,0,1,1,13643,27,5,0,10,7,1245,2
0,1,0,1,0,1,1,0,1,1,6358,27,3,2,7,21,840,1
0,0,1,1,0,1,1,0,1,1,14714,1,6,5,13,19,360,1
0,1,0,0,0,1,1,0,1,1,6460,21,4,6,8,13,270,1
0,0,1,1,0,1,0,0,1,0,9663,12,5,6,21,12,890,1
0,0,1,1,0,1,0,0,1,0,13941,21,5,1,6,10,1655,1
0,0,1,1,0,1,1,0,1,1,5963,27,3,2,19,19,1440,1
0,0,1,1,0,1,1,0,1,1,13014,15,6,5,19,12,1025,2
0,0,1,1,0,1,0,0,1,0,9663,9,5,3,16,9,1010,1
0,0,0,1,0,0,1,1,0,1,4423,6,4,5,13,15,170,0
0,0,1,1,0,1,1,0,1,1,21219,6,5,0,11,19,440,2
0,0,0,1,0,1,1,0,1,1,7503,24,5,4,18,1,415,1
0,0,0,1,0,1,0,0,1,0,4804,24,6,0,21,0,160,0
0,0,1,1,0,1,1,0,1,1,15129,9,5,3,9,12,1615,2
0,1,0,1,0,1,1,0,1,1,6197,27,3,2,7,21,850,2
0,1,0,0,1,0,0,1,0,0,3597,27,5,0,17,20,140,0
0,1,0,1,0,1,1,0,1,1,9100,27,3,2,7,19,705,1
0,0,1,1,1,0,1,1,1,0,4050,1,6,5,7,8,85,0
0,1,0,1,0,1,1,0,1,1,7723,6,6,3,10,1,930,1
0,0,1,1,0,1,1,0,1,1,15129,9,5,3,23,19,1195,2
0,0,1,1,0,1,1,0,1,1,12373,18,5,5,8,19,660,1
0,0,0,1,0,0,1,1,0,1,4591,3,5,4,23,2,170,0
0,1,0,0,1,0,0,1,0,0,6300,9,3,5,8,10,135,0
0,0,1,0,0,0,1,0,0,1,5176,24,3,6,17,19,165,0
0,1,0,1,0,1,1,0,1,1,12717,15,6,5,9,19,600,1
0,0,1,0,1,0,0,1,0,0,4405,18,3,0,11,13,135,0
0,1,0,0,0,1,1,0,1,1,6749,21,4,6,15,22,380,1
0,0,1,1,0,1,0,0,1,0,7064,12,5,6,10,17,435,1
0,0,1,1,0,1,1,0,1,1,16289,21,5,1,7,12,330,1
0,0,0,1,1,0,0,1,0,0,6297,15,3,4,11,14,145,0
0,0,1,1,1,0,1,1,1,0,5678,12,5,6,19,21,90,0
0,0,1,1,0,1,0,0,1,0,14388,1,5,2,20,9,800,1
0,0,1,1,0,0,1,1,0,1,7229,18,4,3,6,8,165,0
0,0,0,1,0,1,0,0,1,0,9806,24,3,6,11,16,270,1
0,0,0,1,0,1,1,0,1,1,6195,6,6,3,21,3,345,1
0,0,1,1,0,1,0,0,1,0,13044,12,6,2,18,18,1400,1
0,0,1,1,0,1,1,0,1,1,13882,27,6,3,11,4,1000,2
0,0,1,1,0,0,1,0,0,1,8147,24,3,6,5,10,300,1
0,0,1,0,0,1,1,0,1,1,8052,9,4,1,17,7,865,2
0,0,1,1,0,1,0,0,1,0,14781,1,5,2,6,19,800,1
0,0,1,1,0,1,0,0,1,0,14151,24,5,4,9,22,750,1
0,0,0,1,0,1,0,0,1,0,6704,18,5,5,18,23,325,1
0,0,1,1,0,1,0,0,1,0,9663,1,5,2,8,12,1655,1
0,0,0,1,0,1,0,0,1,0,4462,18,3,0,15,17,155,0
0,0,1,1,0,1,1,0,1,1,8367,21,3,3,10,4,1060,2
0,0,1,1,0,1,1,0,1,1,13376,9,6,6,6,4,1300,2
0,0,1,1,0,1,0,0,1,0,13067,21,5,1,20,9,800,1
0,0,0,1,0,1,0,0,1,0,5224,21,5,1,14,16,150,0
0,1,0,1,0,1,1,0,1,1,13542,21,3,3,16,1,575,1
0,1,1,0,0,0,1,1,0,1,3419,24,5,4,7,10,175,0
0,1,0,1,0,1,1,0,1,1,10444,6,3,2,9,21,695,2
0,0,0,1,0,1,0,0,1,0,4804,1,6,5,9,12,155,0
0,0,1,1,1,0,1,1,1,0,4995,21,5,1,7,8,85,0
0,1,0,0,0,1,1,0,1,1,4957,27,4,5,17,22,295,1
0,0,1,1,0,1,1,0,1,1,15554,9,5,3,20,4,450,1
0,0,1,1,0,1,0,0,1,0,9663,1,5,2,20,12,960,1
0,0,1,1,0,1,0,0,1,0,14151,18,5,5,9,9,1450,1
0,0,0,1,0,1,1,0,1,1,5601,6,6,3,5,8,195,0
0,1,0,1,0,1,1,0,1,1,7787,15,5,2,6,19,755,1
0,0,1,0,0,0,1,0,0,1,5092,21,3,3,11,23,725,1
0,0,1,1,0,1,0,0,1,0,10844,6,6,3,21,9,730,1
0,1,0,1,0,1,1,0,1,1,23583,9,3,5,17,1,465,2
0,0,1,0,0,1,0,0,1,0,10676,12,5,6,12,18,1830,2
0,1,0,0,0,1,0,0,1,0,10156,6,6,3,11,18,435,1
1,0,0,0,0,1,1,0,1,1,8627,6,3,2,16,7,865,1
1,0,0,0,0,1,0,0,1,0,4409,21,5,1,9,12,150,0
0,1,0,1,0,1,1,0,1,1,9646,18,5,5,9,16,385,1
0,0,1,1,0,0,1,0,0,1,13817,12,3,1,21,12,900,1
0,0,1,0,0,1,1,0,1,1,13538,9,5,3,13,7,1100,2
0,0,1,0,0,1,0,0,1,0,9416,9,5,3,12,7,1195,2
0,0,1,1,0,0,1,1,0,1,7229,27,4,5,11,14,175,0
0,0,1,0,0,1,0,0,1,0,10203,1,5,2,10,23,795,1
0,0,0,1,0,1,1,0,1,1,6778,21,5,1,16,0,525,1
0,0,0,1,1,0,1,1,1,0,2754,15,6,5,12,13,90,0
0,0,1,0,0,1,0,0,1,0,10991,1,5,2,5,20,875,2
0,1,1,1,0,0,1,1,0,1,4668,27,5,0,11,14,170,0
0,1,0,0,0,1,1,0,1,1,5726,3,6,0,8,13,270,1
0,0,1,0,0,1,0,0,1,0,14960,12,6,2,9,23,805,2
0,0,1,0,0,1,1,0,1,1,7480,21,5,1,20,9,765,1
1,0,0,0,0,1,0,0,1,0,4107,21,5,1,19,22,150,0
0,0,1,1,0,1,0,0,1,0,11467,1,5,2,9,9,1450,1
0,0,0,1,0,1,1,0,1,1,5796,27,4,5,2,7,325,1
0,0,1,1,0,1,1,0,1,1,10262,6,6,3,2,19,1005,1
0,0,1,0,0,1,1,0,1,1,11543,27,6,3,5,7,1585,3
0,0,0,1,0,1,1,0,1,1,5298,24,4,2,6,12,320,1
1,0,0,0,0,1,1,0,1,1,6451,27,4,5,20,7,625,1
0,0,1,0,0,1,0,0,1,0,6245,9,6,6,14,16,150,0
0,0,1,1,1,0,1,1,1,0,2071,27,3,2,19,21,90,0
0,0,0,1,0,1,0,0,1,0,4804,15,5,2,9,12,165,0
0,1,0,1,0,1,1,0,1,1,7005,27,6,3,7,21,810,1
0,0,1,1,0,0,1,0,0,1,12284,18,3,0,5,12,400,1
0,0,1,0,0,1,0,0,1,0,10203,9,5,3,7,20,805,1
0,0,0,1,0,1,1,0,1,1,6938,27,5,0,14,22,490,1
0,1,0,1,0,1,1,0,1,1,13377,12,6,2,10,1,930,1
0,1,0,1,0,1,1,0,1,1,9779,1,6,5,9,19,600,1
0,0,1,0,1,0,0,1,0,0,4667,15,5,2,11,13,135,0
0,0,1,1,0,0,1,1,0,1,4544,3,4,2,19,22,180,0
0,0,1,1,0,1,1,0,1,1,16079,27,6,3,21,4,395,1
0,0,1,1,0,1,0,0,1,0,7064,1,4,0,16,19,1640,1
0,0,1,1,0,1,1,0,1,1,15554,18,5,5,14,19,300,1
0,1,0,0,1,0,0,1,0,0,3543,18,5,5,9,12,135,0
0,0,1,0,0,0,1,1,0,1,6121,18,4,3,13,16,170,0
0,0,0,1,0,1,1,0,1,1,8075,27,3,2,8,15,425,1
0,1,0,1,0,1,1,0,1,1,13377,3,6,0,11,1,840,1
0,0,1,1,0,1,0,0,1,0,14571,24,5,4,14,19,345,1
0,1,0,0,0,0,1,1,0,1,3919,24,4,2,5,8,160,0
0,0,1,1,0,1,0,0,1,0,14231,24,3,6,18,4,590,1
0,0,0,1,1,0,1,1,1,0,2754,15,3,4,19,20,85,0
0,0,1,0,0,1,1,0,1,1,8067,21,5,1,17,23,320,1
0,1,1,1,0,1,0,0,1,0,8452,6,5,0,7,22,930,1
0,0,1,1,0,0,1,0,0,1,15025,6,3,2,14,11,1280,1
0,0,1,1,0,0,1,0,0,1,26890,1,3,4,8,16,435,1
0,0,1,1,0,1,1,0,1,1,15103,6,3,2,13,18,350,1
0,0,1,1,0,1,0,0,1,0,8586,24,5,4,14,4,875,1
0,0,1,1,0,1,0,0,1,0,10844,9,6,6,8,16,475,1
0,0,1,1,0,1,1,0,1,1,12898,21,5,1,21,4,395,1
0,0,1,1,0,1,0,0,1,0,8586,12,5,6,6,8,1545,1
0,1,0,1,0,1,1,0,1,1,11622,9,6,6,8,19,630,1
0,0,1,0,0,1,1,0,1,1,13538,6,5,0,12,19,1855,2
0,0,1,1,0,1,1,0,1,1,13014,1,6,5,5,4,1375,2
0,0,1,1,0,1,0,0,1,0,13941,9,5,3,18,10,910,1
0,0,1,1,0,1,0,0,1,0,14151,18,5,5,9,10,1520,1
0,1,0,1,0,1,1,0,1,1,13542,21,3,3,17,1,485,1
0,0,0,1,0,1,1,0,1,1,6558,21,3,3,6,22,940,1
1,0,0,0,0,1,0,0,1,0,5192,18,5,5,7,19,710,1
0,1,1,1,0,0,1,1,0,1,4878,1,6,5,7,9,160,0
0,0,1,1,0,1,1,0,1,1,12898,27,5,0,15,12,1295,1
0,0,1,0,0,1,1,0,1,1,7384,9,6,6,17,23,320,1
0,1,1,0,0,0,1,1,0,1,3898,3,5,4,7,10,175,0
1,0,0,0,0,0,1,1,0,1,3383,6,5,0,23,2,170,0
0,0,0,1,0,1,1,0,1,1,6093,24,6,0,6,21,860,1
0,1,0,1,0,1,1,0,1,1,12192,12,6,2,8,19,660,1
0,1,0,1,0,1,1,0,1,1,6795,12,6,2,12,1,760,1
0,0,1,1,0,0,1,0,0,1,11455,18,3,0,7,7,1480,1
0,0,0,1,1,0,0,1,0,0,3540,1,6,5,15,18,165,0
0,1,0,1,0,1,1,0,1,1,15898,27,5,0,9,19,615,1
0,1,0,1,0,1,1,0,1,1,9718,3,6,0,10,21,660,1
0,1,1,0,0,1,0,0,1,0,7831,15,5,2,16,0,455,1
0,0,0,1,0,1,1,0,1,1,6416,3,6,0,8,21,750,1
0,1,1,1,1,0,0,1,0,0,3739,27,3,2,7,9,135,0
0,1,1,1,0,1,0,0,1,0,8085,6,5,0,7,23,975,1
0,0,0,1,0,0,1,1,0,1,4823,3,5,4,16,19,180,0
0,0,1,1,0,1,1,0,1,1,13376,9,6,6,14,12,1320,2
0,1,1,1,0,1,0,0,1,0,8452,15,5,2,20,10,865,1
0,0,1,1,0,1,0,0,1,0,10844,6,6,3,20,22,1595,1
0,1,1,1,0,1,1,0,1,1,4851,27,3,2,6,9,190,0
0,1,0,1,0,1,1,0,1,1,6795,15,6,5,19,1,390,1
0,0,0,1,0,0,1,1,0,1,4823,18,5,5,8,11,170,0
0,0,1,1,0,1,1,0,1,1,10577,9,6,6,20,4,450,1
0,0,1,1,0,1,1,0,1,1,12032,27,3,2,20,19,1375,1
1,0,0,0,0,1,1,0,1,1,9330,1,6,5,7,13,330,1
0,1,1,1,0,1,0,0,1,0,8977,1,4,0,17,22,355,1
0,1,0,1,0,1,1,0,1,1,7005,1,6,5,12,21,490,1
0,0,1,1,0,1,0,0,1,0,10844,18,5,5,14,20,400,1
0,1,0,1,0,1,1,0,1,1,12192,24,6,0,3,12,525,1
0,0,1,0,0,0,1,0,0,1,4441,24,3,6,10,12,165,0
0,1,0,1,0,1,1,0,1,1,7575,9,5,3,10,19,520,1
0,0,0,1,0,1,0,0,1,0,4804,21,6,4,4,7,155,0
0,1,0,0,1,0,0,1,0,0,3597,6,6,3,9,12,135,0
0,0,1,0,0,1,0,0,1,0,10413,6,6,3,17,20,1615,1
0,0,1,1,0,0,1,1,0,1,8016,9,6,6,6,8,165,0
0,0,1,1,0,1,0,0,1,0,10844,9,6,6,20,12,960,1
0,0,1,1,0,1,0,0,1,0,9663,12,5,6,16,9,1010,1
0,0,0,1,0,1,1,0,1,1,6069,18,5,5,20,1,305,1
0,0,0,1,0,1,1,0,1,1,6442,27,5,0,11,22,635,1
0,1,0,1,0,1,1,0,1,1,13587,1,6,5,9,21,720,1
0,0,1,0,1,0,1,1,1,0,3100,9,5,3,19,20,75,0
0,0,1,1,0,1,0,0,1,0,14781,21,5,1,6,18,705,1
0,0,1,1,0,1,1,0,1,1,12898,21,5,1,21,19,1270,1
0,0,0,1,0,1,0,0,1,0,4804,18,6,1,14,16,150,0
0,1,0,0,0,1,0,0,1,0,4174,15,4,0,9,11,145,0
0,0,0,1,0,0,1,1,0,1,4591,24,5,4,23,2,170,0
0,0,1,1,0,1,0,0,1,0,9663,6,5,0,16,19,1640,1
0,1,0,1,0,1,1,0,1,1,8266,15,5,2,8,19,630,1
0,0,0,1,0,0,1,1,0,1,4823,6,5,0,7,10,175,0
0,0,1,0,0,1,1,0,1,1,6094,21,5,1,18,21,185,0
0,0,1,1,0,1,0,0,1,0,14178,24,5,4,21,4,450,1
0,0,1,1,0,1,1,0,1,1,13376,9,6,6,6,12,1790,2
0,0,1,0,1,0,1,1,1,0,2575,24,3,6,21,22,80,0
0,1,1,1,1,0,1,1,1,0,12395,6,3,2,7,19,745,1
0,0,0,1,0,1,1,0,1,1,10351,27,3,2,9,21,710,1
1,0,0,0,0,1,0,0,1,0,5192,21,5,1,7,23,955,1
0,1,0,1,0,1,1,0,1,1,7670,15,5,2,12,21,490,1
0,0,1,0,0,0,1,0,0,1,11161,18,3,0,11,22,2105,2
0,0,1,1,0,1,0,0,1,0,14151,24,5,4,20,18,1295,1
0,0,0,1,0,1,0,0,1,0,4775,6,5,0,15,20,290,1
0,0,1,0,0,1,1,0,1,1,12865,6,3,2,13,9,1220,2
0,0,1,0,1,0,1,1,1,0,5462,6,3,2,19,20,75,0
0,1,0,0,0,1,1,0,1,1,8382,9,3,5,6,11,310,1
0,0,1,1,0,0,1,1,0,1,4544,24,4,2,17,20,180,0
0,0,1,1,0,0,1,1,0,1,4544,1,4,0,15,18,175,0
0,0,1,1,0,1,0,0,1,0,14781,18,5,5,16,23,425,1
0,1,0,0,0,1,1,0,1,1,5158,27,5,0,8,13,270,1
0,0,1,1,1,0,1,1,1,0,5678,21,3,3,15,17,90,0
0,0,1,1,0,1,1,0,1,1,18804,9,6,6,11,19,440,2
0,0,0,1,1,0,1,1,1,0,4049,3,6,0,9,10,90,0
0,0,0,1,0,1,0,0,1,0,6565,24,3,6,10,12,165,0
0,0,1,1,0,1,1,0,1,1,12373,18,5,5,18,12,1100,1
0,0,1,0,0,0,1,0,0,1,4441,18,3,0,17,19,165,0
0,1,0,0,1,0,0,1,0,0,3597,18,5,5,17,20,140,0
0,0,1,1,1,0,1,1,1,0,5678,18,6,1,19,21,90,0
0,0,1,0,0,1,1,0,1,1,10660,9,3,5,9,9,1420,2
0,0,1,1,0,0,1,1,0,1,4544,21,4,6,6,8,165,0
0,0,0,1,0,0,1,1,0,1,4823,24,5,4,8,11,170,0
0,0,1,0,0,1,0,0,1,0,14214,9,5,3,14,23,525,2
0,0,1,1,0,1,0,0,1,0,14781,1,5,2,8,16,475,1
0,1,0,1,0,1,1,0,1,1,23533,1,3,4,19,1,395,1
0,0,1,1,0,1,1,0,1,1,14053,9,3,5,19,18,1415,1
0,0,1,1,0,1,1,0,1,1,10262,27,6,3,21,19,1270,1
0,0,0,1,0,0,1,1,0,1,4823,21,6,4,20,22,170,0
0,0,1,0,0,1,1,0,1,1,8361,18,5,5,17,8,875,1
0,0,1,0,0,1,1,0,1,1,10493,9,6,6,5,19,2240,2
0,1,0,1,0,1,1,0,1,1,17057,3,3,6,7,13,375,1
0,0,0,1,0,1,1,0,1,1,5883,12,6,2,11,1,845,1
0,0,1,1,0,1,1,0,1,1,12898,21,5,1,11,19,450,1
0,0,1,1,0,1,1,0,1,1,16079,21,5,1,2,19,1005,1
0,1,0,1,0,1,1,0,1,1,10678,12,6,2,4,12,460,1
0,0,1,0,0,0,1,0,0,1,20999,1,3,4,6,11,1705,2
0,0,0,1,0,0,1,0,0,1,6575,21,3,3,19,0,300,1
0,0,1,1,0,1,1,0,1,1,15129,21,5,1,19,4,535,2
0,0,1,1,0,1,0,0,1,0,10844,6,6,3,18,18,1400,1
0,0,1,0,0,0,1,0,0,1,11654,3,3,6,9,23,855,1
0,0,0,1,0,1,0,0,1,0,5069,1,4,0,8,13,290,1
0,0,1,0,0,0,1,1,0,1,5176,1,4,0,6,8,165,0
0,0,1,1,0,1,1,0,1,1,13292,9,6,6,5,4,1375,2
0,0,0,1,0,1,1,0,1,1,6386,6,6,3,2,7,345,1
0,0,1,1,0,1,1,0,1,1,15129,21,5,1,13,19,1775,2
0,0,1,0,0,1,0,0,1,0,4435,6,3,2,20,23,155,0
0,0,0,1,0,0,1,1,0,1,4591,18,5,5,23,2,170,0
0,0,1,1,0,0,1,0,0,1,7832,21,3,3,5,23,1035,1
0,0,0,1,0,1,0,0,1,0,4174,12,4,4,4,7,155,0
0,1,0,1,0,1,1,0,1,1,6148,27,3,2,7,15,510,1
0,1,0,1,0,1,1,0,1,1,9149,27,5,0,9,19,600,1
0,1,0,1,0,1,1,0,1,1,6128,27,3,2,13,21,495,2
0,0,0,1,0,1,1,0,1,1,6412,27,3,2,16,22,370,1
0,1,0,1,0,1,1,0,1,1,8073,18,5,5,8,21,780,1
0,0,1,1,0,1,1,0,1,1,4256,24,6,0,11,14,195,0
0,0,1,0,0,1,0,0,1,0,14634,12,5,6,10,5,1165,2
0,1,0,1,0,1,1,0,1,1,14067,21,5,1,13,21,480,1
0,0,0,1,0,1,0,0,1,0,4804,6,5,0,15,18,155,0
0,1,0,0,0,1,0,0,1,0,4911,21,4,6,17,19,150,0
0,0,0,1,0,1,1,0,1,1,6412,9,6,6,16,22,380,1
0,1,0,0,1,0,0,1,0,0,3543,15,6,5,8,10,135,0
0,0,0,1,1,0,0,1,0,0,3858,6,6,3,11,14,145,0
0,0,1,0,0,1,0,0,1,0,9941,15,5,2,12,7,1195,2
0,0,1,1,0,0,1,1,0,1,7229,9,4,1,8,11,180,0
0,1,1,0,0,0,1,0,0,1,8352,3,3,6,15,20,270,1
0,0,1,1,0,1,0,0,1,0,14151,12,5,6,9,22,750,1
0,1,0,1,0,1,1,0,1,1,6795,6,6,3,17,1,465,1
0,0,0,1,0,1,0,0,1,0,4804,3,5,4,20,22,155,0
0,0,1,0,0,1,1,0,1,1,6587,6,6,3,5,6,1535,1
0,1,1,0,0,1,1,0,1,1,4106,3,4,2,7,13,370,1
0,0,1,0,0,1,0,0,1,0,5510,18,4,3,14,16,150,0
0,0,1,1,0,1,1,0,1,1,15129,9,5,3,9,19,560,2
0,0,1,1,0,1,1,0,1,1,13029,9,5,3,9,4,1125,2
0,0,0,1,0,1,1,0,1,1,6582,15,6,5,7,12,315,1
0,1,0,1,0,1,1,0,1,1,5797,27,6,3,17,1,465,1
0,0,1,1,0,1,0,0,1,0,12692,12,6,2,20,10,870,1
0,1,0,0,1,0,0,1,0,0,3332,27,3,2,8,10,135,0
0,0,1,0,0,1,0,0,1,0,10151,9,6,6,12,7,1195,2
0,0,0,1,0,1,1,0,1,1,5046,6,4,5,2,7,325,1
0,0,1,0,0,1,1,0,1,1,8907,15,6,5,6,23,1010,1
0,0,1,0,0,0,1,1,0,1,5228,6,5,0,21,23,170,0
0,0,0,1,0,1,1,0,1,1,13753,3,3,6,5,10,275,1
0,0,1,1,0,0,1,0,0,1,11087,9,3,5,8,21,745,1
0,0,1,1,0,1,0,0,1,0,14781,18,5,5,14,23,570,1
0,0,0,1,0,1,0,0,1,0,5224,6,5,0,11,14,155,0
0,0,1,1,0,0,1,1,0,1,3702,6,5,0,15,18,175,0
0,0,0,1,1,0,1,1,1,0,2754,18,3,0,19,20,85,0
1,0,0,0,0,0,1,1,0,1,3383,24,5,4,11,13,165,0
0,0,1,0,0,0,1,1,0,1,5228,15,4,0,13,16,170,0
0,0,0,1,0,1,1,0,1,1,5054,27,5,0,20,1,305,1
0,0,1,1,0,0,1,0,0,1,13555,18,3,0,8,19,615,1
0,1,0,1,0,1,1,0,1,1,7408,1,6,5,17,1,510,1
0,0,0,1,0,1,0,0,1,0,5224,24,5,4,14,16,150,0
0,0,0,1,0,0,1,0,0,1,9694,1,3,4,12,17,295,1
0,0,0,1,0,1,1,0,1,1,7318,21,3,3,17,1,505,1
0,0,0,1,0,1,1,0,1,1,5054,21,5,1,7,12,275,1
0,0,1,1,0,0,1,1,0,1,4030,1,5,2,18,22,185,0
0,0,1,1,0,0,1,0,0,1,16736,6,3,2,8,18,625,1
0,0,1,0,1,0,1,1,1,0,2050,18,3,0,19,20,75,0
0,0,1,0,1,0,1,1,1,0,9977,12,3,1,1,14,795,2
0,0,0,1,0,1,1,0,1,1,6755,9,3,5,7,13,355,1
0,0,1,1,0,0,1,1,0,1,3502,15,5,2,15,18,175,0
0,0,1,0,0,0,1,1,0,1,6961,24,6,0,10,12,165,0
0,0,1,1,0,0,1,1,0,1,4544,9,4,1,15,18,175,0
0,1,0,0,0,1,0,0,1,0,3841,18,5,5,14,17,150,0
0,0,1,1,1,0,1,1,1,0,24115,6,3,2,14,16,1590,2
0,1,1,1,0,1,0,0,1,0,9502,24,5,4,7,9,1555,1
0,0,1,0,1,0,1,1,1,0,3100,1,4,0,6,7,80,0
0,1,0,0,0,0,1,1,0,1,4319,15,4,0,5,8,160,0
0,0,0,1,1,0,1,1,1,0,2227,1,5,2,20,21,95,0
0,1,0,0,0,1,0,0,1,0,5831,24,3,6,22,0,140,0
0,0,0,1,0,1,0,0,1,0,4804,9,6,6,21,0,160,0
0,0,0,1,0,1,1,0,1,1,5458,6,6,3,7,12,275,1
0,0,1,1,0,0,1,1,0,1,7229,9,6,6,18,22,185,0
0,0,1,1,0,1,0,0,1,0,14571,6,6,3,18,10,910,1
0,1,0,0,0,0,1,1,0,1,3919,9,6,6,21,0,175,0
0,1,0,1,0,1,1,0,1,1,6916,9,3,5,7,16,545,1
0,0,1,1,0,1,1,0,1,1,6960,27,3,2,13,4,925,1
0,0,1,1,0,0,1,0,0,1,16757,6,3,2,9,14,280,1
0,0,0,1,0,1,1,0,1,1,14871,6,3,2,16,1,575,1
0,0,0,1,0,1,1,0,1,1,5054,12,6,2,7,12,275,1
0,0,1,0,0,1,1,0,1,1,12488,3,6,0,12,19,1855,2
0,0,0,1,0,0,1,1,0,1,4823,15,4,0,18,21,175,0
0,0,1,0,0,1,1,0,1,1,14483,9,3,5,5,19,2240,2
0,0,1,0,0,1,1,0,1,1,11989,24,6,0,17,19,1560,2
0,0,1,1,0,1,1,0,1,1,16079,21,5,1,22,19,1210,1
0,0,1,1,0,1,0,0,1,0,13067,6,5,0,9,10,1520,1
0,0,0,1,0,1,1,0,1,1,6818,12,6,2,5,16,665,1
0,0,1,1,0,1,0,0,1,0,13941,12,5,6,8,8,1430,1
0,1,0,1,0,1,1,0,1,1,12927,24,6,0,9,19,600,1
0,0,0,1,0,1,0,0,1,0,4804,15,5,2,22,0,155,0
0,0,1,1,0,1,1,0,1,1,5406,1,4,0,16,12,1235,1
0,0,0,1,0,1,1,0,1,1,7318,21,3,3,10,1,890,1
0,0,0,1,1,0,0,1,0,0,3384,21,3,3,7,10,140,0
1,0,0,0,0,1,1,0,1,1,11410,3,6,0,20,6,590,1
0,0,1,1,0,0,1,0,0,1,9134,15,3,4,5,13,450,1
0,0,1,1,0,0,1,0,0,1,7832,21,3,3,14,21,435,1
0,0,1,1,0,0,1,0,0,1,14815,6,3,2,8,7,1365,1
0,0,0,1,0,0,1,1,0,1,4591,3,6,0,23,2,170,0
0,0,1,1,0,1,1,0,1,1,12373,9,5,3,22,19,1210,1
1,0,0,0,0,0,1,0,0,1,4284,9,3,5,5,8,170,0
0,0,1,1,0,1,0,0,1,0,13941,18,5,5,5,4,1375,1
0,0,1,1,0,1,1,0,1,1,16289,9,3,5,17,18,1525,1
0,0,0,1,0,1,1,0,1,1,9165,24,6,0,23,4,305,1
0,0,1,1,0,0,1,1,0,1,8016,21,6,4,6,8,165,0
1,0,0,0,0,1,0,0,1,0,5192,1,4,0,22,10,720,1
0,0,1,1,0,1,0,0,1,0,14939,9,6,6,21,8,665,1
0,0,1,1,0,0,1,0,0,1,25735,1,3,4,11,9,1310,1
0,1,0,1,0,1,1,0,1,1,14502,3,6,0,10,19,540,1
0,0,1,1,0,0,1,0,0,1,13817,12,3,1,22,12,810,1
0,0,1,1,0,1,0,0,1,0,14151,24,5,4,9,18,505,1
0,1,0,1,0,1,1,0,1,1,15077,6,3,2,10,19,510,1
0,1,0,1,0,1,1,0,1,1,12192,12,6,2,9,19,600,1
0,1,0,0,1,0,1,1,1,0,1965,21,5,1,13,14,90,0
0,0,0,1,1,0,0,1,0,0,3850,18,5,5,7,10,140,0
0,0,0,1,1,0,1,1,1,0,3175,1,6,5,16,18,90,0
0,0,1,1,0,0,1,1,0,1,7229,21,5,1,18,22,185,0
0,0,1,1,0,1,1,0,1,1,16079,27,5,0,19,19,1425,1
0,0,0,1,1,0,1,1,1,0,4392,27,3,2,9,10,90,0
0,0,1,1,0,0,1,0,0,1,54826,18,3,0,18,0,365,1
0,0,1,1,0,1,1,0,1,1,10368,15,6,5,9,19,560,2
0,0,1,1,0,1,1,0,1,1,12898,27,5,0,22,19,1210,1
0,0,1,0,0,1,0,0,1,0,14960,1,5,2,16,12,1185,2
0,0,0,1,0,1,1,0,1,1,6442,27,5,0,8,22,835,1
0,1,0,0,1,0,0,1,0,0,3597,21,5,1,8,10,135,0
0,0,1,1,0,1,1,0,1,1,18804,6,6,3,11,19,440,2
0,1,1,1,0,1,1,0,1,1,6111,15,3,4,6,9,190,0
0,0,0,1,0,1,1,0,1,1,6015,9,6,6,21,0,195,0
0,0,1,0,0,0,1,1,0,1,6121,18,5,5,13,16,170,0
0,0,1,1,0,1,0,0,1,0,6287,24,5,4,10,17,435,1
0,0,1,1,0,0,1,1,0,1,7229,9,5,3,15,18,175,0
0,0,0,1,0,1,1,0,1,1,6442,12,6,2,8,16,455,1
0,0,1,1,0,0,1,1,0,1,4544,27,4,5,15,18,175,0
0,0,1,0,0,1,0,0,1,0,11542,12,6,2,9,13,1700,2
0,0,1,1,0,1,1,0,1,1,16079,21,5,1,19,4,520,1
0,1,0,1,0,1,1,0,1,1,6076,27,3,2,7,16,545,1
0,0,1,0,0,1,0,0,1,0,10408,1,4,0,10,1,920,2
0,0,1,0,0,1,1,0,1,1,8446,27,3,2,5,19,2240,2
0,1,1,0,0,0,1,0,0,1,13663,1,3,4,7,10,175,0
0,0,1,0,0,1,1,0,1,1,10671,15,5,2,20,8,705,1
1,0,0,0,0,0,1,1,0,1,3383,18,6,1,23,2,170,0
0,1,0,1,0,1,1,0,1,1,9021,9,5,3,10,1,910,1
0,1,0,1,0,1,1,0,1,1,14533,18,5,5,9,19,615,1
0,0,1,1,0,1,1,0,1,1,11992,6,6,3,11,4,1000,2
0,0,0,1,1,0,0,1,0,0,3597,12,5,6,13,15,140,0
0,0,0,1,0,0,1,1,0,1,4077,9,6,6,1,4,165,0
0,1,0,1,0,1,1,0,1,1,9646,12,6,2,7,16,545,1
0,1,0,0,0,1,0,0,1,0,3873,1,4,0,22,0,140,0
0,0,1,1,0,1,1,0,1,1,15129,9,5,3,19,19,1430,2
0,0,0,1,0,1,1,0,1,1,6104,9,6,6,17,1,480,1
0,0,1,1,0,1,1,0,1,1,16022,6,3,2,19,4,1995,2
0,0,1,1,0,0,1,0,0,1,10562,9,3,5,9,0,885,1
0,0,1,0,0,1,1,0,1,1,10945,9,3,5,6,9,1640,1
0,1,0,0,0,1,0,0,1,0,3873,27,5,0,9,11,145,0
0,0,1,1,1,0,1,1,1,0,1840,27,3,2,2,4,90,0
0,0,0,1,0,1,1,0,1,1,9585,3,3,6,4,12,425,1
0,0,1,1,1,0,1,1,1,0,3210,18,5,5,19,21,90,0
0,0,0,1,0,1,1,0,1,1,6147,9,5,3,15,20,290,1
0,0,1,1,0,1,0,0,1,0,7341,9,5,3,17,23,395,1
0,0,1,0,0,1,1,0,1,1,8372,21,5,1,9,19,615,1
0,1,0,1,0,1,1,0,1,1,10877,27,6,3,7,19,690,1
0,0,1,0,0,1,1,0,1,1,10441,9,5,3,22,19,1275,2
0,0,0,1,0,1,1,0,1,1,13611,6,3,2,4,21,975,1
0,0,1,1,0,0,1,0,0,1,11087,9,3,5,8,10,1550,1
0,0,1,1,0,1,1,0,1,1,5963,27,3,2,19,19,1470,1
0,0,0,1,1,0,0,1,0,0,3597,24,5,4,13,15,140,0
0,0,1,1,0,1,0,0,1,0,8529,12,6,2,18,10,910,1
0,1,0,1,0,1,1,0,1,1,10678,12,6,2,4,19,845,1
0,0,0,1,0,1,1,0,1,1,8285,27,3,2,8,21,755,1
0,0,1,1,0,1,1,0,1,1,18371,12,6,2,2,12,620,1
0,0,1,1,0,1,0,0,1,0,12692,6,6,3,20,9,800,1
0,0,0,1,0,0,1,1,0,1,4423,24,4,2,6,8,165,0
0,0,1,1,0,0,1,1,0,1,7229,9,6,6,19,22,180,0
0,0,0,1,0,0,1,0,0,1,6144,3,3,6,23,2,170,0
0,0,1,1,0,1,1,0,1,1,10919,1,6,5,6,4,1300,2
0,0,0,1,0,1,0,0,1,0,4148,27,3,2,21,0,160,0
0,1,0,0,0,0,1,0,0,1,3873,24,3,6,20,23,170,0
0,0,1,1,0,1,1,0,1,1,11702,21,3,3,9,18,550,2
0,0,0,1,0,1,1,0,1,1,14871,6,3,2,17,1,505,1
0,0,1,0,0,0,1,0,0,1,11234,18,3,0,6,11,1705,2
0,0,0,1,0,1,1,0,1,1,6938,6,6,3,14,22,490,1
0,0,0,1,0,1,1,0,1,1,6093,12,6,2,8,21,750,1
0,0,0,1,0,0,1,1,0,1,3943,15,5,2,10,13,170,0
0,0,1,1,1,0,1,1,1,0,8040,6,6,3,10,11,90,0
0,0,1,1,0,1,1,0,1,1,15129,9,5,3,23,12,810,2
0,1,0,0,1,0,0,1,0,0,3597,9,5,3,17,20,140,0
0,1,1,1,0,1,0,0,1,0,8610,6,5,0,7,18,700,1
0,0,1,1,0,1,0,0,1,0,13067,1,5,2,17,23,395,1
0,1,0,0,0,0,1,1,0,1,4991,9,5,3,9,12,170,0
0,1,0,0,0,1,0,0,1,0,4649,1,4,0,15,20,315,1
0,1,0,0,1,0,0,1,0,0,3597,18,5,5,8,10,135,0
0,0,1,1,0,1,1,0,1,1,12898,21,5,1,8,19,660,1
0,0,1,1,0,1,1,0,1,1,9296,27,3,2,6,19,2245,2
0,0,0,1,0,0,1,0,0,1,8855,3,3,6,16,19,170,0
0,0,1,1,0,1,1,0,1,1,10262,6,6,3,21,19,1270,1
0,0,0,1,0,0,1,1,0,1,3943,24,6,0,6,8,165,0
0,1,0,1,0,1,1,0,1,1,9001,3,6,0,12,19,385,1
0,1,0,1,0,1,1,0,1,1,7670,18,5,5,10,1,910,1
0,1,0,1,0,1,1,0,1,1,7530,3,6,0,17,1,465,1
0,0,0,1,0,1,0,0,1,0,8443,1,5,2,9,14,295,1
0,1,0,0,0,1,1,0,1,1,5351,1,4,0,6,11,315,1
0,1,1,1,0,1,1,0,1,1,6688,21,3,3,6,9,190,0
0,0,1,1,0,0,1,0,0,1,11087,12,3,1,20,19,1355,1
0,0,1,0,0,0,1,0,0,1,7664,15,3,4,5,12,1815,2
0,0,0,1,0,1,0,0,1,0,4775,15,4,0,15,20,315,1
0,1,1,0,0,1,0,0,1,0,3514,27,6,3,15,17,155,0
0,0,1,1,0,1,1,0,1,1,13376,24,6,0,6,4,1300,2
0,0,1,1,0,1,1,0,1,1,14300,12,6,2,8,12,1705,2
0,0,1,0,0,1,1,0,1,1,7480,27,6,3,20,9,765,1
0,0,0,1,1,0,1,1,1,0,2227,12,5,6,21,22,90,0
1,0,0,0,0,1,1,0,1,1,7452,18,5,5,7,22,870,1
1,0,0,0,0,1,0,0,1,0,4409,24,5,4,10,12,155,0
0,0,1,0,0,1,0,0,1,0,4647,3,4,2,9,11,1555,2
0,1,0,0,1,0,0,1,0,0,3332,21,3,3,9,12,155,0
0,0,1,0,0,1,1,0,1,1,6902,27,3,2,10,19,555,1
1,0,0,0,0,1,0,0,1,0,6857,6,6,3,19,23,215,1
0,0,1,1,0,1,1,0,1,1,12373,9,5,3,19,4,550,1
0,1,0,1,0,1,1,0,1,1,11789,15,6,5,11,19,440,1
0,0,1,0,0,1,1,0,1,1,13039,9,5,3,17,7,865,2
0,0,1,1,0,0,1,0,0,1,11087,12,3,1,22,11,750,1
0,1,1,1,0,1,0,0,1,0,9345,18,5,5,20,23,1625,1
0,1,0,0,1,0,1,1,1,0,1965,24,6,0,22,0,90,0
0,0,0,1,0,1,1,0,1,1,6093,3,6,0,7,21,810,1
0,0,1,1,0,1,0,0,1,0,11841,9,6,6,18,8,800,1
0,0,1,1,0,1,0,0,1,0,9663,9,5,3,21,10,775,1
0,0,1,1,0,1,1,0,1,1,14714,6,6,3,19,19,1425,1
0,0,1,1,0,1,0,0,1,0,8529,12,6,2,18,22,1660,1
0,0,0,1,0,1,1,0,1,1,5073,6,4,5,7,12,275,1
0,0,1,1,0,0,1,1,0,1,7229,24,4,2,7,10,180,0
0,0,1,0,0,1,1,0,1,1,9194,6,6,3,10,19,555,1
0,1,0,1,0,1,1,0,1,1,11789,12,6,2,11,19,440,1
0,1,0,0,1,0,1,1,1,0,2017,12,6,2,13,14,90,0
0,0,1,0,0,1,0,0,1,0,15894,6,6,3,14,12,1320,2
0,0,0,1,0,0,1,1,0,1,3419,9,5,3,1,4,165,0
0,0,1,1,0,1,1,0,1,1,10368,9,6,6,5,4,1375,2
0,0,0,1,0,1,1,0,1,1,6027,24,4,2,15,20,290,1
0,0,1,0,0,1,1,0,1,1,7480,18,5,5,20,9,765,1
0,1,0,0,0,1,0,0,1,0,7189,12,6,2,8,17,520,1
0,0,1,0,0,0,1,0,0,1,7276,15,3,4,10,12,165,0
0,0,1,1,0,1,1,0,1,1,15764,6,3,2,11,4,1015,1
0,0,1,1,0,1,1,0,1,1,14714,6,6,3,19,4,550,1
0,1,0,1,0,1,1,0,1,1,7888,21,5,1,17,1,510,1
0,0,1,1,0,1,1,0,1,1,10262,6,6,3,8,4,1225,1
0,0,1,1,0,1,1,0,1,1,15318,18,5,5,20,4,505,2
0,0,1,1,0,1,0,0,1,0,5608,1,5,2,10,17,435,1
0,0,1,1,0,1,0,0,1,0,12681,1,4,0,8,18,590,1
0,0,1,0,0,1,1,0,1,1,9417,6,3,2,17,9,970,2
0,1,0,1,0,1,1,0,1,1,17057,3,3,6,7,21,835,1
0,1,0,1,0,1,1,0,1,1,12537,27,3,2,13,21,480,1
0,0,1,0,0,1,1,0,1,1,10651,27,5,0,22,19,1275,2
0,1,1,1,0,1,1,0,1,1,6741,1,6,5,6,9,190,0
0,0,1,1,0,1,0,0,1,0,10844,24,5,4,20,22,1595,1
0,0,1,0,0,1,1,0,1,1,13381,27,5,0,14,19,1730,2
0,0,0,1,0,0,1,1,0,1,4423,6,4,5,6,8,165,0
0,0,1,1,1,0,1,1,1,0,5678,27,5,0,19,21,90,0
0,0,1,1,0,1,1,0,1,1,12719,21,5,1,9,12,1620,2
0,0,0,1,0,1,1,0,1,1,5054,1,6,5,7,12,275,1
0,0,1,0,0,1,1,0,1,1,7480,24,5,4,9,9,1420,1
0,0,1,0,0,0,1,1,0,1,6961,3,6,0,17,19,165,0
0,1,0,0,0,1,0,0,1,0,3841,24,4,2,17,19,150,0
0,0,0,1,0,0,1,1,0,1,3943,3,6,0,21,0,180,0
0,0,1,1,0,0,1,1,0,1,7229,3,5,4,8,11,180,0
0,1,0,0,0,0,1,1,0,1,4319,15,5,2,9,12,170,0
0,0,0,1,0,0,1,1,0,1,4423,24,4,2,13,15,170,0
0,0,1,1,0,1,1,0,1,1,16079,21,5,1,22,4,335,1
0,0,1,1,0,0,1,1,0,1,7754,21,6,4,19,22,180,0
0,0,1,0,0,1,1,0,1,1,10467,1,6,5,13,9,1210,2
0,0,1,1,0,1,1,0,1,1,14714,3,6,0,17,12,1145,1
0,0,1,0,0,1,0,0,1,0,7452,1,5,2,16,21,1700,1
0,0,1,0,0,1,1,0,1,1,13276,21,5,1,13,19,1795,2
0,0,1,0,0,0,1,0,0,1,31783,1,3,4,8,10,1545,2
0,0,1,0,1,0,0,1,0,0,4667,1,5,2,11,13,135,0
0,0,1,1,0,0,1,1,0,1,7229,15,6,5,15,18,175,0
0,0,1,1,0,1,1,0,1,1,14237,15,6,5,18,12,1090,2
0,1,0,1,0,1,1,0,1,1,8266,15,5,2,10,19,535,1
0,0,1,1,0,1,1,0,1,1,13882,24,6,0,9,4,1140,2
0,0,0,1,0,0,1,1,0,1,4823,6,5,0,20,22,170,0
1,0,0,0,0,0,1,1,0,1,4483,24,5,4,23,2,170,0
0,0,1,0,0,0,1,1,0,1,6961,12,6,2,6,8,165,0
0,0,1,1,0,1,0,0,1,0,9663,12,5,6,18,10,910,1
0,0,1,1,0,1,1,0,1,1,16704,18,5,5,23,4,1760,2
0,0,0,1,1,0,1,1,1,0,4049,12,5,6,9,10,90,0
0,1,0,0,1,0,0,1,0,0,3807,24,3,6,8,10,135,0
0,0,0,1,0,1,1,0,1,1,6442,9,6,6,6,22,940,1
0,0,1,1,0,0,1,0,0,1,7832,15,3,4,7,7,1480,1
0,0,0,1,0,1,1,0,1,1,6442,24,6,0,8,22,835,1
0,0,0,1,0,0,1,1,0,1,4823,21,4,6,20,22,170,0
0,0,1,1,0,0,1,0,0,1,13555,6,3,2,5,5,1400,1
0,1,1,0,0,1,1,0,1,1,5135,6,4,5,10,19,540,1
1,0,0,0,0,0,1,1,0,1,3383,15,5,2,23,2,170,0
0,1,1,0,0,1,1,0,1,1,5842,15,6,5,7,13,370,1
0,0,1,1,0,1,1,0,1,1,16704,18,5,5,13,4,900,2
0,0,1,0,0,1,0,0,1,0,8366,1,5,2,16,7,905,1
0,1,0,0,1,0,1,1,1,0,1965,9,5,3,5,7,90,0
0,1,0,0,0,1,0,0,1,0,3873,6,6,3,17,19,150,0
0,0,1,1,0,0,1,0,0,1,27992,1,3,4,8,20,740,1
0,1,0,1,0,1,1,0,1,1,10678,6,6,3,4,12,460,1
0,0,1,0,0,0,1,0,0,1,6824,21,3,3,8,23,865,1
0,0,1,0,0,1,1,0,1,1,9443,12,6,2,5,19,2295,2
0,1,0,1,0,1,1,0,1,1,13378,21,3,3,7,19,730,1
0,0,0,1,0,0,1,1,0,1,3943,1,5,2,4,6,170,0
0,0,0,1,0,1,1,0,1,1,7191,18,5,5,11,21,575,1
0,1,0,0,0,0,1,1,0,1,3625,27,6,3,5,8,160,0
0,1,1,0,0,1,1,0,1,1,6841,27,5,0,7,13,370,1
0,0,1,1,0,1,0,0,1,0,11134,24,3,6,16,23,390,1
0,0,1,1,0,1,0,0,1,0,14571,6,6,3,18,20,1550,1
0,0,1,0,0,0,1,0,0,1,12346,1,3,4,5,12,1825,3
0,0,1,1,0,0,1,1,0,1,4544,21,4,6,17,20,180,0
0,0,1,1,0,1,1,0,1,1,13376,9,6,6,14,4,830,2
0,0,1,1,0,0,1,0,0,1,11087,12,3,1,18,12,1050,1
0,1,0,0,0,1,0,0,1,0,5515,3,3,6,9,11,150,0
0,0,0,1,0,1,0,0,1,0,4804,27,6,3,4,7,155,0
0,0,0,1,1,0,0,1,0,0,3597,12,6,2,13,15,140,0
0,1,0,1,0,1,1,0,1,1,15353,6,3,2,6,19,795,1
0,0,1,1,0,1,0,0,1,0,9899,12,6,2,6,16,590,1
0,0,1,1,0,0,1,0,0,1,13817,12,3,1,8,21,745,1
0,0,1,1,0,1,1,0,1,1,19329,6,3,2,19,19,1475,2
0,0,1,1,0,1,1,0,1,1,16289,12,6,2,7,12,330,1
0,0,1,1,0,1,0,0,1,0,9663,15,5,2,18,10,910,1
0,0,1,0,0,1,1,0,1,1,10975,3,6,0,9,9,1420,2
1,0,0,0,0,1,0,0,1,0,4384,18,3,0,10,12,155,0
0,0,1,1,0,1,1,0,1,1,14714,12,6,2,9,19,600,1
0,0,1,1,0,1,1,0,1,1,10919,12,6,2,14,4,830,2
0,0,1,1,0,1,0,0,1,0,14388,21,5,1,14,4,875,1
0,1,0,1,0,1,1,0,1,1,10877,15,6,5,11,19,455,1
0,0,0,1,0,1,1,0,1,1,7191,6,5,0,7,21,810,1
0,1,1,0,0,1,0,0,1,0,6686,1,5,2,23,7,495,1
0,1,0,1,0,1,1,0,1,1,7530,3,6,0,12,1,760,1
0,0,0,1,0,1,1,0,1,1,6442,15,6,5,7,22,895,1
0,0,1,1,0,1,1,0,1,1,10262,27,6,3,9,12,1655,1
0,0,1,1,0,0,1,0,0,1,13817,12,3,1,18,9,875,1
0,0,1,1,0,1,0,0,1,0,13626,12,6,2,14,23,570,1
0,0,1,1,0,1,0,0,1,0,14388,12,5,6,18,10,910,1
0,0,0,1,0,1,0,0,1,0,4804,27,4,5,4,7,155,0
0,0,0,1,0,1,1,0,1,1,5406,21,3,3,14,17,185,0
0,1,0,0,0,1,1,0,1,1,4611,3,4,2,17,22,295,1
0,0,0,1,0,1,0,0,1,0,5069,9,6,6,8,13,290,1
0,1,1,0,0,0,1,1,0,1,3898,6,6,3,7,10,175,0
0,0,0,1,1,0,1,1,1,0,2754,6,6,3,12,13,90,0
0,1,0,1,0,1,1,0,1,1,6943,27,5,0,15,1,630,1
0,0,1,1,0,1,0,0,1,0,14781,18,5,5,5,18,750,1
0,0,1,1,0,1,1,0,1,1,16079,21,5,1,13,19,360,1
0,0,0,1,0,0,1,0,0,1,8033,15,3,4,16,19,170,0
0,1,0,1,0,1,1,0,1,1,6953,27,3,2,11,19,455,1
0,0,0,1,0,0,1,1,0,1,4823,12,5,6,7,10,175,0
0,0,0,1,0,1,0,0,1,0,4174,9,4,1,4,7,155,0
0,0,1,1,0,1,1,0,1,1,12819,27,6,3,13,19,1775,2
0,0,1,1,0,1,0,0,1,0,9663,15,5,2,21,4,450,1
0,1,0,0,0,1,0,0,1,0,3841,3,5,4,6,9,155,0
0,0,0,1,0,1,1,0,1,1,5000,27,6,3,5,8,195,0
0,0,1,0,0,0,1,0,0,1,13366,1,3,4,5,22,980,2
0,1,1,1,1,0,1,1,1,0,12395,6,3,2,21,16,1130,1
0,0,1,0,0,1,0,0,1,0,7452,15,5,2,16,21,1700,1
0,0,1,1,0,1,1,0,1,1,15554,18,5,5,19,19,1395,1
0,0,1,1,0,1,0,0,1,0,13067,6,5,0,17,15,1325,1
0,0,0,1,0,1,0,0,1,0,6565,1,3,4,15,17,155,0
0,1,0,0,1,0,1,1,1,0,1965,24,5,4,5,7,90,0
0,1,0,0,1,0,0,1,0,0,3332,27,3,2,9,12,155,0
0,0,0,1,0,0,1,0,0,1,6208,21,3,3,5,10,285,1
0,0,1,0,0,0,1,0,0,1,11161,18,3,0,13,18,1730,1
0,0,1,0,0,1,0,0,1,0,12224,12,6,2,10,13,1665,2
0,0,1,1,0,1,0,0,1,0,9663,1,5,2,18,12,1025,1
0,0,1,1,0,0,1,0,0,1,12284,18,3,0,8,15,380,1
0,0,1,0,0,1,1,0,1,1,7480,27,5,0,17,9,965,1
0,0,1,1,0,1,1,0,1,1,17024,6,3,2,19,4,550,1
0,0,1,1,0,1,0,0,1,0,14151,6,6,3,20,19,1365,1
0,0,0,1,0,1,0,0,1,0,4804,21,6,4,17,19,155,0
0,0,0,1,0,1,1,0,1,1,6069,18,5,5,16,21,300,1
0,1,1,1,0,0,1,0,0,1,6065,21,3,3,6,21,915,1
0,0,1,1,0,1,0,0,1,0,14151,18,5,5,20,9,800,1
0,0,1,1,0,1,0,0,1,0,14231,24,3,6,18,12,1025,1
0,1,1,1,1,0,1,1,1,0,12395,6,3,2,15,9,1065,1
0,0,0,1,0,1,1,0,1,1,5636,24,4,2,2,7,325,1
0,0,1,0,0,1,1,0,1,1,5232,6,4,5,17,23,320,1
0,0,1,1,0,1,1,0,1,1,14714,1,6,5,14,4,865,1
0,0,0,1,1,0,0,1,0,0,3850,6,5,0,7,10,140,0
0,0,1,0,0,1,1,0,1,1,7258,27,5,0,17,9,955,1
0,0,1,1,0,0,1,0,0,1,17471,6,3,2,21,20,1375,1
0,1,0,0,0,0,1,1,0,1,4423,9,5,3,21,0,175,0
0,0,0,1,1,0,1,1,1,0,2227,18,6,1,21,22,90,0
0,1,0,1,0,1,1,0,1,1,13377,24,6,0,10,1,930,1
0,0,1,1,0,0,1,1,0,1,8016,12,6,2,8,11,180,0
0,0,1,0,0,0,1,0,0,1,5626,9,3,5,6,8,1560,1
0,0,0,1,0,0,1,0,0,1,6860,21,3,3,16,19,170,0
0,0,0,1,0,1,1,0,1,1,6628,1,6,5,18,1,415,1
0,0,1,1,0,1,1,0,1,1,11627,6,6,3,13,12,1415,1
0,1,0,0,0,1,0,0,1,0,4174,9,6,6,17,19,150,0
0,0,1,1,0,1,1,0,1,1,14714,1,6,5,18,4,610,1
0,0,1,1,0,1,0,0,1,0,14151,12,5,6,9,21,690,1
0,0,1,1,0,1,1,0,1,1,12898,27,5,0,16,19,1620,1
0,0,1,1,0,1,1,0,1,1,12373,18,5,5,21,4,395,1
0,0,0,1,0,0,1,1,0,1,3943,18,6,1,10,13,170,0
1,0,0,0,0,1,0,0,1,0,7870,9,6,6,15,23,500,2
0,0,1,1,0,0,1,1,0,1,8016,18,6,1,18,22,185,0
0,0,1,0,0,1,1,0,1,1,10975,15,5,2,13,9,1220,2
0,0,0,1,1,0,0,1,0,0,3850,27,5,0,7,10,140,0
0,0,0,1,0,1,0,0,1,0,4804,18,6,1,20,23,165,0
0,0,1,1,0,1,1,0,1,1,15554,9,3,5,20,4,455,1
0,1,0,0,0,1,0,0,1,0,4465,18,3,0,6,9,160,0
0,0,1,1,0,1,0,0,1,0,11841,9,6,6,21,10,775,1
0,1,0,1,0,1,1,0,1,1,19332,9,3,5,8,19,675,1
0,1,0,0,0,1,0,0,1,0,3841,21,6,4,17,19,150,0
0,0,0,1,0,0,1,1,0,1,4591,12,4,4,10,13,170,0
0,0,0,1,0,1,0,0,1,0,5192,24,5,4,15,20,290,1
0,0,1,1,0,1,1,0,1,1,10577,9,6,6,18,12,1100,1
0,0,1,1,0,1,1,0,1,1,15129,18,5,5,19,4,535,2
0,1,0,1,0,1,1,0,1,1,11789,6,6,3,6,19,780,1
0,0,1,0,0,1,1,0,1,1,8372,15,6,5,21,7,640,1
0,1,0,1,0,1,1,0,1,1,8266,9,5,3,6,19,795,1
0,0,1,1,0,1,0,0,1,0,14781,6,5,0,6,19,800,1
0,1,1,1,0,0,1,1,0,1,5613,21,4,6,17,19,155,0
0,0,1,1,0,0,1,1,0,1,7229,24,4,2,15,18,175,0
0,0,0,1,0,1,1,0,1,1,6093,24,6,0,8,21,750,1
0,0,1,1,0,1,1,0,1,1,15544,21,5,1,5,12,425,2
0,1,1,0,0,1,1,0,1,1,6296,18,5,5,7,13,370,1
0,0,0,1,0,1,0,0,1,0,4804,27,4,5,9,12,165,0
1,0,0,0,0,0,1,0,0,1,4284,18,3,0,5,8,170,0
0,0,0,1,0,1,1,0,1,1,6558,21,3,3,7,22,885,1
0,0,0,1,0,1,1,0,1,1,5775,24,6,0,21,3,345,1
0,1,0,0,1,0,0,1,0,0,3543,21,6,4,8,10,135,0
0,0,1,1,0,1,1,0,1,1,17024,6,3,2,9,18,535,1
0,0,1,1,1,0,1,1,1,0,4050,9,6,6,7,8,85,0
0,0,1,0,1,0,1,1,1,0,14219,6,3,2,6,15,1995,2
0,0,1,1,0,0,1,0,0,1,26890,1,3,4,11,18,405,1
0,0,1,0,0,1,1,0,1,1,9653,15,6,5,19,19,1410,2
0,0,0,1,0,0,1,1,0,1,3943,21,6,4,6,8,165,0
0,0,1,1,0,1,0,0,1,0,10844,18,5,5,14,16,1575,1
0,0,1,1,0,1,0,0,1,0,8849,1,4,0,21,4,450,1
0,0,0,1,1,0,1,1,1,0,2754,12,6,2,1,3,90,0
0,0,1,0,0,1,1,0,1,1,10756,21,3,3,6,19,2185,2
0,0,1,1,0,1,0,0,1,0,14151,21,5,1,17,21,1685,1
0,0,1,1,0,1,0,0,1,0,9899,12,6,2,8,20,740,1
0,0,1,1,0,1,1,0,1,1,12242,21,3,3,22,4,385,1
0,0,1,1,0,1,1,0,1,1,10368,9,6,6,19,12,1025,2
0,0,0,1,1,0,1,1,1,0,5755,24,5,4,9,10,90,0
0,0,1,1,0,1,1,0,1,1,10262,15,6,5,18,4,610,1
0,1,0,0,0,1,0,0,1,0,6643,6,6,3,8,17,520,1
1,0,1,1,0,1,1,0,1,1,9845,21,3,3,7,21,810,1
0,0,1,1,0,1,0,0,1,0,11134,24,3,6,18,12,1025,1
0,1,0,0,0,1,1,0,1,1,5583,1,6,5,6,11,315,1
0,0,0,1,0,1,1,0,1,1,6069,15,5,2,16,21,300,1
0,0,1,1,0,0,1,0,0,1,13817,12,3,1,5,20,875,1
0,0,1,0,0,1,1,0,1,1,10283,6,3,2,5,19,2295,2
0,0,1,0,0,1,0,0,1,0,7795,24,3,6,9,21,675,1
0,1,0,1,0,1,1,0,1,1,13977,9,3,5,0,7,440,1
0,0,0,1,0,1,0,0,1,0,6038,3,3,6,20,23,160,0
0,0,0,1,0,1,1,0,1,1,5601,21,5,1,5,8,195,0
0,0,0,1,0,1,1,0,1,1,12351,9,3,5,7,21,810,1
0,0,1,0,0,1,1,0,1,1,6094,15,4,0,5,8,170,0
0,1,0,1,0,1,1,0,1,1,7575,15,5,2,10,19,520,1
0,0,1,1,0,1,1,0,1,1,16079,27,5,0,21,4,395,1
0,0,1,1,0,1,1,0,1,1,10262,15,6,5,19,19,1425,1
1,0,0,0,0,1,1,0,1,1,13470,9,6,6,16,22,340,1
0,0,1,1,0,0,1,1,0,1,8016,27,6,3,11,14,175,0
0,0,1,1,0,1,1,0,1,1,16289,9,3,5,18,18,1475,1
0,0,1,1,0,1,1,0,1,1,10262,6,6,3,19,4,520,1
0,0,0,1,0,0,1,1,0,1,4823,27,6,3,18,21,175,0
0,1,1,1,0,0,1,1,0,1,5403,9,4,1,9,12,170,0
0,0,1,1,0,1,1,0,1,1,12373,18,5,5,17,19,1530,1
0,1,0,0,1,0,1,1,1,0,13552,6,3,2,14,22,495,1
0,0,1,1,0,1,0,0,1,0,10844,9,5,3,8,20,740,1
0,0,1,0,1,0,1,1,1,0,22619,6,3,2,9,23,845,2
0,1,0,1,0,1,1,0,1,1,8625,27,5,0,10,19,520,1
0,0,0,1,0,0,1,0,0,1,4777,24,3,6,6,8,165,0
0,0,0,1,0,1,1,0,1,1,5000,21,6,4,5,8,195,0
0,0,1,1,0,1,1,0,1,1,21954,6,3,2,19,19,1475,2
0,0,1,1,0,1,1,0,1,1,11627,3,6,0,11,4,1015,1
0,0,1,1,0,1,0,0,1,0,13731,24,5,4,14,4,875,1
0,0,0,1,0,0,1,1,0,1,3943,3,4,2,22,1,170,0
0,0,1,1,0,0,1,0,0,1,6992,21,3,3,8,23,845,1
0,0,1,1,0,1,0,0,1,0,13941,6,5,0,18,4,585,1
0,0,1,1,0,1,1,0,1,1,14924,12,6,2,8,19,660,1
0,0,1,1,0,1,1,0,1,1,18371,27,6,3,2,12,620,1
0,0,0,1,1,0,0,1,0,0,7295,3,3,6,19,21,140,0
0,0,1,0,0,0,1,0,0,1,9292,9,3,5,17,16,1420,1
0,0,1,1,0,1,0,0,1,0,13941,1,5,2,20,8,735,1
0,0,0,1,0,1,0,0,1,0,4150,24,3,6,4,9,335,1
0,0,1,1,0,1,0,0,1,0,12681,1,4,0,20,23,1655,1
0,0,0,1,0,1,1,0,1,1,5601,3,6,0,5,8,195,0
0,0,1,0,0,1,0,0,1,0,14960,21,5,1,9,8,1385,2
0,1,0,1,0,1,1,0,1,1,13377,6,6,3,16,1,570,1
0,0,0,1,1,0,1,1,1,0,3342,21,3,3,12,13,85,0
0,0,1,1,0,0,1,1,0,1,8016,6,6,3,11,14,175,0
0,0,1,1,0,0,1,0,0,1,16736,6,3,2,5,23,1035,1
0,0,1,1,0,1,0,0,1,0,10031,24,3,6,21,19,1350,1
0,0,1,0,0,1,1,0,1,1,7258,21,4,6,20,8,705,1
0,0,1,1,0,0,1,1,0,1,4030,15,5,2,6,8,165,0
0,0,1,0,0,1,1,0,1,1,13381,24,6,0,14,19,1730,2
0,0,1,1,0,1,1,0,1,1,16704,24,5,4,23,4,1760,2
0,1,0,1,0,1,1,0,1,1,13587,24,6,0,9,21,720,1
0,0,1,1,1,0,1,1,1,0,5678,24,5,4,2,4,85,0
0,0,1,1,0,1,0,0,1,0,7064,1,4,0,6,9,1610,1
0,0,0,1,1,0,1,1,1,0,2754,3,6,0,1,3,90,0
0,1,1,1,0,0,1,1,0,1,4668,1,5,2,9,12,170,0
1,0,0,0,0,1,0,0,1,0,4107,21,6,4,19,22,150,0
0,0,0,1,0,1,1,0,1,1,5894,12,6,2,4,21,965,1
0,0,1,1,0,1,1,0,1,1,10262,6,6,3,17,4,655,1
0,0,1,1,0,1,0,0,1,0,13941,9,5,3,16,8,945,1
1,0,0,0,0,1,1,0,1,1,6451,27,4,5,16,7,865,1
0,0,1,0,0,1,1,0,1,1,10975,27,6,3,9,9,1420,2
0,0,1,0,0,1,1,0,1,1,14746,6,3,2,12,7,1180,2
1,0,0,0,0,1,1,0,1,1,11410,6,6,3,20,7,625,1
0,1,0,0,0,1,0,0,1,0,3841,1,5,2,6,9,155,0
0,0,1,0,0,1,1,0,1,1,13381,3,6,0,6,7,1490,2
0,1,0,1,0,1,1,0,1,1,15078,9,5,3,11,1,840,1
0,0,1,0,0,1,0,0,1,0,8891,9,5,3,9,18,545,1
0,0,1,1,0,1,0,0,1,0,7757,9,5,3,14,10,1200,1
0,0,1,0,0,0,1,1,0,1,4441,9,4,1,5,8,180,0
0,0,1,1,0,1,0,0,1,0,10031,24,3,6,19,18,1345,1
0,0,0,1,0,0,1,1,0,1,4823,12,4,4,13,15,170,0
0,0,1,0,0,1,0,0,1,0,8576,24,5,4,9,18,545,1
0,0,1,1,0,0,1,0,0,1,11087,12,3,1,20,16,1175,1
0,0,1,1,0,1,1,0,1,1,12373,18,5,5,10,12,1595,1
0,0,1,0,0,1,0,0,1,0,11432,21,5,1,9,5,1210,2
0,0,0,1,1,0,1,1,1,0,3175,15,6,5,16,18,90,0
0,0,0,1,0,1,0,0,1,0,4804,12,5,6,9,12,165,0
0,0,1,1,0,1,1,0,1,1,13014,27,6,3,9,12,1615,2
0,1,0,1,0,1,1,0,1,1,7563,6,3,2,7,22,910,1
0,1,0,0,0,1,0,0,1,0,3873,27,6,3,9,11,145,0
0,0,0,1,0,1,1,0,1,1,6282,21,5,1,11,0,780,1
0,1,0,1,0,1,1,0,1,1,11200,1,6,5,8,19,630,1
0,1,1,1,0,0,1,1,0,1,5613,24,4,2,19,22,165,0
0,0,0,1,0,1,1,0,1,1,5601,9,6,6,14,17,195,0
0,0,1,1,0,1,1,0,1,1,10262,15,6,5,14,12,1355,1
0,0,0,1,0,0,1,0,0,1,14306,1,3,4,20,22,175,0
0,0,1,1,0,1,0,0,1,0,7064,1,4,0,20,20,1485,1
0,0,1,1,0,1,1,0,1,1,18371,27,6,3,7,19,715,1
0,0,1,0,0,1,1,0,1,1,13591,18,5,5,20,19,1380,2
0,1,0,1,0,1,1,0,1,1,18275,12,6,2,17,1,460,2
0,0,0,1,0,0,1,1,0,1,3749,27,5,0,22,1,170,0
1,0,0,0,0,1,0,0,1,0,6810,6,6,3,15,23,500,2
0,1,0,1,0,1,1,0,1,1,7485,21,5,1,11,21,560,1
0,0,1,0,0,1,0,0,1,0,5510,27,5,0,14,16,150,0
0,0,1,1,0,1,1,0,1,1,10262,3,6,0,18,4,610,1
0,1,0,1,0,1,1,0,1,1,6723,24,6,0,7,16,540,1
0,1,0,1,0,1,1,0,1,1,8307,21,3,3,8,15,450,1
0,1,1,0,0,1,1,0,1,1,6146,21,4,6,5,13,460,1
0,0,1,1,0,1,1,0,1,1,15129,27,5,0,13,12,1390,2
0,0,1,1,0,1,0,0,1,0,14388,1,5,2,6,12,330,1
0,0,1,1,0,0,1,1,0,1,4544,6,4,5,6,8,165,0
0,0,1,1,0,0,1,1,0,1,5198,12,4,4,11,14,175,0
0,0,0,1,0,1,1,0,1,1,7503,18,5,5,9,1,975,1
0,1,1,0,0,0,1,0,0,1,12314,1,3,4,15,20,270,1
0,0,1,0,0,1,1,0,1,1,8372,15,5,2,13,19,375,1
0,0,1,1,0,1,0,0,1,0,14781,21,5,1,16,23,425,1
0,0,1,1,0,0,1,1,0,1,8016,24,6,0,19,22,180,0
0,0,0,1,1,0,0,1,0,0,6297,12,3,1,7,10,140,0
0,0,1,1,0,1,0,0,1,0,14388,1,5,2,8,9,1495,1
0,1,1,0,0,1,1,0,1,1,6393,1,6,5,7,13,370,1
0,0,1,1,0,1,0,0,1,0,14939,9,6,6,21,10,775,1
0,0,1,1,0,1,0,0,1,0,14781,21,5,1,8,19,685,1
0,0,0,1,0,1,1,0,1,1,14871,6,3,2,7,21,810,1
0,1,0,0,0,0,1,1,0,1,4319,6,4,5,9,12,170,0
0,0,1,1,0,1,0,0,1,0,13067,15,5,2,17,9,1005,1
0,0,1,1,0,0,1,0,0,1,26890,1,3,4,16,8,920,1
0,0,1,1,0,0,1,0,0,1,9134,15,3,4,7,13,375,1
0,0,0,1,0,0,1,1,0,1,3943,3,4,2,21,0,180,0
0,0,1,0,0,1,1,0,1,1,8879,24,6,0,7,19,735,1
0,0,1,1,0,1,0,0,1,0,14571,24,5,4,18,12,1025,1
0,0,0,1,0,1,0,0,1,0,5644,15,6,5,9,12,155,0
0,0,1,1,0,1,0,0,1,0,9663,9,6,6,6,4,1330,1
0,0,1,1,0,1,0,0,1,0,14571,9,6,6,14,23,570,1
0,1,0,0,0,0,1,1,0,1,3971,9,6,6,21,0,175,0
0,0,1,1,0,1,1,0,1,1,17024,6,3,2,9,18,590,1
0,1,0,0,0,1,0,0,1,0,3841,15,5,2,17,19,150,0
0,0,1,1,0,1,1,0,1,1,12898,27,5,0,19,19,1395,1
0,0,1,1,0,1,1,0,1,1,13376,6,6,3,14,4,830,2
0,0,1,1,0,1,1,0,1,1,9905,15,6,5,21,12,910,2
0,1,0,1,0,1,1,0,1,1,13587,15,6,5,8,21,780,1
0,1,0,1,0,1,1,0,1,1,7740,24,6,0,6,21,900,1
0,1,0,1,0,1,1,0,1,1,9794,21,5,1,6,12,395,1
0,0,1,1,0,0,1,0,0,1,17471,6,3,2,22,21,1350,1
0,0,1,1,0,1,1,0,1,1,15129,9,3,5,13,4,880,2
0,0,1,1,0,1,0,0,1,0,11467,1,5,2,9,14,1730,1
0,0,1,0,0,1,0,0,1,0,6528,12,6,2,14,14,1440,1
0,1,0,1,0,1,1,0,1,1,8266,27,6,3,7,19,705,1
0,0,0,1,0,1,1,0,1,1,6442,6,3,2,6,22,940,1
0,0,1,1,0,1,1,0,1,1,10262,12,6,2,22,12,825,1
0,0,1,1,1,0,1,1,1,0,17501,1,3,4,7,8,85,0
0,0,1,0,0,0,1,1,0,1,8273,24,5,4,6,8,165,0
0,0,1,0,0,1,1,0,1,1,10703,21,3,3,18,19,1485,2
0,1,0,1,0,1,1,0,1,1,8510,15,6,5,10,1,930,1
0,0,0,1,1,0,1,1,1,0,2754,15,3,4,20,21,90,0
0,0,0,1,1,0,1,1,1,0,2227,18,5,5,21,22,90,0
0,1,0,1,0,1,1,0,1,1,18275,27,6,3,17,1,460,2
0,1,0,0,0,1,1,0,1,1,6356,21,4,6,8,13,270,1
0,0,1,1,0,1,0,0,1,0,14781,15,5,2,14,20,400,1
0,0,1,1,0,1,1,0,1,1,13029,27,5,0,9,12,1615,2
0,1,1,0,0,0,1,1,0,1,4340,1,5,2,11,14,170,0
0,0,1,0,0,1,0,0,1,0,12224,12,6,2,17,13,1215,2
0,0,1,1,0,1,0,0,1,0,10844,24,5,4,16,18,1545,1
0,0,0,1,0,1,0,0,1,0,4174,15,4,0,9,12,165,0
0,0,1,0,0,0,1,0,0,1,14887,1,3,4,17,22,1795,2
0,1,0,1,0,1,1,0,1,1,12853,9,4,1,9,19,615,1
1,0,0,0,0,0,1,1,0,1,3383,15,5,2,11,13,165,0
0,1,1,0,0,0,1,0,0,1,11111,1,3,4,11,14,175,0
0,0,1,1,0,0,1,1,0,1,7229,1,4,0,17,20,180,0
0,0,1,1,0,0,1,1,0,1,4030,6,5,0,17,20,180,0
0,0,0,1,0,1,1,0,1,1,14871,3,3,6,15,1,635,1
0,0,1,1,0,1,1,0,1,1,12898,27,5,0,19,4,520,1
0,1,0,1,0,1,1,0,1,1,14533,18,5,5,11,19,465,1
0,0,1,0,0,1,1,0,1,1,7258,6,6,3,17,8,875,1
0,1,0,0,0,1,1,0,1,1,4812,1,4,0,8,13,270,1
0,0,1,1,0,1,0,0,1,0,12384,9,5,3,9,21,690,1
0,0,1,0,0,1,1,0,1,1,8603,6,6,3,12,7,1180,2
0,0,1,0,0,1,1,0,1,1,8603,6,6,3,12,19,435,2
0,0,1,1,0,1,0,0,1,0,14231,24,3,6,13,23,570,1
1,0,0,0,0,1,1,0,1,1,11410,1,6,5,20,7,625,1
0,0,1,0,0,0,1,0,0,1,12725,12,3,1,8,9,1475,2
0,0,1,1,0,1,1,0,1,1,13292,9,6,6,9,12,1620,2
0,1,0,0,0,1,0,0,1,0,3873,24,4,2,6,9,155,0
0,0,0,1,1,0,0,1,0,0,3850,15,6,5,7,10,140,0
0,1,0,0,0,1,0,0,1,0,8479,9,6,6,11,18,435,1
0,0,1,1,0,1,0,0,1,0,14151,24,5,4,9,23,840,1
0,0,1,0,0,0,1,1,0,1,5228,24,4,2,6,8,165,0
0,1,1,1,0,1,0,0,1,0,9397,9,6,6,7,9,1555,1
0,0,1,1,1,0,1,1,1,0,4995,18,6,1,7,8,85,0
1,0,0,0,0,0,1,1,0,1,4282,3,4,2,4,7,170,0
0,0,1,0,0,1,0,0,1,0,10697,21,5,1,8,21,810,2
0,0,1,1,0,1,0,0,1,0,9314,21,5,1,9,14,1730,1
0,0,0,1,1,0,0,1,0,0,3540,27,6,3,5,7,145,0
0,0,1,0,0,1,1,0,1,1,9443,12,6,2,16,19,1595,2
0,1,0,1,0,1,1,0,1,1,15147,6,3,2,7,15,480,1
0,0,1,1,0,0,1,1,0,1,8016,27,6,3,8,11,180,0
0,0,0,1,1,0,1,1,1,0,2437,24,5,4,21,22,90,0
0,0,0,1,0,1,1,0,1,1,6104,27,5,0,10,1,895,1
0,1,0,0,1,0,1,1,1,0,1965,6,6,3,22,0,90,0
0,1,0,1,0,1,1,0,1,1,7408,12,6,2,13,21,480,1
0,0,0,1,1,0,1,1,1,0,4049,18,6,1,6,7,90,0
0,0,1,1,0,0,1,1,0,1,8016,1,6,5,19,22,180,0
0,1,0,1,0,1,1,0,1,1,10197,9,5,3,7,19,720,1
0,0,1,1,0,1,0,0,1,0,10844,1,5,2,21,8,665,1
0,0,1,1,0,1,0,0,1,0,12692,9,6,6,17,19,1570,1
0,0,1,1,0,1,0,0,1,0,14781,6,5,0,8,16,475,1
0,1,1,0,0,1,0,0,1,0,7335,24,5,4,23,7,495,1
0,0,1,1,0,0,1,1,0,1,7229,27,5,0,8,11,180,0
0,1,1,1,0,0,1,0,0,1,4353,24,3,6,21,0,175,0
0,0,1,1,0,1,0,0,1,0,13941,18,5,5,20,8,735,1
0,0,1,1,0,0,1,0,0,1,12295,12,3,1,9,14,280,1
0,0,1,1,0,1,1,0,1,1,12898,27,5,0,22,12,825,1
0,1,1,1,0,1,0,0,1,0,7927,9,5,3,7,22,930,1
1,0,0,0,0,0,1,1,0,1,4483,15,4,0,23,2,170,0
0,0,1,1,0,0,1,0,0,1,19225,6,3,2,11,18,405,1
0,1,1,0,0,1,1,0,1,1,4692,24,4,2,7,13,370,1
0,0,1,1,0,0,1,0,0,1,13555,18,3,0,21,9,725,1
0,0,0,1,0,1,1,0,1,1,6270,9,4,1,15,1,630,1
0,0,1,1,0,1,0,0,1,0,13584,6,5,0,18,16,1285,1
0,0,1,1,0,1,1,0,1,1,13180,21,3,3,16,18,1600,2
0,0,1,1,0,1,0,0,1,0,14151,12,5,6,20,18,1295,1
0,1,1,1,0,1,1,0,1,1,6216,12,5,6,6,9,190,0
0,1,0,1,0,1,1,0,1,1,15135,3,3,6,7,18,680,1
0,1,0,1,0,1,1,0,1,1,15136,6,3,2,11,21,570,1
0,0,1,1,0,1,1,0,1,1,10262,27,6,3,2,19,1005,1
0,0,1,1,0,1,0,0,1,0,12384,18,5,5,9,22,750,1
0,0,1,1,0,1,0,0,1,0,9314,1,4,0,9,19,575,1
0,0,1,1,0,1,0,0,1,0,9314,6,5,0,17,18,1500,1
0,0,1,0,0,1,1,0,1,1,10454,1,6,5,9,19,615,1
0,0,1,0,0,1,1,0,1,1,8372,18,5,5,23,7,520,1
0,0,1,1,0,1,1,0,1,1,11848,9,3,5,19,4,520,1
0,0,0,1,0,1,1,0,1,1,6416,1,6,5,8,21,750,1
0,0,0,1,1,0,1,1,1,0,3342,1,4,0,9,10,90,0
0,0,1,1,0,1,0,0,1,0,10118,6,6,3,6,7,1495,2
0,0,1,0,0,1,0,0,1,0,14960,12,6,2,16,12,1185,2
0,0,0,1,0,1,1,0,1,1,6818,15,6,5,5,16,665,1
0,0,1,0,0,1,0,0,1,0,5510,12,6,2,14,16,150,0
0,0,1,1,0,1,0,0,1,0,14388,21,5,1,6,9,1610,1
0,1,0,1,0,1,1,0,1,1,7038,3,6,0,14,22,455,1
0,1,0,1,0,1,1,0,1,1,8266,9,5,3,8,19,630,1
0,0,1,1,0,1,1,0,1,1,14300,27,6,3,18,19,1480,2
0,0,1,0,0,1,0,0,1,0,8366,9,5,3,9,7,1350,1
0,0,1,1,0,0,1,0,0,1,17261,6,3,2,22,10,695,1
0,1,1,1,0,1,0,0,1,0,8452,6,6,3,7,9,1555,1
0,0,0,1,0,1,0,0,1,0,8567,1,4,0,15,20,320,1
0,1,0,1,0,1,1,0,1,1,9646,15,6,5,7,22,925,1
0,0,1,0,0,1,1,0,1,1,8341,9,4,1,22,19,1275,2
0,0,1,1,0,1,1,0,1,1,12373,9,5,3,17,19,1530,1
0,1,0,0,1,0,0,1,0,0,3543,21,6,4,17,20,140,0
0,0,1,1,0,1,0,0,1,0,13994,9,6,6,17,23,395,1
0,0,0,1,0,0,1,0,0,1,4777,24,3,6,4,6,170,0
0,1,0,1,0,1,1,0,1,1,7038,1,6,5,14,22,455,1
0,0,0,1,1,0,1,1,1,0,3175,3,4,2,16,18,90,0
0,1,0,1,0,1,1,0,1,1,7408,9,6,6,10,21,660,1
0,0,0,1,0,0,1,1,0,1,3943,15,6,5,21,0,180,0
0,0,1,1,0,1,1,0,1,1,15974,6,3,2,8,4,1225,1
0,1,0,0,0,1,0,0,1,0,3873,27,5,0,6,9,155,0
0,0,0,1,0,0,1,1,0,1,4423,15,4,0,10,13,170,0
0,0,1,1,0,1,1,0,1,1,15129,27,5,0,9,4,1125,2
0,0,0,1,0,1,1,0,1,1,8285,21,3,3,8,21,755,1
0,0,1,0,1,0,1,1,1,0,3100,6,6,3,6,7,80,0
0,0,1,0,0,0,1,0,0,1,25430,1,3,4,8,9,1475,2
0,1,0,0,1,0,1,1,1,0,2385,18,3,0,13,14,80,0
0,0,1,1,0,1,0,0,1,0,11316,6,6,3,10,17,435,1
0,0,1,1,0,1,1,0,1,1,10262,15,6,5,2,19,1005,1
0,0,1,0,0,1,0,0,1,0,7662,24,5,4,5,13,445,2
0,0,1,1,0,1,0,0,1,0,14231,24,3,6,16,19,1605,1
0,0,0,1,0,1,1,0,1,1,6838,9,6,6,9,21,705,1
0,0,1,1,0,1,1,0,1,1,13376,15,6,5,6,4,1300,2
0,0,1,1,0,1,1,0,1,1,10262,24,6,0,15,19,1680,1
0,0,0,1,0,1,1,0,1,1,8574,27,3,2,7,15,480,1
0,0,1,1,0,0,1,0,0,1,7832,9,3,5,21,7,615,1
0,1,0,1,0,1,1,0,1,1,12192,24,6,0,3,19,910,1
0,0,1,1,1,0,1,1,1,0,4050,15,6,5,10,11,90,0
0,1,1,0,0,0,1,1,0,1,6722,12,4,4,7,10,175,0
0,0,1,1,0,1,0,0,1,0,10844,9,6,6,20,16,1220,1
0,1,0,1,0,1,1,0,1,1,7408,15,6,5,7,21,840,1
0,0,1,1,0,1,1,0,1,1,14189,21,3,3,20,4,455,1
0,1,0,0,0,1,0,0,1,0,3841,24,5,4,17,19,150,0
0,0,1,1,0,1,0,0,1,0,8586,9,5,3,14,4,875,1
0,1,0,1,0,1,1,0,1,1,7155,27,6,3,10,19,520,1
0,0,1,1,0,1,0,0,1,0,9899,12,6,2,8,18,590,1
0,0,1,1,0,1,0,0,1,0,14571,6,6,3,8,19,685,1
0,0,0,1,0,0,1,1,0,1,4823,18,5,5,18,21,175,0
0,0,1,1,0,0,1,1,0,1,4544,9,5,3,8,11,180,0
0,0,1,0,0,0,1,0,0,1,14752,1,3,4,0,20,1200,1
0,0,1,0,0,1,0,0,1,0,11542,9,5,3,9,13,1700,2
0,0,1,1,0,1,1,0,1,1,7202,21,5,1,9,13,195,0
0,1,0,1,0,1,1,0,1,1,11098,9,6,6,10,19,505,1
0,0,1,0,1,0,1,1,1,0,2575,27,3,2,19,20,75,0
0,1,0,1,0,1,1,0,1,1,6673,27,3,2,13,1,755,1
0,0,0,1,0,0,1,0,0,1,14306,1,3,4,18,21,170,0
0,0,1,1,0,1,1,0,1,1,15554,18,5,5,21,4,395,1
0,0,1,1,0,1,0,0,1,0,9314,15,5,2,9,14,1730,1
0,0,1,1,1,0,1,1,1,0,4995,9,3,5,6,8,90,0
0,0,1,1,0,0,1,0,0,1,7832,21,3,3,11,7,1200,1
0,0,1,1,0,1,0,0,1,0,8586,21,5,1,8,8,1430,1
0,0,1,0,0,1,1,0,1,1,6094,27,4,5,5,8,170,0
0,0,1,1,0,1,1,0,1,1,13292,24,6,0,5,19,810,2
0,1,0,1,0,1,1,0,1,1,9718,27,5,0,10,21,660,1
0,0,1,1,0,0,1,0,0,1,7412,21,3,3,8,7,1365,1
0,0,1,0,0,1,1,0,1,1,10441,6,6,3,22,19,1275,2
0,0,0,1,0,1,1,0,1,1,14871,3,3,6,10,1,890,1
0,0,1,1,0,1,1,0,1,1,15554,18,5,5,8,19,660,1
0,0,1,1,0,0,1,0,0,1,36235,1,3,4,14,19,305,1
0,0,0,1,1,0,1,1,1,0,3175,24,3,6,16,18,90,0
0,1,0,0,1,0,0,1,0,0,3597,24,5,4,17,20,140,0
0,1,0,0,1,0,1,1,1,0,1965,27,6,3,13,14,90,0
0,1,0,1,0,1,1,0,1,1,12717,24,6,0,10,19,540,1
0,0,0,1,0,1,1,0,1,1,6015,3,6,0,14,17,195,0
1,0,0,0,0,0,1,0,0,1,5615,9,3,5,23,2,165,0
0,1,0,1,0,1,1,0,1,1,7845,27,3,2,19,1,395,1
0,0,1,1,0,1,0,0,1,0,10844,9,6,6,21,22,1525,1
0,0,1,1,0,0,1,0,0,1,27210,15,3,4,21,5,460,1
0,0,0,1,0,1,0,0,1,0,4174,6,4,5,14,16,150,0
0,1,0,1,0,1,1,0,1,1,6883,21,3,3,8,21,780,1
0,1,0,1,0,1,1,0,1,1,6883,21,3,3,9,21,720,1
0,0,1,1,0,1,0,0,1,0,8355,21,5,1,10,17,435,1
0,1,0,0,0,0,1,0,0,1,5469,24,3,6,20,23,170,0
0,0,1,1,0,0,1,1,0,1,6478,27,6,3,6,8,165,0
0,1,1,1,0,0,1,0,0,1,11913,3,3,6,19,22,160,0
0,0,0,1,0,1,1,0,1,1,7006,21,5,1,18,1,415,1
0,0,1,1,0,1,0,0,1,0,12681,1,4,0,16,22,365,1
0,0,1,1,0,1,1,0,1,1,15129,21,5,1,23,19,1195,2
0,1,0,1,0,1,1,0,1,1,13587,15,6,5,14,21,420,1
0,0,1,1,0,1,1,0,1,1,14714,1,6,5,19,19,1425,1
0,0,0,1,0,0,1,0,0,1,6220,3,3,6,7,12,290,1
0,0,1,1,0,1,1,0,1,1,10262,6,6,3,7,12,330,1
0,0,1,0,0,1,0,0,1,0,8576,12,5,6,9,18,545,1
0,0,1,1,0,1,0,0,1,0,10031,24,3,6,19,20,1495,1
0,0,1,1,0,1,1,0,1,1,12819,24,6,0,19,19,1430,2
0,1,1,0,0,1,1,0,1,1,5052,15,4,0,7,13,370,1
0,0,1,1,0,0,1,0,0,1,22270,1,3,4,8,8,1455,1
0,1,1,1,0,0,1,1,0,1,5613,27,4,5,7,9,160,0
0,1,0,0,0,1,0,0,1,0,3873,1,4,0,9,11,145,0
0,0,0,1,0,1,1,0,1,1,6015,15,5,2,5,8,195,0
0,0,1,1,0,1,0,0,1,0,10844,9,6,6,6,12,330,1
0,1,0,0,1,0,1,1,1,0,2227,12,5,6,13,14,90,0
0,0,1,1,0,0,1,1,0,1,7229,1,4,0,19,22,180,0
0,0,1,1,0,1,1,0,1,1,10368,6,6,3,5,19,810,2
0,0,1,1,0,1,1,0,1,1,12898,21,5,1,17,4,655,1
0,1,0,1,0,1,1,0,1,1,12192,12,6,2,7,19,720,1
0,0,1,1,0,1,0,0,1,0,12121,9,5,3,9,23,840,1
0,0,1,0,0,1,1,0,1,1,16163,27,5,0,6,7,1490,2
0,0,1,1,0,0,1,0,0,1,12284,18,3,0,5,18,760,1
0,0,0,1,0,0,1,1,0,1,5780,21,6,4,19,22,165,0
0,0,1,1,1,0,1,1,1,0,4995,9,5,3,10,11,90,0
0,0,0,1,0,1,1,0,1,1,6496,9,6,6,5,10,295,1
0,0,1,0,0,1,1,0,1,1,12488,12,6,2,12,19,1855,2
0,0,0,1,0,0,1,1,0,1,4823,15,5,2,7,10,175,0
0,1,0,0,1,0,1,1,1,0,2647,18,6,1,5,7,90,0
0,0,0,1,0,0,1,0,0,1,12649,3,3,6,13,15,170,0
0,1,0,1,0,1,1,0,1,1,8266,12,6,2,11,19,455,1
0,1,1,1,0,1,1,0,1,1,6216,15,5,2,6,9,190,0
0,0,0,1,0,0,1,1,0,1,4423,1,4,0,1,4,165,0
0,0,1,1,0,0,1,0,0,1,17996,6,3,2,8,8,1455,1
0,1,0,0,0,1,1,0,1,1,5726,15,4,0,8,13,270,1
0,1,0,1,0,1,1,0,1,1,15147,6,3,2,6,15,570,1
0,0,1,1,0,1,1,0,1,1,15554,18,5,5,20,19,1325,1
0,0,1,1,0,1,1,0,1,1,12819,24,6,0,23,4,1760,2
0,1,0,1,0,1,1,0,1,1,7198,27,6,3,18,1,450,1
0,0,0,1,0,1,1,0,1,1,5073,3,4,2,16,21,300,1
0,0,0,1,0,0,1,1,0,1,3943,27,6,3,21,0,180,0
0,0,1,1,1,0,1,1,1,0,3205,27,3,2,7,8,85,0
0,1,0,0,0,0,1,1,0,1,3257,12,5,6,5,8,160,0
0,0,0,1,0,1,0,0,1,0,4804,3,6,0,22,0,155,0
0,0,0,1,0,0,1,0,0,1,10231,9,3,5,16,21,285,1
0,0,1,1,0,1,1,0,1,1,12898,21,5,1,20,4,450,1
0,0,0,1,1,0,1,1,1,0,2227,21,3,3,21,22,85,0
0,0,1,0,0,1,0,0,1,0,9258,1,4,0,12,11,1390,2
0,0,1,1,0,1,0,0,1,0,9663,24,5,4,16,9,1010,1
0,0,1,1,1,0,1,1,1,0,8040,21,5,1,7,8,85,0
0,1,1,0,0,0,1,1,0,1,3419,6,6,3,20,23,165,0
0,0,1,1,0,0,1,1,0,1,8016,1,6,5,7,10,180,0
0,0,1,1,0,0,1,1,0,1,7229,6,4,5,17,20,180,0
0,1,1,0,0,1,1,0,1,1,4959,6,6,3,10,19,540,1
0,0,1,0,0,1,0,0,1,0,10151,9,6,6,12,11,1390,2
0,0,1,0,0,1,1,0,1,1,10703,18,5,5,5,19,2280,3
0,0,1,1,0,1,0,0,1,0,10844,9,6,6,8,18,590,1
0,0,0,1,0,1,1,0,1,1,7205,6,3,2,16,22,370,1
0,0,1,1,0,0,1,0,0,1,12284,18,3,0,8,18,570,1
0,0,1,1,0,1,0,0,1,0,13994,9,6,6,9,22,750,1
0,0,0,1,0,1,1,0,1,1,6015,15,4,0,14,17,195,0
0,0,0,1,0,1,0,0,1,0,4226,3,4,2,6,10,255,1
0,0,1,1,0,1,1,0,1,1,9483,21,3,3,19,18,1420,2
0,0,1,1,0,0,1,1,0,1,5198,15,5,2,7,10,180,0
0,0,1,1,0,1,1,0,1,1,10368,27,6,3,5,19,810,2
0,1,1,1,1,0,0,1,0,0,11982,3,6,0,17,20,140,0
0,0,1,0,0,0,1,0,0,1,8032,15,3,4,11,13,1510,1
0,0,1,0,0,1,0,0,1,0,5510,15,5,2,14,16,150,0
0,0,0,1,0,1,1,0,1,1,8177,9,5,3,23,4,305,1
1,0,0,0,0,1,1,0,1,1,11410,1,6,5,16,22,340,1
0,1,1,0,0,1,1,0,1,1,9385,21,3,3,7,12,350,1
0,0,1,1,0,1,1,0,1,1,10262,6,6,3,10,19,540,1
0,1,0,0,0,1,0,0,1,0,3873,18,6,1,9,11,145,0
0,1,0,1,0,1,1,0,1,1,11999,21,3,3,11,18,430,1
0,0,1,1,0,1,1,0,1,1,14300,27,6,3,18,12,1095,2
0,1,0,0,1,0,1,1,1,0,2175,12,5,6,13,14,90,0
0,0,1,0,0,1,1,0,1,1,14431,9,5,3,6,7,1490,2
0,0,1,1,0,0,1,1,0,1,7229,21,5,1,6,8,165,0
0,0,0,1,0,1,0,0,1,0,3809,24,5,4,19,23,265,1
0,1,0,1,0,1,1,0,1,1,7354,24,6,0,7,19,705,1
0,1,0,1,0,1,1,0,1,1,12537,27,3,2,8,15,450,1
0,0,1,0,0,1,1,0,1,1,9719,27,5,0,13,19,375,1
0,0,1,1,1,0,1,1,1,0,8040,24,5,4,10,11,90,0
0,0,1,1,1,0,1,1,1,0,4995,24,5,4,7,8,85,0
0,0,0,1,0,0,1,1,0,1,4591,6,4,5,23,2,170,0
0,0,1,0,0,1,0,0,1,0,7662,6,6,3,16,21,1700,1
0,0,0,1,1,0,0,1,0,0,3850,24,6,0,7,10,140,0
0,0,0,1,0,1,1,0,1,1,6442,3,6,0,8,22,835,1
0,0,0,1,0,1,1,0,1,1,11378,3,6,0,23,4,305,1
0,1,0,1,0,1,1,0,1,1,13377,27,6,3,15,1,630,1
0,0,1,1,0,1,0,0,1,0,10844,21,5,1,8,20,740,1
0,0,1,1,1,0,1,1,1,0,4995,9,5,3,7,8,85,0
0,0,1,0,0,1,1,0,1,1,6057,27,3,2,17,9,970,2
0,0,1,0,0,0,1,1,0,1,5176,6,4,5,10,12,165,0
0,0,1,1,0,1,1,0,1,1,13014,9,6,6,9,4,1125,2
0,0,0,1,0,0,1,0,0,1,7917,1,3,4,16,20,260,1
0,1,0,0,0,1,1,0,1,1,5583,9,6,6,6,11,315,1
0,0,1,1,0,0,1,1,0,1,7229,9,4,1,6,8,165,0
0,0,0,1,0,1,1,0,1,1,7191,18,5,5,16,1,570,1
0,0,1,1,1,0,1,1,1,0,3210,12,6,2,19,21,90,0
0,0,0,1,0,1,1,0,1,1,14871,6,3,2,15,1,635,1
0,1,0,1,0,1,1,0,1,1,8099,15,5,2,8,19,645,1
0,0,1,0,0,1,0,0,1,0,8366,21,5,1,9,18,545,1
0,0,0,1,1,0,0,1,0,0,6297,9,3,5,22,0,140,0
0,1,0,1,0,1,1,0,1,1,18286,3,3,6,13,21,480,1
0,0,1,1,0,1,1,0,1,1,17024,6,3,2,23,19,1240,1
0,0,1,1,0,0,1,1,0,1,6144,24,4,2,7,10,180,0
0,1,0,1,0,1,1,0,1,1,13941,9,3,5,6,19,825,1
0,0,1,1,0,0,1,1,0,1,3702,9,5,3,18,22,185,0
0,1,0,0,0,1,1,0,1,1,5583,15,5,2,6,11,315,1
0,0,1,0,1,0,1,1,1,0,10208,12,3,1,19,9,810,1
0,0,1,1,0,1,0,0,1,0,12384,6,5,0,9,18,505,1
0,0,1,0,0,1,0,0,1,0,17049,6,5,0,10,5,1165,2
0,0,0,1,0,1,1,0,1,1,7006,24,5,4,7,21,810,1
0,0,1,0,0,1,0,0,1,0,12723,12,6,2,5,20,875,2
0,0,1,1,0,1,1,0,1,1,10577,12,6,2,8,4,1225,1
0,0,1,1,0,0,1,0,0,1,16736,6,3,2,7,19,730,1
0,0,1,1,0,1,1,0,1,1,10262,24,6,0,13,4,925,1
0,1,0,1,0,1,1,0,1,1,7155,24,6,0,11,19,470,1
0,1,0,1,0,1,1,0,1,1,15147,3,3,6,10,1,915,1
0,0,0,1,0,0,1,1,0,1,4823,12,6,2,7,10,175,0
0,0,1,0,0,0,1,0,0,1,8714,15,3,4,9,16,410,1
0,0,1,1,0,1,0,0,1,0,10953,6,5,0,9,9,1450,1
0,0,1,0,0,1,0,0,1,0,10203,12,6,2,20,20,1435,1
0,0,1,1,0,1,1,0,1,1,12373,18,5,5,13,12,1415,1
0,0,1,1,0,1,0,0,1,0,14151,12,5,6,9,23,840,1
0,0,1,1,0,1,0,0,1,0,12121,24,5,4,9,14,1730,1
0,1,1,1,0,1,1,0,1,1,5586,9,4,1,6,9,190,0
0,0,1,1,0,1,0,0,1,0,10844,18,5,5,8,12,1655,1
0,0,1,1,0,1,0,0,1,0,8586,21,5,1,21,4,450,1
0,1,0,0,0,1,1,0,1,1,5409,6,6,3,17,22,295,1
0,1,0,1,0,1,1,0,1,1,7178,21,3,3,9,21,695,2
0,1,0,1,0,1,1,0,1,1,5797,24,6,0,10,1,910,1
0,0,1,1,0,1,0,0,1,0,13759,24,3,6,19,19,1435,1
0,0,1,0,0,1,0,0,1,0,13873,24,5,4,7,1,1100,2
0,0,1,1,0,1,1,0,1,1,16079,21,5,1,20,19,1325,1
0,1,0,0,1,0,1,1,1,0,2017,27,6,3,13,14,90,0
0,0,1,1,0,1,0,0,1,0,10844,18,5,5,20,18,1335,1
0,1,0,0,0,0,1,1,0,1,3573,24,4,2,21,0,175,0
0,0,1,1,0,1,0,0,1,0,8066,6,5,0,9,9,1450,1
0,0,1,1,0,1,1,0,1,1,14053,9,3,5,20,18,1320,1
0,0,1,1,0,0,1,0,0,1,12284,18,3,0,8,15,435,1
0,1,0,0,0,1,1,0,1,1,5351,9,4,1,6,11,315,1
0,0,1,1,0,1,0,0,1,0,7064,1,4,0,16,16,1430,1
0,0,0,1,0,1,1,0,1,1,10394,3,3,6,2,7,320,1
0,0,1,1,0,1,0,0,1,0,9663,15,5,2,18,9,865,1
0,1,0,1,0,1,1,0,1,1,13727,18,5,5,17,1,480,1
0,0,1,1,0,1,1,0,1,1,10262,12,6,2,19,12,1040,1
0,0,0,1,0,0,1,1,0,1,4823,9,4,1,7,10,175,0
1,0,0,0,0,0,1,0,0,1,7074,3,3,6,5,8,170,0
0,1,0,1,0,1,1,0,1,1,17267,6,3,2,7,21,835,1
0,1,0,1,0,1,1,0,1,1,14067,21,5,1,15,1,630,1
0,0,0,1,0,0,1,1,0,1,4823,1,5,2,8,11,170,0
0,0,0,1,0,0,1,1,0,1,4823,27,4,5,20,22,170,0
1,0,0,0,0,0,1,1,0,1,4483,12,5,6,23,2,170,0
0,0,1,0,0,1,0,0,1,0,14960,6,6,3,9,23,805,2
0,0,1,0,0,0,1,1,0,1,7171,1,6,5,17,19,165,0
0,0,1,0,0,1,0,0,1,0,12173,24,3,6,20,8,745,1
0,0,1,0,0,0,1,0,0,1,11392,3,3,6,0,8,495,1
0,0,1,0,0,1,0,0,1,0,16057,15,5,2,10,13,1665,2
0,0,1,1,0,1,0,0,1,0,14151,9,6,6,17,10,1075,1
0,0,1,1,0,0,1,1,0,1,4030,21,5,1,11,14,175,0
0,0,0,1,0,1,0,0,1,0,4226,6,5,0,19,23,220,1
0,0,1,0,0,1,1,0,1,1,11050,9,3,5,4,19,915,1
0,0,1,0,0,0,1,1,0,1,6961,21,5,1,10,12,165,0
0,0,1,1,0,1,0,0,1,0,14231,24,3,6,21,9,725,1
0,0,1,1,0,1,1,0,1,1,10919,27,6,3,14,12,1320,2
0,0,1,0,0,1,1,0,1,1,10913,27,3,2,7,19,735,2
0,0,0,1,1,0,0,1,0,0,5277,27,6,3,22,0,140,0
0,1,0,1,0,1,1,0,1,1,7485,21,5,1,10,21,640,1
0,0,1,1,0,1,0,0,1,0,14231,24,3,6,16,16,1405,1
0,1,1,0,0,1,1,0,1,1,4201,6,4,5,7,13,370,1
0,0,1,0,0,1,1,0,1,1,7931,6,3,2,14,17,180,0
0,1,0,1,0,1,1,0,1,1,6513,15,5,2,14,22,455,1
0,0,1,1,0,1,1,0,1,1,14714,6,6,3,15,19,1680,1
0,0,0,1,0,1,0,0,1,0,6218,9,5,3,18,23,325,1
0,0,1,0,0,1,1,0,1,1,8603,27,6,3,12,19,435,2
0,0,0,1,0,1,1,0,1,1,7318,21,5,1,8,21,750,1
0,1,0,1,0,1,1,0,1,1,13504,15,6,5,10,19,540,1
0,1,0,1,0,1,1,0,1,1,9646,15,5,2,7,22,925,1
0,0,0,1,0,1,0,0,1,0,5224,27,5,0,11,14,155,0
0,0,1,1,0,1,0,0,1,0,12692,12,6,2,9,18,505,1
0,0,1,1,0,1,0,0,1,0,9689,6,6,3,10,17,435,1
0,0,1,0,0,1,0,0,1,0,13033,9,5,3,10,1,920,2
0,0,1,1,0,1,0,0,1,0,13626,12,6,2,6,16,590,1
0,0,0,1,1,0,1,1,1,0,2754,18,5,5,19,20,90,0
0,0,1,1,0,1,0,0,1,0,12121,9,5,3,17,9,1005,1
0,0,0,1,0,0,1,1,0,1,3419,24,4,2,1,4,165,0
0,0,1,0,0,1,0,0,1,0,13033,21,5,1,10,1,920,2
0,0,0,1,0,1,0,0,1,0,4174,6,4,5,4,7,155,0
1,0,0,0,0,1,1,0,1,1,6152,27,6,3,7,22,870,1
0,0,1,0,0,1,1,0,1,1,5201,27,6,3,5,8,170,0
0,0,1,1,0,0,1,0,0,1,9134,15,3,4,7,16,550,1
0,0,1,0,0,1,0,0,1,0,13243,18,5,5,7,1,1100,2
0,0,1,1,0,1,1,0,1,1,15129,27,5,0,5,4,1375,2
0,0,1,1,1,0,1,1,1,0,2759,9,5,3,19,21,90,0
0,0,0,1,0,0,1,1,0,1,4423,15,5,2,6,8,165,0
0,1,1,1,0,1,0,0,1,0,9187,18,5,5,7,22,930,1
0,1,0,1,0,1,1,0,1,1,7740,18,5,5,7,22,920,1
0,0,1,1,0,0,1,1,0,1,6144,24,5,4,19,22,180,0
0,1,0,1,0,1,1,0,1,1,10877,9,6,6,4,12,460,1
0,0,0,1,0,1,1,0,1,1,6442,15,6,5,11,22,635,1
0,0,0,1,0,1,1,0,1,1,7048,27,3,2,4,15,645,1
0,1,0,1,0,1,1,0,1,1,5797,27,6,3,15,1,615,1
0,0,1,0,0,0,1,0,0,1,10573,3,3,6,6,23,1030,2
0,0,0,1,0,1,1,0,1,1,7503,15,5,2,8,21,750,1
0,0,0,1,0,1,1,0,1,1,6104,12,6,2,17,1,480,1
0,0,1,1,0,1,0,0,1,0,9663,9,5,3,21,8,665,1
0,0,1,1,0,0,1,1,0,1,5769,3,6,0,11,14,175,0
0,0,1,0,1,0,1,1,1,0,3100,15,6,5,13,15,90,0
0,0,1,1,0,1,1,0,1,1,12373,18,5,5,17,4,655,1
0,1,0,0,0,1,0,0,1,0,3815,15,3,4,9,11,150,0
0,0,1,1,0,1,1,0,1,1,14300,15,6,5,12,12,1460,2
0,0,0,1,0,0,1,1,0,1,4823,1,6,5,7,10,175,0
0,0,0,1,1,0,1,1,1,0,2754,18,6,1,19,20,90,0
0,1,0,1,0,1,1,0,1,1,9736,3,6,0,6,19,795,1
0,0,1,1,0,0,1,0,0,1,7280,21,3,3,9,14,280,1
0,1,0,1,0,1,1,0,1,1,7408,9,6,6,8,21,780,1
0,0,1,1,0,1,0,0,1,0,13044,12,6,2,20,12,960,1
0,0,1,0,0,1,0,0,1,0,12723,24,5,4,5,23,1045,2
0,0,1,1,0,1,0,0,1,0,8586,6,5,0,16,4,730,1
0,0,0,1,0,1,1,0,1,1,6316,12,6,2,16,1,570,1
0,0,1,1,0,1,1,0,1,1,15554,9,5,3,9,19,600,1
0,1,0,0,1,0,1,1,1,0,2385,15,3,4,13,14,80,0
0,1,0,1,0,1,1,0,1,1,13587,9,6,6,13,21,480,1
0,0,0,1,0,1,1,0,1,1,13790,3,3,6,2,8,355,1
0,0,1,0,0,1,1,0,1,1,10975,15,5,2,9,9,1420,2
0,0,1,1,0,1,0,0,1,0,14388,21,5,1,8,9,1495,1
0,1,0,1,0,1,1,0,1,1,7198,6,6,3,18,1,450,1
0,0,1,1,0,1,1,0,1,1,13029,9,5,3,9,12,1615,2
0,1,0,1,0,1,1,0,1,1,12717,27,5,0,7,19,730,1
0,0,0,1,0,1,1,0,1,1,14871,3,3,6,6,13,400,1
0,0,1,1,0,1,0,0,1,0,10118,6,6,3,6,20,860,2
0,0,1,1,0,1,1,0,1,1,10262,6,6,3,22,4,335,1
0,0,1,1,1,0,1,1,1,0,2071,24,3,6,2,4,90,0
0,0,1,0,0,0,1,1,0,1,5228,27,4,5,21,23,170,0
0,0,1,1,0,0,1,0,0,1,7832,21,3,3,16,11,1110,1
0,1,0,1,0,1,1,0,1,1,7005,6,6,3,11,21,560,1
0,0,1,1,0,1,1,0,1,1,14237,9,6,6,18,12,1090,2
0,1,0,0,0,0,1,1,0,1,3971,6,4,5,21,0,175,0
0,0,0,1,0,0,1,1,0,1,3943,21,6,4,22,1,170,0
0,0,0,1,0,1,1,0,1,1,8574,27,3,2,6,15,530,1
0,0,1,0,0,1,1,0,1,1,12646,15,6,5,5,19,800,2
0,0,1,1,0,1,1,0,1,1,13082,21,3,3,13,18,1790,2
0,0,1,1,0,1,0,0,1,0,13941,21,5,1,8,8,1430,1
0,1,1,0,0,1,1,0,1,1,5135,6,4,5,7,12,355,1
0,0,1,0,0,1,0,0,1,0,11096,21,5,1,10,20,625,1
0,0,1,1,0,0,1,0,0,1,13555,18,3,0,22,9,640,1
0,1,1,1,0,0,1,1,0,1,5403,12,4,4,9,12,170,0
0,0,1,1,0,1,1,0,1,1,15812,24,6,0,11,19,440,2
0,0,1,1,0,1,0,0,1,0,14781,21,5,1,20,8,735,1
0,0,1,0,0,1,1,0,1,1,8907,6,6,3,13,23,570,1
0,0,1,0,0,1,0,0,1,0,4145,3,5,4,20,23,155,0
0,0,1,1,0,1,0,0,1,0,14151,9,6,6,20,9,800,1
0,1,0,1,0,1,1,0,1,1,7845,27,3,2,6,15,570,1
0,1,0,1,0,1,1,0,1,1,8099,15,5,2,9,19,600,1
0,1,0,1,0,1,1,0,1,1,13377,27,5,0,15,1,630,1
0,0,1,0,0,0,1,0,0,1,12734,12,3,1,6,11,1710,2
0,0,1,1,0,1,1,0,1,1,10262,3,6,0,22,4,335,1
0,0,1,1,0,0,1,1,0,1,7229,15,5,2,18,22,185,0
0,1,1,1,1,0,1,1,1,0,12395,6,3,2,8,9,1480,1
0,0,1,1,0,1,0,0,1,0,11134,24,3,6,19,9,810,1
0,0,1,1,0,1,1,0,1,1,6540,21,3,3,13,18,350,1
0,1,0,1,0,1,1,0,1,1,7354,6,6,3,6,19,755,1
0,0,1,0,0,1,1,0,1,1,9548,24,6,0,12,7,1180,2
0,1,1,1,0,1,0,0,1,0,9187,1,5,2,7,10,1655,1
0,0,0,1,0,1,1,0,1,1,5054,9,5,3,7,12,275,1
0,0,1,0,0,1,0,0,1,0,10413,9,6,6,10,20,625,1
0,0,0,1,0,1,0,0,1,0,4804,27,5,0,21,0,160,0
0,0,0,1,1,0,1,1,1,0,4049,15,6,5,6,7,90,0
0,1,0,1,0,1,1,0,1,1,6795,27,6,3,19,1,390,1
0,0,1,0,0,1,0,0,1,0,4435,21,3,3,20,23,155,0
0,0,1,1,0,1,0,0,1,0,6224,12,6,2,16,4,730,1
0,0,0,1,0,1,0,0,1,0,4804,12,6,2,20,22,155,0
0,0,0,1,0,1,1,0,1,1,6171,15,4,0,5,16,665,1
0,0,0,1,0,1,1,0,1,1,6093,3,6,0,11,21,575,1
0,0,0,1,0,1,0,0,1,0,4174,12,4,4,17,19,155,0
0,0,0,1,1,0,1,1,1,0,3342,6,5,0,2,4,90,0
0,1,0,1,0,1,1,0,1,1,13587,3,6,0,10,21,660,1
0,0,1,1,0,1,1,0,1,1,16079,21,5,1,21,4,395,1
0,0,0,1,0,1,1,0,1,1,6015,18,4,3,5,8,195,0
0,0,1,1,0,1,0,0,1,0,13067,24,5,4,17,19,1570,1
0,1,0,1,0,1,1,0,1,1,9103,15,5,2,4,12,460,1
0,0,1,1,0,1,0,0,1,0,14151,24,5,4,20,23,1630,1
0,0,1,1,0,1,1,0,1,1,11538,27,3,2,6,18,750,2
0,0,0,1,0,1,1,0,1,1,8146,9,3,5,8,21,765,2
0,0,1,0,0,1,0,0,1,0,6117,6,5,0,19,4,580,1
0,0,1,1,0,1,1,0,1,1,17024,3,3,6,2,4,1570,1
0,0,1,1,0,0,1,0,0,1,22270,1,3,4,14,7,1055,1
0,0,1,1,0,1,0,0,1,0,12692,9,6,6,20,21,1480,1
0,1,1,1,0,1,0,0,1,0,8610,12,6,2,7,20,790,1
0,1,0,1,0,1,1,0,1,1,6723,24,6,0,7,22,920,1
0,1,1,1,0,0,1,1,0,1,4878,12,5,6,17,19,155,0
0,0,1,1,0,0,1,0,0,1,16736,6,3,2,20,7,665,1
0,0,1,1,0,1,0,0,1,0,11134,24,3,6,13,9,1160,1
0,0,0,1,0,0,1,1,0,1,3943,3,5,4,4,6,170,0
0,1,0,1,0,1,1,0,1,1,13587,12,6,2,9,21,720,1
0,0,1,1,0,1,1,0,1,1,16914,6,3,2,5,4,1380,2
0,1,0,0,1,0,1,1,1,0,1965,18,5,5,22,0,90,0
0,1,0,1,0,1,1,0,1,1,8073,9,5,3,13,21,480,1
0,0,0,1,0,0,1,1,0,1,3943,3,6,0,13,15,170,0
0,0,0,1,0,1,0,0,1,0,5170,12,5,6,15,20,290,1
0,1,1,0,0,0,1,1,0,1,3398,15,5,2,11,14,170,0
1,0,0,0,0,1,0,0,1,0,4409,18,4,3,10,12,155,0
0,0,1,1,0,0,1,1,0,1,8541,21,6,4,17,20,180,0
0,0,0,1,0,0,1,0,0,1,4777,21,3,3,4,6,170,0
0,1,0,0,0,1,0,0,1,0,3847,18,3,0,22,0,140,0
0,0,1,1,0,1,0,0,1,0,7064,1,4,0,18,12,1025,1
0,1,1,1,0,0,1,1,0,1,4668,27,5,0,21,23,170,0
0,1,0,0,1,0,1,1,1,0,1965,18,3,0,22,0,85,0
0,0,1,1,0,1,0,0,1,0,14781,21,5,1,6,16,590,1
0,0,0,1,1,0,1,1,1,0,4049,15,6,5,9,10,90,0
0,0,1,1,0,1,0,0,1,0,13584,18,5,5,18,8,800,1
0,0,1,1,0,1,1,0,1,1,12373,18,5,5,20,12,940,1
0,0,1,1,0,1,1,0,1,1,16079,27,5,0,16,19,1620,1
0,0,1,1,0,0,1,1,0,1,7229,24,5,4,8,11,180,0
0,0,1,1,0,0,1,0,0,1,17471,6,3,2,21,21,1435,1
0,0,1,1,0,1,0,0,1,0,14781,12,5,6,6,16,590,1
0,0,1,1,0,1,0,0,1,0,14571,9,6,6,6,19,800,1
0,1,0,1,0,1,1,0,1,1,10197,18,5,5,3,12,525,1
0,1,0,0,0,1,1,0,1,1,5975,1,6,5,17,22,295,1
0,1,0,1,0,1,1,0,1,1,8535,9,4,1,17,1,465,1
0,1,0,1,0,1,1,0,1,1,12537,27,3,2,9,21,665,1
0,0,1,0,0,1,0,0,1,0,4145,24,5,4,20,23,155,0
0,0,0,1,1,0,1,1,1,0,4049,15,3,4,9,10,90,0
1,0,0,0,0,1,0,0,1,0,5192,9,5,3,22,10,720,1
0,0,1,0,0,0,1,1,0,1,6121,9,5,3,21,23,170,0
0,0,1,0,0,1,1,0,1,1,8669,24,6,0,3,19,925,1
0,1,0,1,0,1,1,0,1,1,8476,18,5,5,6,19,795,1
0,1,0,0,1,0,1,1,1,0,2647,21,6,4,5,7,90,0
0,0,1,1,0,1,1,0,1,1,14714,6,6,3,20,19,1325,1
0,0,1,0,0,1,1,0,1,1,10566,6,3,2,20,8,705,1
0,0,1,1,0,1,1,0,1,1,10262,15,6,5,11,19,450,1
0,1,0,1,0,1,1,0,1,1,8098,21,3,3,10,1,935,1
0,1,0,1,0,1,1,0,1,1,6883,27,3,2,10,21,660,1
0,1,0,1,0,1,1,0,1,1,16108,15,6,5,10,19,555,1
0,1,0,0,0,1,0,0,1,0,4413,18,3,0,17,19,150,0
0,0,1,1,0,1,1,0,1,1,10919,1,6,5,14,12,1320,2
0,0,0,1,0,1,0,0,1,0,4804,9,5,3,21,0,160,0
0,0,1,1,0,1,0,0,1,0,10539,6,6,3,20,10,870,1
0,0,0,1,0,0,1,0,0,1,4377,9,3,5,22,1,170,0
0,0,1,0,0,0,1,1,0,1,6961,6,6,3,6,8,165,0
0,1,0,1,0,1,1,0,1,1,7408,27,5,0,13,21,480,1
0,0,0,1,0,0,1,1,0,1,4823,9,5,3,18,21,175,0
0,0,0,1,0,1,0,0,1,0,5198,21,3,3,14,16,155,0
0,0,1,1,0,1,1,0,1,1,10262,1,6,5,17,19,1530,1
0,1,1,1,0,0,1,1,0,1,5613,27,4,5,17,19,155,0
0,0,1,1,0,1,1,0,1,1,10262,12,6,2,20,4,450,1
0,0,0,1,1,0,1,1,1,0,5755,3,5,4,9,10,90,0
0,1,1,1,1,0,0,1,0,0,3687,21,5,1,7,9,135,0
0,0,1,1,1,0,1,1,1,0,5678,3,6,0,19,21,90,0
0,1,0,1,0,1,1,0,1,1,13542,21,3,3,18,1,440,1
0,0,1,1,0,1,1,0,1,1,12347,21,3,3,19,18,1415,1
0,0,1,1,0,1,0,0,1,0,12384,21,5,1,9,19,575,1
0,0,1,1,0,1,1,0,1,1,10909,9,4,1,5,4,1375,2
0,0,0,1,0,0,1,1,0,1,4823,3,6,0,16,19,180,0
0,0,0,1,0,1,1,0,1,1,6069,12,6,2,16,21,300,1
0,0,1,1,0,1,1,0,1,1,12898,21,5,1,16,19,1620,1
0,0,0,1,0,1,0,0,1,0,4804,15,6,5,4,7,155,0
0,0,1,1,0,1,0,0,1,0,10031,24,3,6,8,4,1220,1
0,0,0,1,0,1,1,0,1,1,6442,9,6,6,7,22,895,1
0,0,1,0,0,1,1,0,1,1,9653,21,5,1,12,7,1180,2
0,1,1,1,0,1,0,0,1,0,8610,9,6,6,17,20,1640,1
0,0,1,1,0,1,1,0,1,1,14714,12,6,2,14,19,300,1
0,0,1,0,0,0,1,0,0,1,12599,1,3,4,0,23,1405,1
0,1,0,1,0,1,1,0,1,1,9103,9,5,3,4,19,845,1
0,0,1,1,0,1,1,0,1,1,12898,21,5,1,22,4,335,1
0,1,0,0,1,0,1,1,1,0,2647,6,6,3,5,7,90,0
0,0,1,1,1,0,1,1,1,0,5678,3,3,6,7,8,85,0
0,0,1,1,0,1,1,0,1,1,12373,18,5,5,19,12,1040,1
0,1,0,0,0,1,0,0,1,0,3847,27,3,2,17,19,150,0
0,0,1,1,0,1,0,0,1,0,14151,21,5,1,17,18,1500,1
0,0,1,1,0,1,1,0,1,1,13843,6,3,2,8,4,1225,1
0,0,1,1,0,0,1,1,0,1,7229,18,5,5,15,18,175,0
0,0,1,1,1,0,1,1,1,0,4995,18,6,1,2,4,85,0
0,0,1,1,0,1,1,0,1,1,10262,6,6,3,20,4,450,1
0,0,1,1,0,1,1,0,1,1,13029,9,5,3,5,4,1375,2
0,0,1,1,0,1,1,0,1,1,14053,9,3,5,19,4,550,1
0,0,1,1,0,0,1,0,0,1,26890,1,3,4,16,7,885,1
0,1,0,0,0,1,0,0,1,0,3841,1,4,0,17,19,150,0
0,0,1,0,0,0,1,0,0,1,11003,1,3,4,10,22,745,1
0,1,1,1,0,0,1,1,0,1,5403,9,4,1,11,14,170,0
0,1,0,1,0,1,1,0,1,1,15342,3,3,6,8,18,650,1
0,0,1,0,0,1,0,0,1,0,12224,12,6,2,20,13,1035,2
0,0,0,1,1,0,0,1,0,0,6297,15,3,4,19,21,140,0
0,1,0,0,0,1,0,0,1,0,8844,1,5,2,15,21,330,1
0,1,0,1,0,1,1,0,1,1,13377,1,6,5,14,1,690,1
0,1,1,0,0,0,1,0,0,1,5706,9,3,5,20,23,175,0
0,0,1,0,0,1,1,0,1,1,8372,12,6,2,21,7,640,1
0,0,0,1,0,1,1,0,1,1,6526,27,5,0,6,21,860,1
0,0,0,1,0,0,1,1,0,1,4823,1,6,5,16,19,170,0
0,0,0,1,1,0,1,1,1,0,3175,24,6,0,16,18,90,0
0,1,0,1,0,1,1,0,1,1,10407,6,5,0,9,19,600,1
0,0,0,1,0,0,1,1,0,1,4423,18,4,3,4,6,170,0
0,1,1,1,0,1,0,0,1,0,9555,9,5,3,17,20,1640,1
0,0,1,1,0,1,0,0,1,0,12681,1,4,0,16,16,1430,1
0,0,1,1,0,1,0,0,1,0,13059,6,6,3,14,4,875,1
0,0,1,1,0,1,0,0,1,0,8586,9,5,3,16,10,1055,1
0,1,1,0,0,0,1,1,0,1,3419,6,4,5,20,23,165,0
0,1,0,0,0,1,0,0,1,0,3873,3,6,0,17,19,150,0
0,0,1,0,0,1,0,0,1,0,10203,6,6,3,10,20,625,1
0,0,1,1,0,1,1,0,1,1,13029,27,5,0,19,4,535,2
0,0,1,1,0,1,0,0,1,0,10844,15,5,2,16,22,365,1
0,0,1,1,0,1,0,0,1,0,11134,24,3,6,18,8,795,1
0,1,1,1,0,1,0,0,1,0,8610,12,6,2,20,18,1350,1
0,0,0,1,0,1,0,0,1,0,4174,15,4,0,20,22,155,0
0,0,1,1,0,0,1,0,0,1,11087,9,3,5,8,9,1530,1
0,1,0,0,0,0,1,1,0,1,3971,18,6,1,21,0,175,0
0,0,1,1,0,1,1,0,1,1,17531,9,4,1,7,19,715,1
0,1,0,0,0,0,1,1,0,1,3573,6,6,3,5,8,160,0
0,0,1,0,0,1,0,0,1,0,8366,1,5,2,9,7,1350,1
0,0,1,0,0,1,0,0,1,0,13885,3,3,6,14,16,150,0
0,1,0,1,0,1,1,0,1,1,18485,9,6,6,17,1,460,2
1,0,0,0,0,1,0,0,1,0,4409,27,4,5,19,22,150,0
0,1,1,1,0,1,0,0,1,0,8085,1,5,2,20,23,1625,1
0,1,0,1,0,1,1,0,1,1,13377,6,6,3,17,1,480,1
0,0,1,0,0,1,1,0,1,1,13538,21,5,1,13,7,1100,2
0,1,0,1,0,1,1,0,1,1,15147,6,3,2,19,1,395,1
0,0,1,1,0,0,1,1,0,1,4030,27,5,0,11,14,175,0
0,1,0,1,0,1,1,0,1,1,14848,6,6,3,8,19,675,1
0,0,1,1,0,0,1,0,0,1,13555,18,3,0,22,8,565,1
0,0,1,0,0,1,1,0,1,1,10975,18,5,5,7,9,1580,2
0,0,1,1,0,1,1,0,1,1,13029,21,5,1,9,12,1615,2
0,0,1,1,0,1,0,0,1,0,9663,12,5,6,8,9,1495,1
0,0,1,1,1,0,1,1,1,0,4050,1,6,5,10,11,90,0
0,0,1,1,0,1,1,0,1,1,14714,3,6,0,17,4,655,1
0,0,1,0,0,0,1,0,0,1,11213,1,3,4,10,21,655,2
0,0,1,1,0,0,1,1,0,1,4544,9,4,1,6,8,165,0
0,1,0,0,0,1,0,0,1,0,3873,15,6,5,9,11,145,0
0,1,0,1,0,1,1,0,1,1,12537,9,4,1,13,21,480,1
0,0,1,1,0,1,0,0,1,0,13067,6,5,0,9,19,575,1
0,0,1,0,0,0,1,0,0,1,8714,15,3,4,6,12,330,1
0,0,1,1,0,1,1,0,1,1,13376,3,6,0,14,12,1320,2
0,1,0,0,1,0,0,1,0,0,3597,27,6,3,8,10,135,0
0,1,0,1,0,1,1,0,1,1,7670,18,5,5,12,1,760,1
0,0,1,0,0,1,0,0,1,0,14410,24,3,6,9,23,2245,2
0,0,1,0,0,1,1,0,1,1,7480,15,5,2,9,9,1420,1
0,0,1,1,0,1,0,0,1,0,13584,9,5,3,20,18,1335,1
0,0,1,1,0,0,1,0,0,1,25735,1,3,4,16,10,1050,1
0,0,1,1,0,0,1,1,0,1,4544,1,4,0,17,20,180,0
0,1,0,1,0,1,1,0,1,1,8099,21,5,1,9,19,600,1
0,0,1,1,0,1,0,0,1,0,10844,15,5,2,16,4,730,1
0,0,1,1,0,1,1,0,1,1,12557,21,3,3,19,4,550,1
0,0,1,1,0,1,1,0,1,1,9564,9,5,3,11,14,195,0
0,0,1,1,0,0,1,0,0,1,13817,12,3,1,21,9,725,1
0,0,1,1,0,1,0,0,1,0,12384,18,5,5,9,19,575,1
0,1,0,1,0,1,1,0,1,1,7575,21,5,1,4,19,860,1
0,0,1,0,0,1,0,0,1,0,14120,6,5,0,16,12,1155,2
0,1,0,1,0,1,1,0,1,1,6916,9,3,5,7,22,915,1
0,1,0,1,0,1,1,0,1,1,7878,27,5,0,7,22,920,1
0,0,1,1,0,0,1,0,0,1,11087,18,3,0,22,20,1290,1
0,0,0,1,0,1,0,0,1,0,4804,27,4,5,14,16,150,0
0,1,0,0,1,0,0,1,0,0,3597,15,6,5,9,12,135,0
0,0,1,0,0,1,0,0,1,0,12723,15,5,2,5,16,2065,2
0,0,0,1,1,0,1,1,1,0,2227,15,5,2,20,21,95,0
0,0,1,0,0,1,1,0,1,1,9929,24,5,4,7,19,735,1
0,0,1,1,0,1,0,0,1,0,11841,9,6,6,21,9,730,1
0,0,1,1,0,1,1,0,1,1,12373,9,5,3,11,4,1015,1
0,0,1,1,0,1,1,0,1,1,12898,21,5,1,20,19,1325,1
0,0,1,0,0,1,1,0,1,1,15113,3,3,6,5,7,1545,2
0,1,0,1,0,1,1,0,1,1,10529,18,5,5,11,19,440,1
0,0,1,0,0,1,1,0,1,1,8875,27,3,2,13,7,1115,2
0,0,1,1,0,1,0,0,1,0,10844,15,5,2,8,20,740,1
0,0,1,0,0,0,1,0,0,1,15676,1,3,4,6,8,165,0
0,0,1,1,0,1,0,0,1,0,7064,1,4,0,8,23,910,1
0,0,1,1,0,1,0,0,1,0,10844,9,6,6,8,19,685,1
0,0,1,1,1,0,1,1,1,0,19595,6,3,2,14,16,1610,1
0,0,1,1,0,1,0,0,1,0,13941,1,5,2,14,8,1090,1
0,0,0,1,0,1,1,0,1,1,6790,21,3,3,8,16,455,1
0,1,0,0,0,1,0,0,1,0,3841,27,4,5,9,11,145,0
0,0,1,1,0,0,1,0,0,1,11087,18,3,0,11,9,1280,1
0,0,1,0,0,1,1,0,1,1,11491,15,5,2,19,19,1410,2
0,0,0,1,0,0,1,1,0,1,3943,9,4,1,5,8,170,0
0,0,1,1,0,0,1,0,0,1,22270,1,3,4,11,7,1200,1
0,1,1,1,0,0,1,1,0,1,4878,9,6,6,17,19,155,0
0,0,1,1,0,1,1,0,1,1,14714,9,6,6,22,4,335,1
0,1,0,1,0,1,1,0,1,1,10877,24,6,0,6,19,740,1
0,0,1,1,0,1,0,0,1,0,14571,24,5,4,20,12,960,1
0,0,1,1,0,1,0,0,1,0,7064,1,4,0,18,20,1550,1
0,0,0,1,0,1,0,0,1,0,5618,6,3,2,15,17,155,0
0,1,0,1,0,1,1,0,1,1,13727,15,5,2,14,1,690,1
0,1,1,1,0,1,1,0,1,1,4851,1,4,0,14,17,190,0
0,0,1,0,0,1,0,0,1,0,15187,24,3,6,9,21,760,2
0,1,1,0,0,0,1,1,0,1,3419,15,5,2,7,10,175,0
0,0,0,1,0,0,1,1,0,1,3943,1,4,0,6,8,165,0
0,0,1,1,0,1,1,0,1,1,15129,18,5,5,9,12,1615,2
0,0,0,1,0,0,1,1,0,1,3419,21,6,4,0,3,170,0
0,0,1,0,0,1,1,0,1,1,10861,21,5,1,20,19,1395,2
0,0,0,1,0,1,1,0,1,1,7074,21,4,6,5,10,295,1
0,0,1,0,0,1,0,0,1,0,11542,6,5,0,9,15,1780,2
0,0,0,1,0,1,1,0,1,1,6968,21,4,6,6,12,320,1
0,0,1,1,0,0,1,1,0,1,5769,12,6,2,17,20,180,0
0,1,1,1,0,1,0,0,1,0,7927,12,6,2,20,22,1580,1
0,0,1,1,0,1,0,0,1,0,13044,12,6,2,18,8,800,1
0,0,1,1,0,1,1,0,1,1,15129,21,5,1,23,12,810,2
0,1,0,0,0,1,0,0,1,0,3841,1,5,2,9,11,145,0
0,0,0,1,0,1,0,0,1,0,4804,24,6,0,20,22,155,0
0,1,0,0,0,0,1,1,0,1,4319,12,4,4,5,8,160,0
0,0,1,1,0,1,1,0,1,1,16079,27,5,0,21,19,1270,1
0,0,1,1,0,0,1,0,0,1,54826,18,3,0,22,5,375,1
0,0,0,1,0,1,1,0,1,1,12351,9,3,5,17,1,485,1
0,0,1,1,0,1,0,0,1,0,13067,6,5,0,17,19,1570,1
0,0,1,1,0,0,1,0,0,1,13817,12,3,1,18,7,765,1
0,1,0,0,0,0,1,1,0,1,3625,21,5,1,21,0,175,0
0,0,1,0,1,0,1,1,1,0,18293,12,3,1,9,15,1775,3
0,1,1,1,0,0,1,1,0,1,5613,1,4,0,19,22,165,0
0,0,1,0,0,1,1,0,1,1,11038,6,3,2,6,8,1565,1
0,0,0,1,0,0,1,1,0,1,4077,3,4,2,6,8,165,0
0,1,0,1,0,1,1,0,1,1,6883,27,3,2,8,21,780,1
0,0,1,0,0,0,1,0,0,1,19508,3,3,6,17,19,165,0
0,0,1,0,0,0,1,0,0,1,8714,15,3,4,8,23,865,1
0,0,0,1,0,1,0,0,1,0,4804,1,5,2,4,7,155,0
0,1,0,1,0,1,1,0,1,1,15078,3,3,6,8,15,450,1
0,1,0,0,0,1,0,0,1,0,4807,21,4,6,17,19,150,0
0,1,0,1,0,1,1,0,1,1,21829,6,3,2,11,21,565,3
0,1,1,1,0,0,1,0,0,1,5403,24,3,6,11,14,160,0
0,0,1,1,0,0,1,0,0,1,26890,1,3,4,7,16,550,1
0,1,1,0,0,1,0,0,1,0,7335,18,5,5,23,7,495,1
0,0,1,1,0,1,1,0,1,1,9412,27,3,2,17,4,650,2
0,0,1,1,0,1,0,0,1,0,10844,21,5,1,8,19,685,1
0,0,0,1,0,0,1,1,0,1,4990,6,6,3,18,21,175,0
0,0,1,1,0,1,1,0,1,1,16704,27,5,0,23,4,1760,2
0,0,1,0,0,1,1,0,1,1,7711,9,4,1,5,19,2240,2
0,0,1,1,0,1,1,0,1,1,10262,3,6,0,17,4,655,1
0,1,0,1,0,1,1,0,1,1,6007,24,6,0,12,21,490,1
0,0,1,0,0,1,0,0,1,0,12219,1,4,0,9,5,1200,2
0,1,1,0,0,0,1,1,0,1,3898,1,5,2,20,23,165,0
0,0,1,1,0,1,0,0,1,0,11467,6,5,0,17,22,1745,1
0,0,1,0,0,1,0,0,1,0,12534,18,5,5,8,20,725,2
0,0,1,1,0,1,0,0,1,0,10844,6,6,3,8,18,590,1
0,1,0,0,0,0,1,0,0,1,4377,24,3,6,5,8,170,0
0,1,1,1,1,0,0,1,0,0,11982,9,6,6,17,20,140,0
0,1,0,0,0,0,1,1,0,1,4423,9,6,6,9,12,170,0
0,0,1,1,0,1,1,0,1,1,17234,3,3,6,19,4,550,1
0,1,1,1,0,1,0,0,1,0,8295,1,4,0,7,22,945,1
0,0,1,1,0,1,1,0,1,1,15864,6,3,2,5,19,2295,2
0,1,1,0,0,0,1,1,0,1,3398,27,5,0,11,14,170,0
0,1,0,1,0,1,1,0,1,1,7198,9,6,6,13,1,750,1
0,0,1,1,0,0,1,1,0,1,7229,6,4,5,6,8,165,0
0,0,1,1,0,1,1,0,1,1,13014,12,6,2,5,4,1375,2
0,0,1,0,0,1,0,0,1,0,6528,9,5,3,14,14,1440,1
0,0,1,1,0,1,1,0,1,1,13292,12,6,2,9,12,1620,2
0,0,1,0,0,1,1,0,1,1,11071,15,6,5,20,19,1395,2
0,1,0,0,0,1,0,0,1,0,4174,21,4,6,6,9,155,0
0,1,0,1,0,1,1,0,1,1,11299,27,3,2,4,18,890,1
0,0,1,1,0,1,1,0,1,1,12373,18,5,5,19,12,1010,1
0,0,1,0,0,0,1,0,0,1,13439,1,3,4,5,9,1645,1
0,0,0,1,0,1,0,0,1,0,4804,1,5,2,20,22,155,0
0,0,1,0,0,1,0,0,1,0,11642,12,5,6,9,5,1210,2
0,0,0,1,0,0,1,1,0,1,3419,18,6,1,0,3,170,0
0,0,0,1,0,1,0,0,1,0,6103,21,5,1,6,12,335,2
0,0,1,0,0,1,0,0,1,0,13033,9,5,3,7,1,1100,2
0,0,1,1,0,0,1,0,0,1,11245,18,3,0,8,15,420,2
0,0,1,1,0,1,0,0,1,0,10056,1,4,0,6,12,330,1
0,0,1,1,0,1,0,0,1,0,10539,6,6,3,20,14,1080,1
0,0,0,1,1,0,0,1,0,0,5277,18,3,0,22,0,140,0
0,0,1,0,0,1,0,0,1,0,11936,21,5,1,10,23,795,1
0,1,1,1,0,1,0,0,1,0,8820,6,6,3,17,20,1640,1
0,0,1,1,0,1,1,0,1,1,12373,9,5,3,15,12,1295,1
0,0,1,1,0,1,1,0,1,1,10262,1,6,5,9,12,1655,1
0,0,1,1,1,0,1,1,1,0,4995,3,6,0,7,8,85,0
0,0,1,1,0,1,1,0,1,1,7438,27,3,2,21,19,1315,1
0,0,0,1,0,1,0,0,1,0,4148,21,3,3,5,8,170,0
0,0,0,1,1,0,0,1,0,0,3597,27,5,0,14,17,140,0
1,0,0,0,0,1,0,0,1,0,5192,1,5,2,7,23,955,1
0,0,1,1,0,0,1,0,0,1,16736,6,3,2,8,20,740,1
0,1,0,1,0,1,1,0,1,1,7933,1,6,5,13,21,480,1
0,0,1,0,0,1,1,0,1,1,8879,18,5,5,8,19,675,1
0,0,0,1,0,1,1,0,1,1,5000,12,5,6,14,17,195,0
0,1,1,1,0,1,0,0,1,0,8137,6,5,0,17,9,965,1
0,0,1,0,0,1,1,0,1,1,22096,9,3,5,16,19,1580,2
0,1,0,0,0,0,1,0,0,1,4273,24,3,6,5,8,170,0
0,0,1,1,0,0,1,0,0,1,35185,1,3,4,18,0,365,1
0,0,0,1,0,1,0,0,1,0,4226,15,4,0,19,23,220,1
0,0,1,1,0,1,0,0,1,0,10844,1,5,2,8,16,475,1
0,0,0,1,1,0,1,1,1,0,2754,12,6,2,12,13,90,0
0,0,0,1,0,1,0,0,1,0,6301,6,6,3,10,16,335,1
0,0,1,0,0,1,0,0,1,0,13222,18,5,5,9,13,1700,2
0,0,1,1,0,1,1,0,1,1,12898,21,5,1,17,12,1145,1
0,0,1,0,0,0,1,0,0,1,12127,12,3,1,6,20,830,1
0,0,1,1,0,1,0,0,1,0,13067,21,5,1,20,22,1540,1
0,0,1,0,0,1,0,0,1,0,9920,1,4,0,16,20,1660,2
0,1,1,0,0,0,1,1,0,1,4239,1,4,0,7,10,175,0
0,0,1,1,0,1,1,0,1,1,14714,6,6,3,21,19,1270,1
0,0,0,1,0,1,0,0,1,0,6218,6,5,0,18,23,325,1
0,0,0,1,1,0,0,1,0,0,7295,1,3,4,5,7,140,0
0,1,0,1,0,1,1,0,1,1,7408,9,6,6,3,11,460,1
0,0,1,1,0,1,0,0,1,0,13994,9,6,6,9,18,505,1
0,0,0,1,0,1,0,0,1,0,5224,15,5,2,14,16,150,0
0,1,0,0,1,0,1,1,1,0,4391,9,3,5,5,7,80,0
0,0,1,0,0,1,0,0,1,0,14109,18,5,5,10,5,1165,2
0,1,0,0,0,0,1,1,0,1,4885,27,4,5,9,12,170,0
0,0,1,1,0,0,1,1,0,1,8016,1,6,5,8,11,180,0
0,1,0,1,0,1,1,0,1,1,12524,24,6,0,6,12,395,1
0,0,1,1,0,1,1,0,1,1,6017,27,3,2,2,18,995,1
0,1,0,0,0,0,1,1,0,1,3625,1,4,0,21,0,175,0
0,0,1,0,0,1,1,0,1,1,15586,9,3,5,5,19,2280,3
0,0,1,0,0,1,1,0,1,1,7199,27,3,2,8,19,675,1
0,0,1,1,0,1,1,0,1,1,12273,21,3,3,6,4,1325,2
0,1,0,1,0,1,1,0,1,1,7530,6,6,3,19,1,390,1
0,0,1,1,1,0,1,1,1,0,5678,21,5,1,19,21,90,0
0,0,1,0,0,1,1,0,1,1,11753,24,6,0,10,7,1245,2
0,1,0,0,1,0,1,1,1,0,1965,21,5,1,22,0,90,0
0,0,0,1,0,1,1,0,1,1,10208,21,3,3,6,13,400,1
0,0,0,1,0,1,1,0,1,1,5054,21,5,1,20,1,305,1
0,0,0,1,0,1,1,0,1,1,14871,3,3,6,8,15,425,1
0,0,1,1,0,1,1,0,1,1,12373,18,5,5,7,19,715,1
0,1,0,0,1,0,1,1,1,0,2017,15,6,5,22,0,90,0
0,0,1,1,0,1,0,0,1,0,10661,24,3,6,13,4,890,1
0,1,0,1,0,1,1,0,1,1,9794,9,5,3,10,19,520,1
0,0,1,1,0,1,0,0,1,0,13067,9,5,3,20,23,1630,1
0,1,0,0,1,0,0,1,0,0,7298,3,3,6,17,20,140,0
0,0,0,1,0,0,1,0,0,1,7648,3,3,6,10,13,175,0
0,0,1,0,0,1,0,0,1,0,10676,12,5,6,12,21,590,2
0,0,1,0,0,0,1,1,0,1,6961,3,6,0,10,12,165,0
0,0,0,1,0,1,1,0,1,1,6979,15,5,2,11,1,845,1
0,1,0,1,0,1,1,0,1,1,13587,27,5,0,9,21,720,1
0,0,1,1,0,1,0,0,1,0,10844,24,5,4,14,23,570,1
0,0,0,1,0,0,1,1,0,1,3943,12,5,6,10,13,170,0
0,0,0,1,0,1,1,0,1,1,6838,12,6,2,9,21,705,1
0,0,1,1,0,1,1,0,1,1,6542,15,4,0,13,19,360,1
0,0,1,1,0,1,1,0,1,1,12239,21,5,1,7,19,715,1
0,0,1,1,0,1,0,0,1,0,14388,12,5,6,16,4,730,1
0,0,0,1,0,1,0,0,1,0,4148,12,3,1,5,8,170,0
0,1,0,1,0,1,1,0,1,1,16840,18,5,5,15,1,625,2
0,1,0,1,0,1,1,0,1,1,9646,3,6,0,9,22,765,1
0,0,1,1,0,1,0,0,1,0,14571,9,6,6,21,18,1265,1
0,0,0,1,0,1,1,0,1,1,7923,15,5,2,16,1,570,1
0,0,1,1,0,1,0,0,1,0,8586,12,5,6,20,4,520,1
0,1,0,1,0,1,1,0,1,1,9646,3,6,0,13,22,555,1
0,0,1,1,0,1,0,0,1,0,14388,18,5,5,14,12,1315,1
0,0,1,1,0,1,0,0,1,0,13044,12,6,2,16,16,1430,1
0,1,0,1,0,1,1,0,1,1,10197,21,5,1,10,19,540,1
0,0,1,1,0,1,1,0,1,1,14714,1,6,5,19,19,1395,1
0,0,1,0,0,1,1,0,1,1,9929,1,6,5,10,19,555,1
0,0,1,1,0,1,1,0,1,1,6017,21,3,3,22,4,335,1
0,1,0,0,1,0,0,1,0,0,3597,27,6,3,9,12,135,0
0,0,1,0,0,1,1,0,1,1,5704,21,3,3,13,23,570,1
0,0,1,1,0,1,1,0,1,1,14714,3,6,0,19,4,520,1
0,0,1,0,0,0,1,1,0,1,5228,12,5,6,10,12,165,0
0,0,1,1,0,1,0,0,1,0,11467,1,4,0,9,10,1520,1
0,1,1,1,0,0,1,1,0,1,4668,6,6,3,9,12,170,0
0,0,0,1,0,0,1,1,0,1,4591,18,4,3,21,0,180,0
0,0,0,1,0,0,1,1,0,1,3943,12,5,6,21,0,180,0
0,0,1,0,0,0,1,1,0,1,5228,21,4,6,10,12,165,0
0,0,1,1,0,1,1,0,1,1,12242,27,3,2,2,18,995,1
0,0,1,0,0,1,1,0,1,1,11185,9,6,6,7,9,1580,2
0,0,0,1,0,1,1,0,1,1,6573,9,4,1,9,1,975,1
0,0,1,1,0,1,0,0,1,0,14781,15,5,2,16,22,365,1
0,0,1,0,0,1,0,0,1,0,14960,12,6,2,16,8,970,2
0,0,0,1,1,0,0,1,0,0,4332,15,5,2,11,14,145,0
1,0,0,0,0,0,1,0,0,1,7652,3,3,6,5,8,170,0
0,0,1,1,0,1,0,0,1,0,14151,24,5,4,9,21,690,1
0,1,0,0,0,0,1,1,0,1,4319,12,6,2,9,12,170,0
0,0,1,1,0,1,1,0,1,1,10929,21,3,3,19,18,1420,2
0,0,1,0,0,1,0,0,1,0,11491,24,3,6,7,10,1620,2
0,0,0,1,0,1,1,0,1,1,6015,18,4,3,14,17,195,0
0,0,1,1,0,1,0,0,1,0,12692,12,6,2,9,21,690,1
1,0,0,0,0,1,0,0,1,0,4384,9,3,5,22,1,150,0
0,0,0,1,0,0,1,1,0,1,3943,3,6,0,6,8,165,0
0,0,1,1,0,1,1,0,1,1,12373,18,5,5,9,19,600,1
0,0,1,1,0,0,1,0,0,1,19225,6,3,2,8,13,315,1
0,0,1,1,0,1,1,0,1,1,14053,9,3,5,19,18,1385,1
0,0,1,0,0,0,1,1,0,1,5911,12,4,4,13,16,170,0
0,1,0,1,0,1,1,0,1,1,10877,9,6,6,6,19,740,1
0,0,1,1,0,1,0,0,1,0,7757,6,6,3,18,4,585,1
0,0,0,1,0,1,1,0,1,1,6558,21,3,3,7,16,515,1
0,0,0,1,0,1,0,0,1,0,4804,21,4,6,9,12,165,0
0,0,1,1,1,0,1,1,1,0,5678,18,3,0,15,17,90,0
0,0,1,1,0,1,1,0,1,1,12373,9,5,3,10,4,1105,1
0,0,1,1,0,0,1,1,0,1,5198,6,5,0,6,8,165,0
0,0,0,1,0,1,0,0,1,0,6064,1,6,5,14,16,150,0
0,0,1,1,0,1,1,0,1,1,15029,9,3,5,21,4,395,1
0,0,1,1,0,1,1,0,1,1,10909,9,4,1,5,19,810,2
0,1,0,1,0,1,1,0,1,1,18492,9,3,5,8,19,665,1
0,0,1,1,0,1,1,0,1,1,10262,24,6,0,2,4,1570,1
0,0,1,1,0,1,0,0,1,0,8781,18,5,5,11,17,345,1
0,0,0,1,0,1,1,0,1,1,6442,27,5,0,8,16,455,1
0,0,1,1,1,0,1,1,1,0,20120,12,3,1,9,16,405,1
0,1,1,1,0,0,1,1,0,1,4878,27,5,0,19,22,165,0
0,0,1,1,0,0,1,0,0,1,16736,6,3,2,5,18,760,1
0,1,0,0,0,1,0,0,1,0,9630,24,5,4,11,18,435,1
0,1,1,1,0,1,0,0,1,0,8610,9,5,3,7,18,700,1
0,1,1,1,1,0,0,1,0,0,3687,27,6,3,7,9,135,0
0,1,1,1,0,1,0,0,1,0,8452,15,5,2,20,9,765,1
0,0,0,1,0,0,1,1,0,1,3943,18,5,5,10,13,170,0
0,0,0,1,1,0,1,1,1,0,3342,15,3,4,6,7,85,0
0,0,1,1,0,1,0,0,1,0,13067,12,5,6,20,14,1080,1
0,1,1,1,0,0,1,1,0,1,4878,6,5,0,19,22,165,0
0,0,1,1,0,1,0,0,1,0,14388,9,5,3,21,10,775,1
0,0,1,1,0,1,1,0,1,1,16704,27,5,0,13,4,900,2
0,0,1,0,1,0,1,1,1,0,3100,21,5,1,19,20,75,0
0,0,1,0,0,0,1,0,0,1,13387,12,3,1,17,18,1480,3
0,0,0,1,1,0,1,1,1,0,4049,9,6,6,9,10,90,0
0,0,1,1,0,1,1,0,1,1,13029,18,5,5,5,19,810,2
0,1,0,0,0,0,1,1,0,1,3919,9,4,1,21,0,175,0
0,0,0,1,1,0,0,1,0,0,3850,3,5,4,5,7,145,0
0,0,1,0,0,1,1,0,1,1,8839,24,6,0,13,9,1210,2
0,0,1,1,0,1,0,0,1,0,7064,1,4,0,16,4,730,1
0,0,1,1,0,1,0,0,1,0,13941,12,5,6,20,8,735,1
0,0,1,0,0,1,0,0,1,0,13007,24,5,4,10,10,1470,3
0,0,1,1,0,1,0,0,1,0,14781,18,5,5,14,22,510,1
0,0,1,1,1,0,1,1,1,0,2071,18,3,0,19,21,90,0
0,0,1,1,0,1,1,0,1,1,4256,21,6,4,11,14,195,0
0,1,1,1,0,0,1,0,0,1,7923,9,3,5,16,18,155,0
1,0,0,0,0,1,0,0,1,0,3782,15,3,4,22,1,150,0
0,0,1,1,0,1,0,0,1,0,12384,15,5,2,20,9,800,1
0,1,0,1,0,1,1,0,1,1,8565,21,3,3,10,1,935,1
0,0,0,1,0,1,1,0,1,1,6232,21,3,3,16,21,300,1
0,0,0,1,0,0,1,0,0,1,4777,9,3,5,5,8,170,0
0,0,1,0,0,1,0,0,1,0,4145,1,6,5,20,23,155,0
1,0,0,0,0,1,0,0,1,0,5192,15,5,2,22,10,720,1
0,0,1,0,0,1,1,0,1,1,4729,1,4,0,5,8,170,0
0,0,0,1,0,1,1,0,1,1,6093,3,6,0,6,21,860,1
0,0,1,0,0,1,0,0,1,0,8891,1,5,2,9,18,545,1
0,0,1,1,0,1,1,0,1,1,12242,27,3,2,16,4,745,1
0,0,1,1,0,1,0,0,1,0,11467,1,5,2,17,18,1500,1
0,0,1,1,0,1,0,0,1,0,14781,21,5,1,21,9,730,1
0,1,0,1,0,1,1,0,1,1,10197,18,5,5,7,19,720,1
0,0,1,1,0,0,1,0,0,1,17261,6,3,2,21,9,725,1
0,0,1,0,0,1,1,0,1,1,7480,1,5,2,20,9,765,1
0,0,0,1,0,1,0,0,1,0,4804,21,5,1,15,18,155,0
0,1,0,0,0,1,0,0,1,0,4439,21,4,6,9,11,145,0
0,1,0,0,0,1,1,0,1,1,6065,21,3,3,6,11,310,1
0,0,1,1,0,1,0,0,1,0,8586,24,5,4,18,4,585,1
0,0,0,1,0,1,1,0,1,1,5406,18,3,0,14,17,185,0
0,0,1,1,0,1,1,0,1,1,12142,6,6,3,18,4,600,2
0,0,1,1,0,1,1,0,1,1,14714,6,6,3,2,12,620,1
0,0,1,1,0,1,1,0,1,1,10262,15,6,5,2,4,1570,1
0,0,1,0,0,0,1,0,0,1,15434,6,3,2,11,23,725,1
0,0,1,0,0,1,0,0,1,0,10676,18,5,5,12,11,1390,2
0,0,0,1,0,1,0,0,1,0,4804,21,4,6,20,22,155,0
0,0,1,1,0,1,1,0,1,1,13014,9,6,6,19,12,1025,2
0,0,0,1,0,0,1,1,0,1,3943,3,5,4,10,13,170,0
0,0,1,0,1,0,1,1,1,0,9678,6,3,2,5,22,990,2
0,0,1,1,0,1,0,0,1,0,14781,15,5,2,8,19,685,1
0,1,0,1,0,1,1,0,1,1,10197,15,5,2,9,19,600,1
0,0,1,0,0,1,1,0,1,1,10861,9,5,3,5,19,800,2
0,0,1,1,0,1,0,0,1,0,10844,1,5,2,21,4,450,1
0,0,1,0,0,1,1,0,1,1,7480,21,5,1,17,9,965,1
0,0,0,1,0,1,1,0,1,1,5684,24,6,0,17,1,500,1
0,0,1,1,0,1,1,0,1,1,14714,6,6,3,16,19,1620,1
0,0,1,1,0,1,0,0,1,0,9314,1,4,0,9,18,505,1
0,0,1,0,0,1,0,0,1,0,4435,15,3,4,20,23,155,0
0,1,0,1,0,1,1,0,1,1,11789,27,6,3,7,19,690,1
0,1,0,0,0,0,1,1,0,1,3919,3,4,2,21,0,175,0
0,0,1,1,0,0,1,1,0,1,5198,6,4,5,15,18,175,0
0,1,1,1,0,1,0,0,1,0,8820,9,5,3,17,18,1550,1
0,0,0,1,1,0,1,1,1,0,2754,6,5,0,12,13,90,0
0,1,1,1,0,1,0,0,1,0,8085,9,6,6,20,23,1625,1
0,0,1,1,0,1,0,0,1,0,10539,9,6,6,20,21,1480,1
0,0,1,1,0,1,0,0,1,0,14676,9,6,6,9,22,750,1
0,0,1,1,0,1,1,0,1,1,6017,27,3,2,2,4,1570,1
0,0,1,1,0,0,1,1,0,1,4544,1,4,0,18,22,185,0
1,1,0,0,1,0,1,1,1,0,4140,6,3,2,13,16,195,1
0,0,1,1,0,0,1,1,0,1,7229,3,5,4,11,14,175,0
0,0,1,0,0,1,1,0,1,1,16373,9,3,5,22,19,1275,2
0,0,1,0,0,1,0,0,1,0,10991,1,5,2,5,23,1045,2
0,0,1,1,0,1,0,0,1,0,9663,18,5,5,14,12,1315,1
0,0,1,0,0,0,1,0,0,1,14305,1,3,4,22,23,1520,1
1,0,0,0,0,1,1,0,1,1,6752,15,5,2,16,7,865,1
0,0,1,1,0,1,0,0,1,0,8529,12,6,2,16,9,1010,1
0,0,0,1,0,1,1,0,1,1,4729,27,3,2,5,8,195,0
0,1,0,1,0,1,1,0,1,1,7670,18,5,5,8,21,735,1
0,0,1,1,1,0,1,1,1,0,4995,3,5,4,10,11,90,0
0,0,1,1,0,0,1,1,0,1,7229,1,5,2,8,11,180,0
0,0,0,1,0,0,1,1,0,1,4823,27,4,5,7,10,175,0
1,0,0,0,0,1,0,0,1,0,3782,27,3,2,19,22,150,0
0,0,1,1,0,1,1,0,1,1,12898,21,5,1,18,19,1485,1
0,1,0,0,0,1,0,0,1,0,3841,24,5,4,22,0,140,0
0,1,0,1,0,1,1,0,1,1,9627,18,5,5,10,19,505,1
0,0,1,1,0,1,0,0,1,0,14571,9,6,6,21,12,890,1
0,0,0,1,0,1,0,0,1,0,6985,24,3,6,15,17,155,0
0,0,1,1,1,0,1,1,1,0,8040,21,6,4,7,8,85,0
0,0,0,1,0,1,0,0,1,0,4804,21,6,4,22,0,155,0
0,1,0,1,0,1,1,0,1,1,10678,27,6,3,4,19,845,1
0,0,1,1,0,1,0,0,1,0,14231,24,3,6,16,18,1515,1
0,0,1,1,0,1,0,0,1,0,8529,12,6,2,20,16,1220,1
0,0,1,0,0,1,1,0,1,1,11753,24,6,0,10,19,500,2
0,0,1,1,0,1,0,0,1,0,13374,6,6,3,18,4,585,1
0,0,1,0,1,0,1,1,1,0,3625,1,5,2,21,22,80,0
0,0,1,1,0,1,1,0,1,1,16079,21,5,1,16,19,1620,1
0,0,1,1,0,1,1,0,1,1,10262,27,6,3,20,12,940,1
0,0,1,1,0,1,0,0,1,0,9663,15,5,2,6,12,330,1
0,1,0,1,0,1,1,0,1,1,9595,18,5,5,18,1,450,1
0,0,0,1,0,1,0,0,1,0,4804,24,6,0,17,19,155,0
0,0,1,0,0,1,0,0,1,0,12744,9,6,6,10,5,1165,2
0,0,1,0,0,0,1,1,0,1,6961,1,6,5,13,16,170,0
0,0,1,1,0,1,0,0,1,0,9663,6,5,0,14,4,875,1
0,1,0,1,0,1,1,0,1,1,7575,21,5,1,10,19,520,1
0,0,1,0,0,0,1,0,0,1,13355,3,3,6,19,10,925,2
0,0,1,0,0,1,0,0,1,0,12592,24,5,4,9,13,1700,2
0,0,1,0,1,0,1,1,1,0,3625,1,6,5,13,15,90,0
0,0,1,1,0,1,1,0,1,1,10262,24,6,0,15,4,805,1
0,0,1,0,0,1,1,0,1,1,9443,21,5,1,19,19,1410,2
0,0,1,0,0,1,1,0,1,1,18959,9,3,5,8,19,635,1
0,0,0,1,1,0,1,1,1,0,4784,3,3,6,6,7,85,0
0,0,1,0,0,1,0,0,1,0,7893,1,4,0,17,12,1110,1
0,0,1,0,0,1,1,0,1,1,14431,27,6,3,6,7,1490,2
1,0,1,0,0,0,1,0,0,1,79512,1,3,4,5,11,340,1
0,0,1,1,1,0,1,1,1,0,3210,24,5,4,19,21,90,0
0,1,0,1,0,1,1,0,1,1,13677,9,3,5,6,21,900,1
0,0,1,0,0,1,1,0,1,1,7480,27,5,0,6,9,1640,1
0,0,1,0,0,1,1,0,1,1,8372,24,6,0,19,7,760,1
0,0,1,1,0,1,1,0,1,1,11664,27,3,2,5,4,1380,2
0,0,1,0,0,0,1,1,0,1,6961,18,6,1,10,12,165,0
0,0,1,0,0,0,1,1,0,1,6121,24,4,2,17,19,165,0
0,0,1,0,0,0,1,1,0,1,5911,12,4,4,6,8,165,0
0,1,1,0,0,0,1,1,0,1,3398,6,5,0,11,14,170,0
0,1,0,1,0,1,1,0,1,1,7530,9,6,6,19,1,390,1
0,1,1,0,0,0,1,1,0,1,3419,24,5,4,20,23,165,0
0,1,1,1,0,0,1,0,0,1,6558,24,3,6,21,0,175,0
0,0,1,0,0,1,0,0,1,0,10203,9,6,6,20,20,1435,1
0,0,1,1,0,0,1,0,0,1,11087,12,3,1,18,20,1525,1
0,1,0,0,0,0,1,0,0,1,5575,24,3,6,20,23,170,0
1,0,0,0,0,1,1,0,1,1,6152,24,4,2,7,22,870,1
0,0,1,1,0,1,0,0,1,0,5608,9,5,3,10,17,435,1
0,0,1,1,0,0,1,0,0,1,17261,6,3,2,11,10,1365,1
0,1,1,0,0,0,1,1,0,1,3419,6,5,0,20,23,165,0
0,0,0,1,0,1,1,0,1,1,6218,21,3,3,10,15,285,1
0,0,1,1,0,1,1,0,1,1,14714,3,6,0,2,12,620,1
0,1,0,1,0,1,1,0,1,1,14848,3,6,0,11,19,465,1
0,0,1,1,0,1,0,0,1,0,9358,12,5,6,10,17,435,1
0,0,1,0,0,1,0,0,1,0,8366,6,5,0,9,7,1350,1
0,1,0,1,0,1,1,0,1,1,15342,6,3,2,11,19,465,1
0,0,1,1,1,0,1,1,1,0,5678,21,3,3,3,4,80,0
0,0,0,1,0,1,0,0,1,0,4804,6,5,0,22,0,155,0
0,0,1,1,0,1,0,0,1,0,14571,24,5,4,8,16,475,1
0,0,1,1,0,1,0,0,1,0,12681,1,4,0,8,20,740,1
0,0,1,1,0,0,1,0,0,1,17261,6,3,2,21,10,780,1
0,1,1,1,0,1,0,0,1,0,9922,9,6,6,17,10,1065,1
0,0,1,1,0,1,0,0,1,0,10844,18,5,5,18,12,1025,1
0,1,0,0,0,0,1,1,0,1,4423,21,4,6,5,8,160,0
0,0,0,1,0,0,1,1,0,1,3419,24,5,4,1,4,165,0
0,0,1,1,0,1,1,0,1,1,14714,24,6,0,22,4,335,1
0,0,1,1,0,0,1,0,0,1,11087,9,3,5,5,11,340,1
0,0,0,1,0,1,1,0,1,1,6316,27,6,3,16,1,570,1
0,1,0,0,1,0,0,1,0,0,3543,27,5,0,9,12,135,0
0,0,1,1,0,1,0,0,1,0,14571,6,6,3,18,12,1025,1
0,0,1,1,0,1,0,0,1,0,14676,9,6,6,9,18,505,1
0,0,1,1,0,0,1,0,0,1,17261,6,3,2,16,9,995,1
0,0,1,1,0,1,0,0,1,0,13941,15,5,2,8,23,910,1
0,0,1,0,0,1,1,0,1,1,13348,3,3,6,6,8,1565,1
0,0,1,1,0,0,1,1,0,1,8016,18,6,1,11,14,175,0
0,0,1,1,0,1,1,0,1,1,12898,27,5,0,7,12,330,1
0,0,1,1,0,0,1,1,0,1,7229,9,4,1,18,22,185,0
0,1,0,0,1,0,1,1,1,0,2017,27,6,3,5,7,90,0
0,0,1,1,0,0,1,0,0,1,16736,6,3,2,8,19,670,1
0,1,0,0,0,1,0,0,1,0,3873,18,6,1,17,19,150,0
0,0,0,1,0,1,1,0,1,1,6704,9,5,3,14,22,490,1
0,0,1,1,0,1,0,0,1,0,10844,6,6,3,18,19,1495,1
0,1,1,1,0,0,1,0,0,1,7450,9,3,5,19,22,160,0
0,0,1,1,0,0,1,0,0,1,16736,6,3,2,16,5,730,1
0,0,1,1,0,1,1,0,1,1,10262,15,6,5,15,12,1295,1
0,0,1,0,0,1,0,0,1,0,10991,1,5,2,5,16,2065,2
0,1,0,0,0,0,1,1,0,1,3311,6,6,3,21,0,175,0
0,0,0,1,0,1,1,0,1,1,7081,24,5,4,10,1,895,1
0,0,0,1,0,0,1,1,0,1,3943,27,4,5,21,0,180,0
0,0,1,0,0,1,1,0,1,1,8372,21,5,1,13,19,375,1
0,0,1,0,0,1,1,0,1,1,11701,9,3,5,19,19,1410,2
0,0,1,1,0,0,1,1,0,1,5769,3,6,0,15,18,175,0
0,1,0,1,0,1,1,0,1,1,15965,12,6,2,15,1,625,2
0,1,0,0,0,0,1,1,0,1,4423,12,6,2,9,12,170,0
0,0,1,1,0,0,1,0,0,1,6136,15,3,4,9,14,280,1
0,0,1,1,0,0,1,0,0,1,11087,12,3,1,16,23,365,1
0,0,0,1,1,0,0,1,0,0,3540,3,6,0,5,7,145,0
0,0,1,1,0,1,1,0,1,1,12898,21,5,1,14,4,865,1
0,0,0,1,0,0,1,1,0,1,4591,18,4,3,6,8,165,0
0,0,1,0,0,1,1,0,1,1,8635,24,3,6,4,7,1660,1
0,0,1,1,0,1,1,0,1,1,14714,27,6,3,9,19,600,1
0,0,1,1,0,1,0,0,1,0,14151,18,5,5,20,19,1365,1
0,1,0,1,0,1,1,0,1,1,8835,1,6,5,4,19,860,1
0,0,1,0,0,1,0,0,1,0,11936,21,5,1,17,8,925,1
0,0,1,1,0,1,1,0,1,1,13882,9,6,6,21,12,900,2
0,0,1,0,0,1,1,0,1,1,5117,1,4,0,17,9,965,1
0,0,1,1,0,0,1,1,0,1,4544,24,5,4,15,18,175,0
0,0,0,1,0,1,1,0,1,1,6442,15,5,2,6,22,940,1
0,0,0,1,1,0,1,1,1,0,2227,21,5,1,20,21,95,0
0,0,1,1,0,0,1,1,0,1,7229,15,4,0,6,8,165,0
0,0,1,1,0,1,1,0,1,1,10262,1,6,5,13,19,360,1
0,0,1,1,0,0,1,0,0,1,13817,12,3,1,8,21,800,1
0,1,0,0,0,1,1,0,1,1,5975,21,5,1,17,22,295,1
0,0,0,1,0,1,0,0,1,0,4148,21,3,3,21,0,160,0
0,1,0,1,0,1,1,0,1,1,13587,6,6,3,11,21,570,1
0,0,1,1,1,0,1,1,1,0,2759,21,3,3,3,4,80,0
0,0,1,1,0,0,1,1,0,1,7229,15,5,2,19,22,180,0
0,0,1,0,0,1,1,0,1,1,13547,9,5,3,7,7,1475,2
0,1,0,0,0,1,0,0,1,0,3873,21,6,4,6,9,155,0
0,0,1,1,0,1,0,0,1,0,14388,21,5,1,16,4,730,1
0,0,1,1,0,1,0,0,1,0,13731,24,5,4,18,10,910,1
0,1,0,0,0,1,0,0,1,0,3815,27,3,2,6,9,160,0
0,0,1,1,1,0,1,1,1,0,5678,15,3,4,15,17,90,0
0,0,1,1,0,1,0,0,1,0,9663,9,5,3,8,9,1495,1
0,1,1,0,0,1,0,0,1,0,8855,21,5,1,16,0,455,1
0,0,1,1,0,1,1,0,1,1,15129,9,5,3,9,4,1125,2
0,0,1,1,0,0,1,0,0,1,13555,18,3,0,16,23,365,1
0,0,1,1,0,1,0,0,1,0,10844,21,5,1,21,8,665,1
0,0,1,1,0,0,1,0,0,1,7832,21,3,3,11,21,580,1
0,0,1,1,0,1,1,0,1,1,11150,27,6,3,23,12,810,2
0,1,1,1,0,1,0,0,1,0,8452,9,5,3,20,10,865,1
0,1,0,1,0,1,1,0,1,1,9646,9,6,6,9,16,385,1
0,0,0,1,0,0,1,1,0,1,3943,24,6,0,10,13,170,0
0,1,1,0,0,1,1,0,1,1,5281,12,6,2,7,12,355,1
0,0,1,0,0,1,1,0,1,1,14667,1,6,5,17,7,865,2
0,0,1,1,0,1,0,0,1,0,14571,24,5,4,20,9,800,1
0,0,1,1,0,0,1,0,0,1,28097,1,3,4,5,12,390,1
0,0,1,1,0,0,1,0,0,1,17471,6,3,2,20,19,1355,1
0,0,1,1,0,1,1,0,1,1,10577,12,6,2,8,19,660,1
0,1,0,1,0,1,1,0,1,1,14848,24,6,0,11,19,465,1
0,0,0,1,0,0,1,1,0,1,4591,15,4,0,23,2,170,0
0,0,0,1,1,0,0,1,0,0,3597,18,5,5,19,21,140,0
0,0,0,1,0,1,1,0,1,1,6938,27,5,0,16,22,380,1
1,0,0,0,0,1,0,0,1,0,3807,24,6,0,19,22,150,0
0,0,1,1,0,1,1,0,1,1,10262,12,6,2,9,19,600,1
0,0,1,0,0,1,0,0,1,0,11432,9,5,3,8,20,725,2
0,0,1,1,0,0,1,0,0,1,7229,21,3,3,19,22,160,0
0,1,0,1,0,1,1,0,1,1,14848,21,5,1,11,19,465,1
0,0,1,1,0,1,0,0,1,0,8586,15,5,2,6,23,1025,1
0,1,0,1,0,1,1,0,1,1,6106,9,4,1,10,19,520,1
0,1,0,0,0,1,0,0,1,0,3873,3,5,4,22,0,140,0
0,0,1,1,0,1,1,0,1,1,15812,15,6,5,11,19,440,2
0,0,1,1,0,1,0,0,1,0,12121,24,5,4,20,14,1080,1
0,0,1,1,0,1,0,0,1,0,8586,12,5,6,6,19,800,1
0,1,0,1,0,1,1,0,1,1,7354,12,6,2,7,19,705,1
0,0,0,1,0,1,0,0,1,0,4778,6,3,2,21,0,160,0
0,0,0,1,0,1,1,0,1,1,6838,9,6,6,8,21,750,1
0,1,0,1,0,1,1,0,1,1,10276,6,3,2,9,22,755,1
0,0,1,1,0,0,1,1,0,1,8016,18,6,1,8,11,180,0
0,0,1,0,0,0,1,0,0,1,4943,21,3,3,8,18,615,1
0,0,0,1,0,0,1,1,0,1,4823,24,6,0,8,11,170,0
0,0,1,1,0,1,0,0,1,0,12996,1,4,0,8,16,475,1
0,0,1,0,0,1,1,0,1,1,9929,27,5,0,9,19,615,1
0,1,0,1,0,1,1,0,1,1,9508,3,6,0,10,1,930,1
0,0,1,0,0,1,1,0,1,1,5674,21,3,3,18,21,185,0
0,0,0,1,1,0,0,1,0,0,3858,18,6,1,11,14,145,0
0,0,0,1,0,1,0,0,1,0,4804,24,5,4,22,0,155,0
0,1,0,1,0,1,1,0,1,1,13377,27,5,0,14,1,690,1
0,0,1,1,0,1,1,0,1,1,12898,27,5,0,15,4,805,1
1,0,0,0,0,1,0,0,1,0,4409,1,6,5,10,12,155,0
1,0,0,0,0,1,1,0,1,1,8759,1,6,5,7,22,870,1
0,0,1,0,0,0,1,0,0,1,10394,3,3,6,0,23,1405,1
0,0,0,1,1,0,0,1,0,0,3858,18,3,0,11,14,145,0
1,0,0,0,0,1,1,0,1,1,6253,15,6,5,7,13,330,1
0,0,1,1,0,1,1,0,1,1,15129,27,5,0,19,12,1045,2
0,1,1,0,0,1,0,0,1,0,4773,24,3,6,6,14,470,1
0,0,1,1,0,1,0,0,1,0,9663,21,5,1,6,9,1610,1
0,0,1,1,0,1,0,0,1,0,12692,12,6,2,17,9,1005,1
0,0,0,1,0,0,1,1,0,1,3943,6,6,3,1,4,165,0
0,0,1,1,0,1,0,0,1,0,10703,12,5,6,17,21,1685,1
0,0,0,1,0,1,1,0,1,1,8784,27,3,2,6,21,860,1
0,1,0,1,0,1,1,0,1,1,11622,9,6,6,9,19,585,1
0,0,0,1,1,0,0,1,0,0,5277,24,5,4,22,0,140,0
1,0,0,0,0,1,1,0,1,1,8327,21,5,1,16,7,865,1
0,0,0,1,0,1,1,0,1,1,6885,9,3,5,5,8,195,0
0,0,1,1,0,0,1,1,0,1,8016,12,6,2,17,20,180,0
0,0,0,1,0,1,1,0,1,1,10112,1,6,5,23,4,305,1
0,0,0,1,0,1,1,0,1,1,14871,6,3,2,17,1,485,1
0,0,1,1,0,1,1,0,1,1,10262,9,6,6,9,19,600,1
0,0,1,1,1,0,1,1,1,0,2470,24,3,6,19,21,90,0
0,0,1,0,0,1,1,0,1,1,11622,9,3,5,13,9,1210,2
0,1,1,1,0,1,0,0,1,0,8662,6,5,0,20,10,865,1
0,0,1,0,0,1,1,0,1,1,11972,24,6,0,17,19,1560,2
0,0,1,1,0,1,1,0,1,1,11992,6,6,3,9,4,1140,2
0,0,1,1,0,1,1,0,1,1,12373,18,5,5,10,4,1105,1
0,1,0,1,0,1,1,0,1,1,7198,1,6,5,10,1,930,1
0,0,1,1,0,1,1,0,1,1,14714,15,6,5,7,12,330,1
0,0,0,1,0,1,1,0,1,1,6316,9,6,6,16,1,570,1
0,0,1,0,0,1,1,0,1,1,5998,27,3,2,17,8,875,1
0,0,1,1,0,1,0,0,1,0,13044,12,6,2,18,16,1285,1
0,1,0,1,0,1,1,0,1,1,9646,12,6,2,13,22,565,1
1,0,0,0,0,1,1,0,1,1,6451,27,6,3,16,7,865,1
0,1,1,0,0,1,1,0,1,1,5281,24,6,0,7,12,355,1
0,0,1,1,1,0,1,1,1,0,2228,1,5,2,19,21,90,0
0,0,0,1,0,0,1,1,0,1,3943,1,6,5,6,8,165,0
0,0,1,0,0,1,1,0,1,1,11753,15,6,5,10,7,1245,2
0,0,1,1,0,1,1,0,1,1,8728,21,3,3,13,18,1735,2
0,1,0,0,0,1,1,0,1,1,4812,9,5,3,8,13,270,1
0,0,1,1,0,1,0,0,1,0,14151,1,5,2,17,22,1745,1
0,1,1,1,0,1,0,0,1,0,8452,1,5,2,20,9,765,1
0,0,0,1,0,1,0,0,1,0,6762,24,3,6,15,20,305,1
0,0,1,1,0,0,1,0,0,1,13817,12,3,1,18,13,1100,1
0,0,1,1,0,1,1,0,1,1,12898,21,5,1,14,12,1355,1
0,0,0,1,0,1,0,0,1,0,3480,6,4,5,19,23,265,1
0,0,1,1,0,0,1,0,0,1,27992,1,3,4,11,21,580,1
0,0,1,1,0,1,1,0,1,1,7791,21,3,3,18,4,600,2
0,0,1,0,0,1,1,0,1,1,5704,21,3,3,6,23,1010,1
0,0,0,1,0,1,0,0,1,0,5268,21,5,1,16,22,340,1
0,1,1,0,0,0,1,1,0,1,3898,6,6,3,11,14,170,0
0,1,0,0,0,1,0,0,1,0,3847,15,3,4,9,11,150,0
0,1,0,1,0,1,1,0,1,1,10877,12,6,2,7,19,690,1
0,1,0,1,0,1,1,0,1,1,8371,9,4,1,8,19,630,1
0,1,0,1,0,1,1,0,1,1,7038,6,6,3,7,22,920,1
0,0,1,1,0,1,0,0,1,0,14571,9,6,6,6,16,590,1
0,0,1,1,0,1,0,0,1,0,11841,9,6,6,20,9,800,1
0,0,1,1,0,1,1,0,1,1,15129,18,5,5,13,12,1390,2
0,1,0,0,0,1,0,0,1,0,3841,15,6,5,22,0,140,0
0,0,1,1,0,1,1,0,1,1,10262,24,6,0,11,12,1505,1
0,0,1,0,0,1,0,0,1,0,4460,6,4,5,20,23,155,0
0,0,0,1,0,0,1,0,0,1,7648,3,3,6,18,21,175,0
0,1,1,1,0,1,0,0,1,0,8610,6,6,3,7,20,790,1
0,0,0,1,1,0,0,1,0,0,3597,18,6,1,13,15,140,0
0,0,0,1,0,1,1,0,1,1,6442,24,6,0,7,16,515,1
0,0,0,1,0,1,1,0,1,1,12351,9,3,5,6,21,860,1
0,1,0,1,0,1,1,0,1,1,14067,21,5,1,17,1,480,1
0,0,0,1,0,0,1,1,0,1,4823,15,5,2,20,22,170,0
0,1,1,1,0,1,0,0,1,0,12102,24,3,6,17,22,1750,1
0,0,1,1,1,0,1,1,1,0,8040,24,5,4,7,8,85,0
0,0,0,1,0,1,1,0,1,1,6582,9,5,3,2,7,325,1
0,1,1,1,0,0,1,1,0,1,4668,12,6,2,11,14,170,0
0,0,0,1,0,0,1,1,0,1,4823,1,4,0,20,22,170,0
0,1,0,0,0,1,0,0,1,0,3873,1,5,2,22,0,140,0
0,1,0,1,0,1,1,0,1,1,8476,18,5,5,10,19,535,1
0,0,0,1,0,1,1,0,1,1,5636,27,5,0,7,12,315,1
0,0,1,1,0,1,0,0,1,0,8586,12,5,6,8,19,685,1
0,0,0,1,0,0,1,1,0,1,4823,6,6,3,18,21,175,0
0,0,1,0,0,1,1,0,1,1,6881,6,3,2,5,8,170,0
0,0,1,1,0,1,0,0,1,0,10844,9,5,3,14,22,510,1
0,0,0,1,0,1,0,0,1,0,4226,24,4,2,19,23,220,1
0,0,1,1,0,1,1,0,1,1,12373,9,5,3,19,19,1425,1
0,0,1,0,0,1,0,0,1,0,10697,6,6,3,8,21,810,2
0,0,1,1,1,0,1,1,1,0,4995,3,6,0,10,11,90,0
0,0,1,0,0,1,1,0,1,1,9443,24,6,0,16,19,1595,2
0,0,1,1,0,1,1,0,1,1,12347,21,3,3,18,4,2040,2
0,1,0,1,0,1,1,0,1,1,7408,9,6,6,13,21,480,1
0,0,1,1,0,1,0,0,1,0,7064,1,4,0,18,9,865,1
0,0,1,1,0,1,1,0,1,1,13843,6,3,2,13,4,925,1
0,0,0,1,0,1,0,0,1,0,4174,12,4,4,15,18,155,0
0,1,0,1,0,1,1,0,1,1,16294,15,5,2,11,21,565,3
0,1,0,0,0,1,0,0,1,0,3841,18,5,5,6,9,155,0
0,0,0,1,0,0,1,1,0,1,4423,15,6,5,4,6,170,0
0,0,1,0,0,1,1,0,1,1,5201,12,6,2,5,8,170,0
0,0,1,0,0,0,1,0,0,1,12599,3,3,6,6,11,1705,2
0,0,0,1,1,0,1,1,1,0,4049,21,5,1,6,7,90,0
0,0,1,0,0,1,0,0,1,0,12797,24,5,4,9,10,1505,2
0,0,1,1,0,1,0,0,1,0,13067,24,5,4,20,10,870,1
0,1,1,1,0,1,0,0,1,0,9345,24,5,4,20,18,1350,1
0,0,0,1,0,1,1,0,1,1,6818,21,5,1,5,12,425,1
0,0,1,1,1,0,1,1,1,0,8040,3,5,4,10,11,90,0
0,0,1,1,0,1,1,0,1,1,14300,12,6,2,18,12,1095,2
0,1,0,1,0,1,1,0,1,1,13727,15,5,2,18,1,435,1
0,0,1,1,0,0,1,0,0,1,7832,21,3,3,16,10,1050,1
0,1,0,1,0,1,1,0,1,1,16259,9,3,5,4,12,535,1
0,0,0,1,0,0,1,1,0,1,4823,27,6,3,8,11,170,0
0,0,1,1,0,0,1,0,0,1,16736,6,3,2,11,8,1235,1
0,0,1,0,0,1,0,0,1,0,13217,6,6,3,9,5,1200,2
0,1,0,1,0,1,1,0,1,1,6637,27,3,2,12,21,490,1
0,0,1,1,0,1,0,0,1,0,10844,9,6,6,18,12,1025,1
0,1,0,1,0,1,1,0,1,1,8401,21,3,3,10,19,555,1
0,1,0,0,0,1,0,0,1,0,3873,12,4,4,9,11,145,0
0,0,1,1,0,1,1,0,1,1,12410,24,6,0,20,4,505,2
0,0,1,1,0,1,1,0,1,1,15129,18,5,5,23,12,810,2
0,0,0,1,0,0,1,1,0,1,4423,1,5,2,13,15,170,0
0,0,1,1,0,1,1,0,1,1,16079,27,5,0,13,19,360,1
0,0,1,0,0,1,0,0,1,0,15894,6,6,3,14,8,1105,2
0,1,0,1,0,1,1,0,1,1,9103,15,5,2,4,19,845,1
0,0,1,0,0,1,1,0,1,1,8991,12,6,2,9,8,1350,1
0,0,1,0,0,1,0,0,1,0,7893,1,4,0,16,18,1530,2
0,0,0,1,1,0,1,1,1,0,4575,3,3,6,2,4,90,0
0,1,0,0,0,1,0,0,1,0,3873,3,5,4,9,11,145,0
0,0,1,1,0,0,1,0,0,1,7832,21,3,3,5,21,935,1
0,0,0,1,1,0,0,1,0,0,3597,1,5,2,14,17,140,0
0,0,1,1,0,1,0,0,1,0,13759,24,3,6,21,23,1575,1
0,0,1,1,0,0,1,1,0,1,7229,27,5,0,18,22,185,0
0,1,0,0,0,1,0,0,1,0,3873,15,4,0,6,9,155,0
0,1,0,1,0,1,1,0,1,1,9794,15,5,2,6,19,780,1
0,0,1,0,0,1,1,0,1,1,6681,27,3,2,13,8,1125,1
0,0,0,1,0,0,1,1,0,1,4423,21,4,6,21,0,180,0
0,0,1,1,0,1,0,0,1,0,10844,15,5,2,8,19,685,1
0,0,0,1,0,1,1,0,1,1,7258,1,6,5,9,21,705,1
0,0,1,1,1,0,1,1,1,0,4995,12,6,2,10,11,90,0
0,0,1,1,0,1,1,0,1,1,14924,9,6,6,20,19,1325,1
0,1,1,1,0,0,1,0,0,1,6590,15,3,4,6,10,1665,1
0,0,1,1,0,1,1,0,1,1,10262,3,6,0,20,12,940,1
0,1,0,0,0,1,0,0,1,0,5515,9,3,5,9,11,150,0
0,0,1,1,0,1,1,0,1,1,6643,27,3,2,19,19,1475,2
0,0,0,1,1,0,1,1,1,0,2754,24,6,0,19,20,90,0
0,0,0,1,0,1,1,0,1,1,6493,9,6,6,17,22,310,1
0,0,0,1,0,1,0,0,1,0,6218,24,5,4,18,23,325,1
0,0,1,0,0,1,1,0,1,1,10861,6,6,3,5,19,800,2
0,0,0,1,0,1,1,0,1,1,7094,6,3,2,7,16,515,1
0,1,0,0,1,0,1,1,1,0,2227,24,3,6,22,0,85,0
0,0,1,1,0,0,1,1,0,1,4544,21,4,6,19,22,180,0
0,0,1,0,0,0,1,0,0,1,7664,21,3,3,5,16,630,2
0,0,1,1,0,0,1,1,0,1,8016,27,6,3,17,20,180,0
1,0,0,0,0,1,0,0,1,0,3807,27,5,0,22,1,150,0
0,0,1,0,0,1,1,0,1,1,12698,3,6,0,7,19,725,2
0,0,1,1,0,1,0,0,1,0,8586,24,5,4,6,4,1330,1
0,0,1,1,0,1,0,0,1,0,7064,1,4,0,6,4,1330,1
0,0,0,1,0,1,1,0,1,1,5601,9,6,6,5,8,195,0
0,1,0,0,0,1,1,0,1,1,7317,21,5,1,15,22,380,1
0,0,1,0,0,1,0,0,1,0,12797,6,5,0,10,10,1470,3
0,0,0,1,0,1,0,0,1,0,4226,6,4,5,6,10,255,1
0,0,1,1,0,1,0,0,1,0,14151,12,5,6,17,23,395,1
0,0,0,1,0,1,1,0,1,1,6628,27,3,2,10,1,890,1
0,0,0,1,0,0,1,0,0,1,8033,9,3,5,4,6,170,0
0,1,0,1,0,1,1,0,1,1,11200,1,6,5,10,19,505,1
0,0,0,1,0,1,0,0,1,0,4804,24,6,0,15,18,155,0
1,0,0,0,0,1,0,0,1,0,5192,12,6,2,22,10,720,1
0,0,1,1,0,1,1,0,1,1,13014,12,6,2,9,4,1125,2
0,0,1,1,0,1,0,0,1,0,10844,21,5,1,21,22,1525,1
0,1,0,1,0,1,1,0,1,1,15603,6,3,2,7,15,510,1
0,1,1,0,0,0,1,1,0,1,4239,3,4,2,7,10,175,0
0,0,1,1,0,1,0,0,1,0,13044,12,6,2,14,10,1200,1
0,0,1,1,0,1,1,0,1,1,12898,27,5,0,18,19,1485,1
0,1,0,0,0,1,0,0,1,0,6013,1,4,0,8,17,520,1
0,0,1,1,0,1,0,0,1,0,14781,6,5,0,16,22,365,1
0,0,1,1,0,1,1,0,1,1,12557,21,3,3,17,4,655,1
0,1,0,1,0,1,1,0,1,1,13875,6,3,2,4,18,845,1
0,0,1,1,0,1,1,0,1,1,11507,15,6,5,9,4,1130,2
0,0,1,0,0,1,0,0,1,0,5510,18,6,1,14,16,150,0
0,1,1,0,0,1,0,0,1,0,10198,24,3,6,16,0,460,1
0,0,1,1,0,1,0,0,1,0,8355,12,6,2,10,17,435,1
0,0,1,1,0,0,1,1,0,1,8016,1,6,5,18,22,185,0
0,0,0,1,0,1,1,0,1,1,6314,27,5,0,10,21,625,1
0,0,1,0,0,1,1,0,1,1,5831,9,3,5,5,8,170,0
0,0,1,1,0,1,1,0,1,1,10262,24,6,0,19,4,550,1
0,1,0,1,0,1,1,0,1,1,15136,6,3,2,13,1,700,1
0,0,1,1,0,0,1,0,0,1,7832,21,3,3,20,10,830,1
0,1,0,0,1,0,0,1,0,0,3859,24,3,6,8,10,135,0
0,0,0,1,0,1,0,0,1,0,4174,6,4,5,15,17,150,0
0,0,1,1,0,0,1,0,0,1,19225,6,3,2,5,11,340,1
0,0,0,1,0,1,1,0,1,1,10518,9,3,5,4,21,975,1
0,0,0,1,0,0,1,1,0,1,4823,6,4,5,7,10,175,0
0,0,1,0,0,0,1,0,0,1,7276,24,3,6,10,12,165,0
0,1,0,1,0,1,1,0,1,1,12192,9,6,6,10,19,540,1
1,0,0,0,0,1,1,0,1,1,11410,1,6,5,16,7,865,1
0,0,1,1,0,0,1,0,0,1,26890,1,3,4,5,15,570,1
0,0,0,1,0,1,0,0,1,0,4804,27,6,3,15,17,150,0
0,0,1,1,0,1,0,0,1,0,10844,15,5,2,18,20,1550,1
0,0,1,0,0,1,1,0,1,1,12436,12,6,2,12,19,1820,2
0,0,0,1,0,0,1,1,0,1,4823,21,6,4,7,10,175,0
0,0,0,1,1,0,1,1,1,0,2227,3,6,0,21,22,90,0
0,0,1,1,0,1,1,0,1,1,10262,1,6,5,20,12,940,1
0,0,1,1,0,1,1,0,1,1,17024,3,3,6,8,4,1225,1
0,0,1,1,0,1,1,0,1,1,9296,27,3,2,6,4,1325,2
0,0,1,0,0,1,1,0,1,1,6094,6,6,3,18,21,185,0
0,0,1,1,0,1,0,0,1,0,8586,9,6,6,8,4,1215,1
0,0,1,1,0,1,1,0,1,1,10919,15,6,5,6,4,1300,2
0,1,1,0,0,1,0,0,1,0,9495,9,6,6,16,0,455,1
0,0,1,1,0,1,1,0,1,1,14714,12,6,2,21,4,395,1
0,0,1,0,0,1,1,0,1,1,5201,24,6,0,14,17,180,0
0,0,1,0,0,1,1,0,1,1,7090,27,3,2,9,9,1420,2
0,0,0,1,1,0,1,1,1,0,4575,15,5,2,9,10,90,0
0,1,0,1,0,1,1,0,1,1,9646,15,5,2,7,16,545,1
0,0,0,1,0,1,1,0,1,1,5636,12,6,2,2,7,325,1
0,1,0,1,0,1,1,0,1,1,9646,15,6,5,7,16,545,1
0,0,1,1,1,0,1,1,1,0,4050,9,3,5,19,21,90,0
0,0,1,1,0,1,1,0,1,1,14714,9,6,6,21,19,1270,1
0,0,0,1,0,1,0,0,1,0,4804,18,6,1,15,17,150,0
0,0,1,1,0,1,1,0,1,1,10577,9,6,6,18,19,1485,1
0,1,1,0,0,0,1,1,0,1,3898,15,6,5,20,23,165,0
0,0,1,1,0,1,0,0,1,0,14571,6,6,3,20,12,960,1
0,0,1,1,0,0,1,1,0,1,8016,18,6,1,6,8,165,0
0,0,0,1,0,1,1,0,1,1,6287,21,3,3,4,12,425,1
0,0,1,0,0,1,0,0,1,0,8366,6,6,3,16,7,905,1
0,0,1,1,0,1,1,0,1,1,15400,6,3,2,11,18,440,1
0,1,1,1,0,0,1,0,0,1,8553,3,3,6,19,22,160,0
0,1,0,0,0,1,0,0,1,0,3841,9,4,1,6,9,155,0
0,0,1,0,0,1,1,0,1,1,10021,9,4,1,5,7,1545,2
0,1,0,0,1,0,0,1,0,0,3597,24,6,0,17,20,140,0
0,0,0,1,1,0,0,1,0,0,4332,24,5,4,11,14,145,0
0,1,1,0,0,0,1,1,0,1,3898,21,6,4,20,23,165,0
0,0,1,1,1,0,1,1,1,0,21375,6,3,2,13,16,1665,2
0,1,1,1,0,1,0,0,1,0,8610,6,6,3,7,23,975,1
0,0,0,1,0,1,0,0,1,0,4804,15,6,5,17,19,155,0
0,0,1,0,0,1,1,0,1,1,13591,1,6,5,14,19,1730,2
0,0,1,1,0,1,0,0,1,0,14781,6,5,0,6,16,590,1
0,0,1,1,0,0,1,0,0,1,9134,15,3,4,8,13,315,1
0,0,1,0,0,1,1,0,1,1,10493,9,6,6,5,7,1545,2
0,0,1,1,0,0,1,0,0,1,8147,24,3,6,11,9,1280,1
0,1,0,0,0,1,0,0,1,0,3873,21,6,4,22,0,140,0
0,0,1,1,0,1,0,0,1,0,14571,9,6,6,18,12,1025,1
0,0,1,0,0,0,1,0,0,1,11003,3,3,6,10,21,655,2
0,0,1,1,0,1,1,0,1,1,10262,3,6,0,19,4,550,1
0,0,1,1,0,1,1,0,1,1,12719,21,3,3,2,18,995,1
0,0,1,1,0,1,1,0,1,1,10262,24,6,0,20,19,1325,1
0,0,1,0,0,0,1,1,0,1,7171,21,6,4,17,19,165,0
0,1,0,0,0,0,1,1,0,1,4423,27,4,5,5,8,160,0
0,1,0,1,0,1,1,0,1,1,12616,9,3,5,17,1,490,1
0,0,1,0,0,1,1,0,1,1,12970,1,6,5,17,19,1560,2
0,0,1,1,0,1,0,0,1,0,14914,24,3,6,21,10,775,1
0,0,1,1,1,0,1,1,1,0,3210,6,5,0,2,4,85,0
0,1,1,0,0,0,1,1,0,1,4632,21,4,6,7,10,175,0
0,0,1,1,0,1,1,0,1,1,12373,9,5,3,17,4,655,1
0,0,0,1,0,1,0,0,1,0,4804,15,6,5,14,16,150,0
0,1,0,1,0,1,1,0,1,1,21829,3,3,6,11,21,565,3
0,1,0,1,0,1,1,0,1,1,13587,1,6,5,8,21,780,1
0,0,1,1,0,1,1,0,1,1,12819,27,6,3,23,4,1760,2
1,0,0,0,0,1,1,0,1,1,6151,27,3,2,20,7,660,1
0,0,1,1,0,0,1,1,0,1,8016,1,6,5,15,18,175,0
0,1,0,1,0,1,1,0,1,1,15135,6,3,2,7,18,680,1
0,0,0,1,0,1,1,0,1,1,6794,21,5,1,17,1,500,1
0,1,1,1,0,1,0,0,1,0,8610,15,5,2,17,20,1640,1
0,0,1,0,0,1,0,0,1,0,12723,18,5,5,5,12,1840,2
0,0,1,0,0,1,0,0,1,0,7662,6,6,3,12,13,1515,1
0,1,0,1,0,1,1,0,1,1,14343,9,3,5,17,1,515,1
0,1,0,1,0,1,1,0,1,1,6795,1,6,5,10,1,910,1
0,1,0,0,0,1,0,0,1,0,3873,9,5,3,22,0,140,0
0,0,0,1,1,0,1,1,1,0,2754,12,6,2,19,20,90,0
0,0,1,0,1,0,1,1,1,0,16666,6,3,2,6,21,905,1
0,1,0,1,0,1,1,0,1,1,11098,1,6,5,4,12,460,1
0,0,1,1,0,1,0,0,1,0,10539,9,6,6,17,22,1745,1
0,0,1,0,0,1,1,0,1,1,9929,27,5,0,7,19,735,1
0,0,1,1,0,1,0,0,1,0,10844,12,5,6,16,16,1430,1
0,0,1,1,0,1,0,0,1,0,12692,6,6,3,9,14,1730,1
0,0,1,1,0,1,1,0,1,1,9212,21,3,3,20,4,455,1
0,1,0,1,0,1,1,0,1,1,13727,15,5,2,15,1,630,1
1,0,0,0,0,0,1,1,0,1,4282,15,6,5,4,7,170,0
0,0,1,1,0,1,0,0,1,0,10844,24,5,4,18,16,1285,1
0,0,1,0,0,1,1,0,1,1,7480,27,6,3,17,9,965,1
0,0,0,1,0,0,1,1,0,1,4823,1,5,2,16,19,180,0
0,0,1,1,0,1,1,0,1,1,12373,18,5,5,22,12,825,1
0,1,0,1,0,1,1,0,1,1,7215,21,3,3,11,21,560,1
0,0,1,0,0,1,1,0,1,1,7480,9,5,3,6,9,1640,1
0,1,0,1,0,1,1,0,1,1,8143,24,6,0,9,21,720,1
0,0,0,1,0,0,1,1,0,1,4823,3,5,4,18,21,175,0
0,0,1,1,0,1,0,0,1,0,10844,6,6,3,20,8,735,1
0,1,0,0,0,0,1,1,0,1,5621,12,4,4,21,0,175,0
0,1,1,1,0,1,0,0,1,0,9555,18,5,5,20,20,1440,1
0,0,0,1,0,0,1,0,0,1,4777,21,3,3,1,4,165,0
0,1,0,0,0,0,1,0,0,1,7648,3,3,6,9,12,175,0
0,0,0,1,0,1,0,0,1,0,10308,1,4,0,9,14,295,1
0,0,1,1,0,1,1,0,1,1,21219,24,5,4,11,19,440,2
0,0,0,1,0,1,0,0,1,0,11319,6,5,0,9,14,295,1
0,0,1,1,0,1,0,0,1,0,10844,15,5,2,21,20,1415,1
0,1,0,1,0,1,1,0,1,1,15078,9,5,3,18,1,435,1
0,1,0,0,1,0,1,1,1,0,2017,1,5,2,22,0,90,0
1,0,0,0,0,1,0,0,1,0,4409,1,6,5,22,1,150,0
0,0,0,1,0,1,1,0,1,1,5054,9,6,6,7,12,275,1
0,0,1,0,0,0,1,0,0,1,10111,15,3,4,5,22,980,2
0,1,0,0,0,0,1,0,0,1,4273,18,3,0,20,23,170,0
0,0,1,0,0,1,0,0,1,0,8576,24,5,4,16,7,905,1
0,0,1,1,0,0,1,1,0,1,8016,3,6,0,17,20,180,0
0,0,1,1,0,0,1,1,0,1,8016,9,6,6,15,18,175,0
0,0,1,1,0,1,0,0,1,0,14151,18,5,5,20,23,1630,1
0,0,0,1,0,0,1,1,0,1,4423,15,4,0,6,8,165,0
0,0,1,1,1,0,1,1,1,0,4050,15,6,5,7,8,85,0
0,0,1,1,0,1,0,0,1,0,14781,6,5,0,14,19,345,1
0,0,1,1,0,1,0,0,1,0,8586,15,5,2,20,8,735,1
1,0,0,0,0,1,0,0,1,0,5162,21,5,1,19,23,215,1
0,0,1,1,0,1,0,0,1,0,13731,9,6,6,21,4,450,1
0,0,1,1,0,1,1,0,1,1,7438,21,3,3,13,4,925,1
0,0,1,1,0,1,0,0,1,0,14151,15,5,2,9,10,1520,1
0,1,1,1,0,0,1,1,0,1,5613,12,4,4,21,23,170,0
0,0,0,1,0,1,0,0,1,0,5380,15,5,2,15,20,290,1
0,0,1,1,0,1,1,0,1,1,7438,21,3,3,11,4,1015,1
0,1,0,1,0,1,1,0,1,1,9646,1,6,5,7,22,925,1
1,0,0,0,0,1,1,0,1,1,6853,15,5,2,20,7,625,1
0,0,1,1,0,0,1,0,0,1,13555,18,3,0,14,20,375,1
0,0,0,1,0,1,1,0,1,1,5883,15,6,5,17,1,480,1
0,0,0,1,0,1,1,0,1,1,6171,9,3,5,4,12,425,1
0,0,0,1,1,0,1,1,1,0,3175,21,5,1,16,18,90,0
0,0,0,1,0,1,1,0,1,1,4832,27,3,2,7,13,355,1
0,1,0,1,0,1,1,0,1,1,13377,1,6,5,16,1,570,1
0,0,1,1,0,1,1,0,1,1,10262,24,6,0,19,4,520,1
0,0,1,1,0,1,1,0,1,1,10262,1,6,5,18,12,1100,1
0,0,1,0,0,1,1,0,1,1,8603,18,5,5,12,7,1180,2
0,0,1,1,0,1,0,0,1,0,8586,6,6,3,6,4,1330,1
0,1,1,1,0,1,0,0,1,0,8452,21,5,1,20,9,765,1
0,0,1,1,0,1,0,0,1,0,14231,24,3,6,18,18,1395,1
0,0,1,1,0,1,1,0,1,1,16289,21,5,1,8,19,660,1
0,1,0,0,0,0,1,0,0,1,6860,3,3,6,9,12,175,0
0,0,0,1,1,0,1,1,1,0,2754,9,5,3,2,4,90,0
0,1,0,1,0,1,1,0,1,1,9646,9,6,6,7,22,925,1
0,0,1,0,1,0,0,1,0,0,4667,27,5,0,11,13,135,0
0,0,0,1,0,1,0,0,1,0,4804,21,4,6,15,18,155,0
0,0,0,1,0,0,1,0,0,1,4545,9,3,5,1,4,165,0
0,0,1,1,0,0,1,0,0,1,25735,1,3,4,22,20,1290,1
0,0,1,1,0,1,1,0,1,1,12647,21,3,3,5,4,1375,2
0,0,1,1,0,1,0,0,1,0,8586,1,5,2,14,8,1090,1
0,0,0,1,1,0,0,1,0,0,5277,9,6,6,22,0,140,0
0,0,0,1,0,1,1,0,1,1,6206,27,3,2,11,1,845,1
1,0,0,0,0,0,1,1,0,1,4483,12,4,4,11,13,165,0
0,1,1,1,0,1,0,0,1,0,9870,24,5,4,17,18,1550,1
0,1,0,0,0,1,0,0,1,0,3841,27,6,3,17,19,150,0
0,1,0,0,0,1,0,0,1,0,3815,27,3,2,9,11,150,0
0,0,0,1,0,0,1,0,0,1,6860,24,3,6,23,2,170,0
0,0,1,1,0,1,0,0,1,0,12121,1,5,2,20,10,870,1
0,0,1,1,0,1,1,0,1,1,5963,27,3,2,9,18,535,1
0,1,0,0,0,0,1,1,0,1,3625,6,6,3,5,8,160,0
0,1,0,0,0,1,0,0,1,0,3841,15,6,5,9,11,145,0
0,0,0,1,0,0,1,1,0,1,4823,12,6,2,20,22,170,0
0,1,0,1,0,1,1,0,1,1,9646,12,6,2,9,16,385,1
0,0,1,1,0,1,1,0,1,1,10152,27,5,0,2,12,620,1
0,0,0,1,0,1,1,0,1,1,7514,3,6,0,6,22,940,1
0,0,1,1,0,0,1,0,0,1,16736,6,3,2,7,18,685,1
0,0,1,1,0,1,0,0,1,0,13584,6,5,0,18,10,910,1
0,0,1,0,0,1,0,0,1,0,11222,21,5,1,8,7,1415,2
0,0,0,1,1,0,0,1,0,0,3850,1,5,2,7,10,140,0
0,1,1,1,0,0,1,0,0,1,7608,24,3,6,12,14,160,0
0,0,1,1,0,1,0,0,1,0,10844,12,5,6,20,16,1220,1
0,1,0,1,0,1,1,0,1,1,7408,9,6,6,17,1,510,1
0,1,1,1,1,0,0,1,0,0,3687,18,5,5,7,9,135,0
0,1,0,0,0,1,1,0,1,1,11726,3,3,6,16,22,375,1
0,0,1,1,0,1,0,0,1,0,9663,6,5,0,6,9,1610,1
0,0,1,0,0,1,0,0,1,0,12829,24,3,6,7,13,1845,2
0,0,0,1,0,1,1,0,1,1,6069,27,6,3,16,21,300,1
0,0,1,1,0,1,0,0,1,0,8529,12,6,2,16,19,1640,1
0,1,1,1,0,1,0,0,1,0,8085,9,5,3,17,23,385,1
0,1,1,1,0,0,1,1,0,1,4878,15,5,2,19,22,165,0
0,0,0,1,0,0,1,1,0,1,4077,3,4,2,13,15,170,0
0,0,0,1,0,1,0,0,1,0,7605,9,5,3,21,2,315,1
0,0,1,1,0,1,1,0,1,1,13014,15,6,5,5,4,1375,2
0,0,0,1,0,1,1,0,1,1,11600,3,3,6,7,22,885,1
0,0,1,1,0,1,0,0,1,0,14151,12,5,6,17,9,1005,1
0,0,1,0,0,1,1,0,1,1,12497,24,6,0,13,7,1105,2
0,0,1,1,0,1,1,0,1,1,17024,6,3,2,2,18,995,1
0,1,0,0,1,0,0,1,0,0,6300,9,3,5,9,12,155,0
0,1,0,1,0,1,1,0,1,1,15147,6,3,2,17,1,470,1
0,1,0,1,0,1,1,0,1,1,6795,1,6,5,12,1,760,1
0,0,0,1,1,0,1,1,1,0,5755,3,3,6,19,20,85,0
0,0,1,0,0,1,0,0,1,0,10203,12,5,6,20,16,1185,1
0,0,1,1,0,1,1,0,1,1,14714,6,6,3,11,4,1015,1
0,0,0,1,0,0,1,0,0,1,4545,18,3,0,22,1,170,0
0,0,1,1,0,1,0,0,1,0,14781,15,5,2,6,20,855,1
0,0,1,0,0,0,1,0,0,1,11602,12,3,1,7,11,1655,2
0,0,0,1,1,0,1,1,1,0,4049,6,5,0,6,7,90,0
0,0,1,1,0,1,0,0,1,0,14571,9,6,6,8,20,740,1
0,0,1,0,0,0,1,1,0,1,6961,9,6,6,6,8,165,0
0,1,0,0,0,1,0,0,1,0,6381,15,5,2,8,17,520,1
0,1,0,0,0,1,0,0,1,0,3841,1,4,0,6,9,155,0
0,0,1,1,0,1,1,0,1,1,11538,21,3,3,6,4,1325,2
0,1,1,1,0,1,0,0,1,0,8610,6,5,0,20,20,1440,1
0,1,0,1,0,1,1,0,1,1,7408,1,6,5,7,21,840,1
0,0,1,1,0,1,1,0,1,1,10262,27,6,3,19,12,1010,1
0,0,1,0,0,1,0,0,1,0,10991,6,5,0,5,8,1625,2
0,1,0,1,0,1,1,0,1,1,13587,9,6,6,18,1,435,1
0,0,1,0,0,1,1,0,1,1,7480,15,5,2,12,9,1255,1
0,0,0,1,0,0,1,0,0,1,6351,9,3,5,17,22,300,1
0,1,0,1,0,1,1,0,1,1,7153,27,5,0,14,21,420,1
1,0,0,0,0,1,0,0,1,0,4409,6,5,0,19,22,150,0
0,0,0,1,0,1,0,0,1,0,7228,15,5,2,21,2,315,1
0,1,0,1,0,1,1,0,1,1,11667,27,3,2,8,18,650,1
0,1,0,0,0,1,0,0,1,0,4649,12,6,2,15,20,315,1
0,0,1,0,0,1,0,0,1,0,12592,9,5,3,16,13,1255,2
0,1,0,1,0,1,1,0,1,1,11789,12,6,2,10,19,520,1
0,0,1,0,1,0,0,1,0,0,4667,1,6,5,11,13,135,0
1,0,0,0,0,1,0,0,1,0,9719,21,5,1,22,10,720,1
0,0,1,0,0,1,1,0,1,1,6902,27,3,2,13,19,375,1
0,0,1,1,0,1,0,0,1,0,14781,21,5,1,20,4,520,1
0,0,1,1,0,1,0,0,1,0,10844,18,5,5,8,22,850,1
0,0,1,0,0,1,0,0,1,0,11522,24,3,6,5,14,1975,2
0,0,1,0,0,0,1,1,0,1,6121,21,4,6,13,16,170,0
0,1,1,1,0,1,0,0,1,0,8610,6,6,3,17,23,385,1
1,0,0,0,0,1,0,0,1,0,5620,24,3,6,22,1,150,0
0,0,0,1,0,1,0,0,1,0,4804,27,5,0,15,17,150,0
0,1,0,1,0,1,1,0,1,1,7005,27,5,0,10,21,640,1
0,0,1,1,0,1,1,0,1,1,15129,1,5,2,23,19,1195,2
0,0,1,1,0,1,0,0,1,0,8586,24,5,4,20,4,520,1
0,1,0,1,0,1,1,0,1,1,10197,18,5,5,8,19,660,1
0,1,0,1,0,1,1,0,1,1,10667,27,3,2,9,19,605,1
0,0,0,1,0,1,0,0,1,0,11160,12,6,2,9,14,295,1
0,0,1,0,0,1,1,0,1,1,12488,27,5,0,12,19,1855,2
0,0,1,1,0,1,0,0,1,0,10844,18,5,5,8,19,685,1
0,0,1,0,0,1,1,0,1,1,9968,3,6,0,16,19,1595,2
0,0,1,1,0,0,1,1,0,1,5198,18,5,5,18,22,185,0
0,0,1,1,0,1,0,0,1,0,8586,1,5,2,14,4,875,1
0,0,0,1,1,0,0,1,0,0,4332,18,5,5,11,14,145,0
0,0,0,1,0,1,0,0,1,0,5069,6,5,0,8,13,290,1
0,0,1,1,0,0,1,1,0,1,4544,6,5,0,8,11,180,0
0,1,0,1,0,1,1,0,1,1,14973,3,3,6,4,15,690,1
0,0,1,0,0,0,1,0,0,1,13387,12,3,1,6,18,2120,3
0,1,0,0,0,0,1,1,0,1,3625,9,6,6,5,8,160,0
0,0,1,1,0,1,0,0,1,0,10703,24,5,4,9,14,1730,1
0,0,0,1,0,1,0,0,1,0,7615,24,3,6,15,17,155,0
0,0,0,1,0,0,1,1,0,1,4823,27,5,0,18,21,175,0
0,0,1,1,0,0,1,0,0,1,16736,6,3,2,11,5,1045,1
0,0,1,1,0,1,0,0,1,0,9663,9,5,3,21,12,890,1
0,1,0,1,0,1,1,0,1,1,9205,18,5,5,8,19,630,1
0,0,1,1,0,1,1,0,1,1,15554,9,5,3,22,4,335,1
0,1,0,0,1,0,1,1,1,0,1965,15,5,2,22,0,90,0
0,0,1,0,0,1,0,0,1,0,5510,15,6,5,14,16,150,0
0,1,0,1,0,1,1,0,1,1,8266,9,5,3,10,19,535,1
0,0,0,1,1,0,1,1,1,0,3175,27,5,0,16,18,90,0
0,1,0,0,0,1,1,0,1,1,4760,9,5,3,8,13,270,1
0,1,0,1,0,1,1,0,1,1,7740,27,5,0,8,21,735,1
0,0,1,1,0,1,0,0,1,0,13941,15,5,2,14,23,570,1
1,0,0,0,0,1,1,0,1,1,11410,6,6,3,16,7,865,1
0,0,1,1,0,1,0,0,1,0,12681,1,4,0,16,19,1640,1
0,0,1,1,0,1,1,0,1,1,15129,6,5,0,9,12,1615,2
0,0,1,1,0,1,1,0,1,1,10368,12,6,2,5,19,810,2
0,0,1,0,0,1,0,0,1,0,12324,21,5,1,8,20,725,2
0,1,0,0,0,1,0,0,1,0,3841,15,4,0,17,19,150,0
0,0,1,1,0,1,1,0,1,1,13014,24,6,0,5,4,1375,2
0,0,0,1,0,1,1,0,1,1,6442,27,6,3,6,22,940,1
0,0,1,1,0,1,1,0,1,1,12373,18,5,5,14,19,300,1
0,0,1,1,0,0,1,0,0,1,13817,12,3,1,8,23,845,1
0,0,0,1,0,0,1,1,0,1,4823,24,6,0,18,21,175,0
0,0,1,1,0,1,1,0,1,1,9412,27,3,2,5,4,1395,2
0,0,1,0,0,1,1,0,1,1,10231,27,5,0,22,19,1275,2
0,0,1,1,0,0,1,1,0,1,7229,9,4,1,15,18,175,0
0,1,0,0,0,0,1,0,0,1,4273,24,3,6,9,12,175,0
0,0,1,1,0,1,0,0,1,0,10844,18,5,5,18,20,1550,1
0,0,0,1,0,1,1,0,1,1,7164,27,5,0,2,7,325,1
0,0,1,1,0,0,1,1,0,1,6478,27,6,3,7,10,180,0
0,0,1,1,0,0,1,1,0,1,5198,12,5,6,7,10,180,0
0,1,0,0,0,0,1,1,0,1,4319,27,4,5,5,8,160,0
0,0,1,1,0,1,1,0,1,1,10262,27,6,3,19,12,1040,1
0,1,1,1,0,1,1,0,1,1,6741,18,5,5,14,17,190,0
0,0,1,1,0,1,0,0,1,0,14571,6,6,3,14,22,510,1
0,0,1,0,0,0,1,0,0,1,26092,1,3,4,11,23,725,1
0,0,1,0,0,1,1,0,1,1,11753,27,6,3,10,19,500,2
0,0,1,1,0,0,1,0,0,1,7832,21,3,3,8,23,900,1
0,1,1,1,0,1,0,0,1,0,8610,1,5,2,7,20,790,1
0,0,1,1,0,1,0,0,1,0,13626,12,6,2,14,22,510,1
0,0,1,1,0,1,1,0,1,1,10368,9,6,6,9,12,1615,2
0,0,0,1,1,0,1,1,1,0,2754,18,6,1,2,4,90,0
0,0,1,1,0,1,0,0,1,0,12692,6,6,3,17,18,1500,1
0,0,0,1,0,0,1,0,0,1,10067,1,3,4,10,13,175,0
0,1,1,0,0,1,1,0,1,1,4959,3,6,0,10,19,540,1
0,0,1,0,0,0,1,0,0,1,19372,1,3,4,8,11,1580,2
0,0,1,0,1,0,1,1,1,0,3100,18,5,5,6,7,80,0
0,1,0,1,0,1,1,0,1,1,8405,15,5,2,7,21,810,1
0,1,0,1,0,1,1,0,1,1,6943,27,5,0,11,21,570,1
0,1,0,0,0,1,0,0,1,0,3841,27,4,5,17,19,150,0
0,1,0,0,1,0,1,1,1,0,2017,6,6,3,22,0,90,0
0,1,1,1,0,1,0,0,1,0,9187,1,5,2,17,10,1065,1
0,0,1,1,0,1,0,0,1,0,13941,12,5,6,8,19,685,1
0,0,1,1,0,1,1,0,1,1,8938,21,3,3,19,18,1415,2
0,1,0,0,0,0,1,1,0,1,4319,18,5,5,9,12,170,0
0,1,0,0,0,0,1,1,0,1,3573,1,4,0,21,0,175,0
0,1,0,0,0,1,0,0,1,0,3841,3,5,4,9,11,145,0
0,0,1,1,0,1,1,0,1,1,7202,27,6,3,11,14,195,0
0,1,1,1,0,1,0,0,1,0,9187,9,6,6,17,22,355,1
0,1,1,0,0,1,1,0,1,1,6976,3,6,0,7,13,370,1
0,0,1,1,0,1,1,0,1,1,12898,21,5,1,18,12,1100,1
0,0,1,1,0,1,1,0,1,1,12898,27,5,0,2,4,1570,1
0,0,1,1,0,1,1,0,1,1,10588,15,6,5,21,19,1295,2
0,0,1,0,0,1,1,0,1,1,9181,24,6,0,22,19,1275,2
0,0,1,1,0,0,1,0,0,1,11087,3,3,6,5,5,1400,1
0,0,1,1,0,1,1,0,1,1,10262,27,6,3,7,12,330,1
0,0,1,1,0,1,1,0,1,1,4886,6,4,5,11,14,195,0
0,0,0,1,0,1,1,0,1,1,8470,21,3,3,2,8,355,1
0,0,1,0,0,1,0,0,1,0,14960,21,5,1,9,23,805,3
0,1,0,0,0,1,0,0,1,0,3873,9,5,3,6,9,155,0
0,0,1,0,0,1,1,0,1,1,11911,9,3,5,16,19,1595,2
0,0,1,0,0,1,1,0,1,1,8907,15,6,5,9,23,795,1
0,1,0,0,1,0,0,1,0,0,3859,9,5,3,8,10,135,0
1,0,0,0,0,1,0,0,1,0,3807,24,6,0,22,1,150,0
1,0,0,0,0,1,0,0,1,0,4384,6,3,2,10,12,155,0
0,1,0,1,0,1,1,0,1,1,11622,3,6,0,4,12,460,1
0,1,1,1,0,0,1,0,0,1,4563,24,3,6,19,22,160,0
0,1,0,0,1,0,1,1,1,0,1965,1,4,0,13,14,90,0
0,0,1,0,0,1,0,0,1,0,4145,24,4,2,20,23,155,0
0,0,1,1,0,1,0,0,1,0,10031,24,3,6,21,20,1410,1
0,0,1,0,0,0,1,0,0,1,11628,1,3,4,17,23,370,1
0,0,1,1,0,1,1,0,1,1,10262,15,6,5,7,12,330,1
0,1,0,0,1,0,1,1,1,0,2017,24,6,0,13,14,90,0
0,1,1,1,0,1,1,0,1,1,6216,27,4,5,6,9,190,0
0,1,0,1,0,1,1,0,1,1,16294,15,5,2,11,1,835,3
0,0,0,1,0,0,1,1,0,1,3943,3,6,0,4,6,170,0
0,1,0,1,0,1,1,0,1,1,7038,27,5,0,14,22,455,1
0,1,0,0,0,0,1,0,0,1,7294,9,3,5,10,18,475,1
0,1,0,0,0,1,0,0,1,0,3873,6,4,5,9,11,145,0
0,0,1,0,1,0,1,1,1,0,3100,18,6,1,13,15,90,0
0,1,0,1,0,1,1,0,1,1,12507,27,5,0,10,19,540,1
1,0,0,0,0,1,1,0,1,1,6152,21,5,1,7,22,875,1
0,0,1,0,0,1,0,0,1,0,8030,1,4,0,9,21,675,1
0,0,1,1,0,0,1,1,0,1,5769,18,6,1,8,11,180,0
0,0,0,1,0,1,0,0,1,0,4804,6,6,3,17,19,155,0
0,0,1,0,0,1,1,0,1,1,8372,18,5,5,9,9,1420,1
0,0,1,1,0,0,1,0,0,1,8578,15,3,4,9,14,280,1
0,0,1,0,0,1,1,0,1,1,11228,18,5,5,22,19,1275,2
0,0,1,0,0,1,0,0,1,0,13227,1,5,2,9,8,1385,2
0,0,0,1,0,0,1,0,0,1,8855,15,3,4,20,22,175,0
0,1,0,1,0,1,1,0,1,1,12192,12,6,2,3,12,525,1
0,0,1,1,0,1,1,0,1,1,12819,27,6,3,23,19,1195,2
0,0,0,1,0,0,1,1,0,1,3943,27,6,3,6,8,165,0
0,1,0,1,0,1,1,0,1,1,18260,9,3,5,0,12,755,1
0,0,1,0,0,0,1,1,0,1,5228,18,4,3,6,8,165,0
0,0,1,1,0,1,1,0,1,1,14300,12,6,2,12,4,970,2
0,0,1,0,0,1,0,0,1,0,10151,1,5,2,12,18,1830,2
0,0,0,1,0,1,0,0,1,0,5699,6,5,0,17,22,280,1
0,1,1,1,0,1,0,0,1,0,9187,21,5,1,7,10,1655,1
0,1,1,1,0,1,0,0,1,0,8452,6,6,3,20,9,765,1
0,1,0,1,0,1,1,0,1,1,13961,21,3,3,2,13,665,1
0,0,1,1,0,0,1,1,0,1,5769,24,6,0,7,10,180,0
0,1,0,1,0,1,1,0,1,1,10877,24,6,0,7,19,690,1
0,0,0,1,0,0,1,1,0,1,4591,9,4,1,23,2,170,0
0,0,1,0,0,1,0,0,1,0,17732,6,5,0,9,5,1200,2
0,0,1,1,0,1,1,0,1,1,12373,9,5,3,18,4,610,1
1,0,0,0,0,1,0,0,1,0,3807,27,6,3,19,22,150,0
0,1,1,1,0,1,0,0,1,0,9555,9,6,6,7,20,790,1
1,0,0,0,0,0,1,1,0,1,4483,6,6,3,11,13,165,0
0,0,1,1,0,1,0,0,1,0,14781,12,5,6,14,20,400,1
0,0,1,1,0,1,1,0,1,1,12373,18,5,5,19,19,1425,1
0,0,0,1,0,1,1,0,1,1,5530,21,5,1,6,12,320,1
0,0,0,1,0,1,1,0,1,1,7081,18,5,5,8,21,750,1
0,0,1,1,0,1,1,0,1,1,10262,15,6,5,9,12,1655,1
0,1,0,1,0,1,1,0,1,1,9316,27,5,0,11,19,455,1
0,0,1,1,0,1,0,0,1,0,10844,9,5,3,6,18,705,1
0,0,0,1,0,1,1,0,1,1,8542,1,5,2,7,21,810,1
0,0,0,1,0,0,1,1,0,1,4823,15,4,0,16,19,180,0
0,0,1,0,0,1,1,0,1,1,12940,6,3,2,4,7,1660,1
0,0,1,1,0,1,0,0,1,0,13374,6,6,3,21,4,450,1
0,1,0,1,0,1,1,0,1,1,13062,21,3,3,11,21,570,1
0,0,1,1,0,0,1,1,0,1,8541,21,6,4,18,22,185,0
0,0,1,1,0,1,0,0,1,0,11134,24,3,6,13,10,1210,1
0,0,1,1,0,0,1,0,0,1,7832,21,3,3,8,19,615,1
0,1,0,1,0,1,1,0,1,1,8888,9,5,3,13,22,555,1
0,0,1,1,0,1,0,0,1,0,9663,12,5,6,18,9,865,1
0,1,0,1,0,1,1,0,1,1,17267,6,3,2,7,15,505,1
0,0,1,1,0,0,1,0,0,1,7832,21,3,3,20,11,890,1
0,1,1,1,0,0,1,0,0,1,12123,18,3,0,19,22,160,0
0,1,0,1,0,1,1,0,1,1,8073,15,5,2,17,1,510,1
0,1,0,0,0,0,1,1,0,1,4991,12,4,4,9,12,170,0
0,1,1,0,0,0,1,1,0,1,3419,12,6,2,20,23,165,0
0,0,1,1,0,1,1,0,1,1,10262,27,6,3,19,19,1395,1
0,0,1,1,0,1,1,0,1,1,10262,1,6,5,19,12,1010,1
1,0,0,0,0,1,0,0,1,0,3807,3,4,2,22,1,150,0
0,0,0,1,1,0,1,1,1,0,5755,3,3,6,12,13,85,0
0,0,1,1,0,1,1,0,1,1,10262,1,6,5,21,4,395,1
0,0,1,0,0,1,1,0,1,1,13039,21,5,1,17,7,865,2
0,0,1,1,0,0,1,0,0,1,7832,21,3,3,8,21,745,1
0,0,0,1,1,0,0,1,0,0,6297,9,3,5,7,10,140,0
0,0,1,1,1,0,1,1,1,0,3210,24,6,0,19,21,90,0
0,1,0,1,0,1,1,0,1,1,15147,3,3,6,10,21,640,1
0,0,0,1,1,0,1,1,1,0,4049,24,6,0,9,10,90,0
0,0,1,1,0,1,1,0,1,1,13882,12,6,2,9,12,1630,2
0,0,1,0,0,1,0,0,1,0,8366,21,5,1,9,21,745,1
0,0,1,1,0,0,1,0,0,1,9134,15,3,4,22,7,530,1
0,0,0,1,0,0,1,1,0,1,4823,3,4,2,8,11,170,0
0,0,1,0,0,1,0,0,1,0,5006,9,4,1,14,14,1440,1
0,0,1,0,0,1,1,0,1,1,7480,1,6,5,12,9,1255,1
0,0,1,1,0,1,0,0,1,0,10844,6,6,3,16,22,365,1
0,0,1,1,0,1,0,0,1,0,7064,1,4,0,20,8,735,1
0,0,0,1,0,1,0,0,1,0,5224,21,6,4,14,16,150,0
1,0,0,0,0,1,0,0,1,0,4384,15,3,4,10,12,155,0
0,1,0,1,0,1,1,0,1,1,13377,1,6,5,13,1,750,1
0,1,0,1,0,1,1,0,1,1,8837,27,5,0,6,19,755,1
0,0,1,0,0,1,1,0,1,1,16352,3,3,6,17,9,965,1
0,0,1,0,0,1,1,0,1,1,10441,9,6,6,22,19,1275,2
0,0,0,1,1,0,0,1,0,0,3597,9,5,3,13,15,140,0
1,0,0,0,0,1,0,0,1,0,3807,12,6,2,19,22,150,0
0,0,1,1,0,1,0,0,1,0,9663,6,5,0,20,8,735,1
0,0,1,1,0,1,0,0,1,0,12681,1,4,0,20,19,1430,1
0,1,1,1,0,0,1,1,0,1,4668,24,5,4,11,14,170,0
0,1,0,1,0,1,1,0,1,1,17057,3,3,6,17,1,485,1
0,0,1,0,0,1,1,0,1,1,8372,3,6,0,21,7,640,1
0,1,0,0,0,1,0,0,1,0,5515,1,3,4,17,19,150,0
0,0,1,1,0,1,0,0,1,0,8355,1,5,2,10,17,435,1
0,0,0,1,1,0,1,1,1,0,2754,1,4,0,2,4,90,0
0,1,0,1,0,1,1,0,1,1,13377,15,6,5,15,1,630,1
0,0,1,1,0,1,1,0,1,1,15554,9,5,3,19,19,1395,1
0,0,0,1,0,1,0,0,1,0,5224,18,5,5,14,16,150,0
0,0,0,1,0,1,1,0,1,1,6069,9,6,6,16,21,300,1
0,0,1,1,0,1,1,0,1,1,12373,9,5,3,11,12,1505,1
0,0,1,1,0,1,0,0,1,0,6959,12,6,2,18,4,585,1
0,1,0,0,0,1,0,0,1,0,3841,27,5,0,9,11,145,0
0,0,1,0,0,1,1,0,1,1,8669,15,5,2,3,19,925,1
0,0,1,1,0,1,1,0,1,1,13014,1,6,5,5,19,810,2
0,0,1,1,0,1,0,0,1,0,13731,6,6,3,8,4,1215,1
0,1,0,1,0,1,1,0,1,1,7888,21,5,1,10,1,930,1
0,1,1,1,0,1,0,0,1,0,12942,24,3,6,7,22,900,1
0,1,1,1,1,0,1,1,1,0,12395,6,3,2,11,9,1290,1
0,0,1,1,0,1,0,0,1,0,14571,9,6,6,16,23,425,1
0,0,0,1,0,0,1,1,0,1,4591,27,4,5,0,3,175,0
0,0,1,0,0,1,0,0,1,0,12592,9,5,3,9,13,1700,2
0,0,0,1,0,1,0,0,1,0,4804,6,6,3,14,16,150,0
0,0,1,1,0,1,0,0,1,0,14388,21,5,1,14,8,1090,1
0,0,1,0,0,1,1,0,1,1,14851,9,3,5,22,19,1275,2
0,0,1,1,0,1,0,0,1,0,8586,18,5,5,21,8,665,1
0,0,1,1,0,0,1,0,0,1,31825,1,3,4,22,9,640,1
0,0,1,1,0,1,1,0,1,1,14237,9,6,6,18,4,600,2
0,0,0,1,0,1,0,0,1,0,5069,6,6,3,8,13,290,1
0,0,1,1,0,1,1,0,1,1,16079,1,6,5,7,12,330,1
0,0,1,1,0,1,0,0,1,0,9663,15,5,2,18,8,800,1
0,1,0,1,0,1,1,0,1,1,13587,27,5,0,11,21,570,1
0,0,1,0,0,1,0,0,1,0,10808,24,3,6,20,23,1605,1
0,1,0,1,0,1,1,0,1,1,11446,27,5,0,10,19,555,1
0,0,1,0,1,0,1,1,1,0,3100,1,5,2,19,20,75,0
0,1,1,0,0,1,0,0,1,0,6484,1,5,2,16,0,455,1
0,0,0,1,1,0,1,1,1,0,4049,9,5,3,6,7,90,0
0,0,0,1,0,0,1,0,0,1,7280,9,3,5,19,0,310,1
0,0,1,0,1,0,1,1,1,0,3625,27,5,0,13,15,90,0
0,1,0,0,0,0,1,1,0,1,3919,15,6,5,21,0,175,0
0,0,1,1,0,1,1,0,1,1,15554,9,5,3,2,19,1005,1
0,0,0,1,1,0,0,1,0,0,3850,3,6,0,7,10,140,0
0,0,1,1,0,0,1,1,0,1,7229,12,5,6,18,22,185,0
0,0,0,1,0,0,1,1,0,1,4823,27,4,5,18,21,175,0
0,0,0,1,0,0,1,1,0,1,4823,15,5,2,18,21,175,0
0,1,1,1,0,1,0,0,1,0,11682,24,3,6,7,9,1560,1
0,0,0,1,0,0,1,1,0,1,4823,21,4,6,18,21,175,0
0,0,1,1,0,1,1,0,1,1,10262,9,6,6,13,4,925,1
0,0,0,1,0,1,1,0,1,1,6818,6,6,3,5,16,665,1
0,1,0,0,1,0,1,1,1,0,1965,27,5,0,22,0,90,0
0,1,1,1,0,1,0,0,1,0,9345,12,5,6,7,23,975,1
0,0,0,1,0,1,1,0,1,1,6938,6,6,3,16,22,380,1
0,0,1,1,0,1,1,0,1,1,10368,15,6,5,9,12,1615,2
0,0,1,0,0,1,1,0,1,1,11753,12,6,2,10,7,1245,2
0,0,1,0,0,1,1,0,1,1,12488,27,5,0,18,19,1485,2
0,0,1,1,0,1,0,0,1,0,9899,12,6,2,14,19,345,1
0,1,0,1,0,1,1,0,1,1,11622,6,6,3,9,19,585,1
0,1,0,0,0,1,0,0,1,0,3847,27,3,2,6,9,160,0
0,0,1,1,0,1,1,0,1,1,16079,27,6,3,22,4,335,1
0,0,1,1,0,0,1,1,0,1,6478,18,6,1,6,8,165,0
0,0,1,0,0,1,1,0,1,1,5201,21,6,4,14,17,180,0
1,0,0,0,0,1,0,0,1,0,4409,9,5,3,10,12,155,0
0,0,1,1,0,0,1,0,0,1,17261,6,3,2,8,9,1475,1
0,1,1,1,0,0,1,1,0,1,4878,27,5,0,17,19,155,0
0,1,0,0,0,0,1,1,0,1,3573,18,5,5,5,8,160,0
0,0,1,1,0,1,0,0,1,0,10844,18,5,5,20,16,1220,1
0,0,0,1,0,1,0,0,1,0,4804,21,4,6,22,0,155,0
0,0,1,0,0,1,1,0,1,1,5201,27,6,3,14,17,180,0
0,1,0,1,0,1,1,0,1,1,14533,18,5,5,13,19,375,1
0,1,0,0,0,1,0,0,1,0,3873,12,4,4,22,0,140,0
0,1,0,0,1,0,0,1,0,0,3543,6,6,3,17,20,140,0
0,1,0,1,0,1,1,0,1,1,7215,21,3,3,10,21,640,1
0,1,0,1,0,1,1,0,1,1,11999,21,3,3,10,18,510,1
0,0,0,1,1,0,1,1,1,0,2754,18,5,5,12,13,90,0
0,0,1,1,0,0,1,0,0,1,13817,12,3,1,18,10,950,1
1,0,0,0,0,1,0,0,1,0,4107,15,6,5,19,22,150,0
0,1,0,1,0,1,1,0,1,1,8073,9,5,3,9,21,720,1
0,0,0,1,1,0,1,1,1,0,2227,27,6,3,21,22,90,0
0,0,1,1,0,1,0,0,1,0,10539,6,6,3,20,18,1295,1
0,0,0,1,0,0,1,1,0,1,3943,3,5,4,1,4,165,0
0,0,1,1,0,1,0,0,1,0,10844,24,5,4,14,16,1575,1
0,1,0,0,0,0,1,0,0,1,3925,24,3,6,20,23,170,0
0,0,1,1,1,0,1,1,1,0,3210,1,5,2,2,4,85,0
0,0,1,1,0,0,1,1,0,1,8016,6,6,3,17,20,180,0
0,1,0,0,0,1,0,0,1,0,3841,12,4,4,17,19,150,0
0,0,1,1,0,1,0,0,1,0,14388,9,5,3,21,4,450,1
0,0,0,1,1,0,0,1,0,0,3597,18,6,1,14,17,140,0
0,1,0,1,0,1,1,0,1,1,14086,9,3,5,15,1,630,1
0,0,0,1,0,0,1,1,0,1,3749,9,6,6,22,1,170,0
0,0,1,1,0,0,1,1,0,1,7229,24,5,4,6,8,165,0
0,1,0,1,0,1,1,0,1,1,15603,6,3,2,7,21,840,1
0,0,0,1,0,0,1,1,0,1,4823,27,5,0,20,22,170,0
0,0,1,1,1,0,1,1,1,0,8040,3,4,2,10,11,90,0
0,0,1,1,0,1,0,0,1,0,13941,6,5,0,6,10,1655,1
0,0,1,1,0,1,1,0,1,1,14714,6,6,3,21,4,395,1
0,1,1,1,0,1,0,0,1,0,7927,1,4,0,7,18,700,1
0,0,1,1,0,0,1,1,0,1,4030,15,5,2,11,14,175,0
0,0,0,1,0,1,1,0,1,1,8285,21,3,3,9,21,710,1
0,0,1,1,0,1,0,0,1,0,10844,6,5,0,8,18,590,1
0,0,1,1,0,1,0,0,1,0,9663,12,5,6,6,9,1610,1
0,0,0,1,0,1,0,0,1,0,4148,27,3,2,22,0,165,0
0,0,0,1,0,1,1,0,1,1,6496,24,6,0,5,10,295,1
0,0,0,1,0,1,0,0,1,0,4148,18,3,0,22,0,165,0
0,0,1,1,0,1,0,0,1,0,13339,24,3,6,6,19,790,1
0,0,1,1,0,1,1,0,1,1,13882,15,6,5,9,12,1630,2
0,0,0,1,0,0,1,1,0,1,3943,12,5,6,1,4,165,0
0,0,1,1,0,0,1,0,0,1,11087,12,3,1,20,12,950,1
0,0,1,1,0,1,1,0,1,1,15318,6,6,3,20,4,505,2
0,1,0,0,0,1,0,0,1,0,3873,6,6,3,22,0,140,0
0,1,0,1,0,1,1,0,1,1,11573,27,5,0,4,19,845,1
0,1,1,1,0,0,1,1,0,1,4668,15,5,2,11,14,170,0
0,0,1,0,0,0,1,0,0,1,13576,1,3,4,5,22,980,2
0,0,1,0,0,0,1,0,0,1,15434,1,3,4,11,13,1510,1
0,1,1,1,0,0,1,1,0,1,5403,21,4,6,11,14,170,0
0,0,1,1,0,1,1,0,1,1,16914,6,3,2,5,19,2300,2
0,0,1,1,0,1,0,0,1,0,14781,21,5,1,21,8,665,1
0,0,1,1,0,0,1,1,0,1,4544,9,4,1,11,14,175,0
0,0,1,0,0,1,0,0,1,0,9416,12,6,2,12,7,1195,2
0,1,1,1,0,1,0,0,1,0,8662,9,6,6,7,22,945,1
0,0,1,0,0,1,1,0,1,1,9194,24,6,0,10,19,555,1
0,1,0,0,0,1,0,0,1,0,3873,3,6,0,6,9,155,0
0,0,0,1,0,1,0,0,1,0,11465,9,6,6,9,14,295,1
0,0,1,0,0,1,1,0,1,1,8907,9,6,6,9,23,795,1
0,0,1,0,0,1,1,0,1,1,8770,21,3,3,17,19,1560,2
0,0,1,1,0,1,1,0,1,1,12242,27,3,2,9,4,1110,1
0,1,0,1,0,1,1,0,1,1,12192,12,6,2,10,19,540,1
0,1,1,1,0,1,0,0,1,0,8505,1,4,0,7,10,1655,1
0,0,1,1,0,1,0,0,1,0,9663,9,5,3,14,9,1155,1
0,1,0,1,0,1,1,0,1,1,8614,15,6,5,7,19,705,1
0,0,1,1,0,1,1,0,1,1,13292,24,6,0,5,4,1375,2
0,1,0,1,0,1,1,0,1,1,7740,3,6,0,12,21,490,1
0,0,0,1,0,1,1,0,1,1,8854,1,5,2,18,1,415,1
0,0,0,1,0,1,1,0,1,1,7682,6,3,2,8,21,765,2
0,0,0,1,0,1,0,0,1,0,4804,9,5,3,17,19,155,0
0,1,1,1,0,0,1,1,0,1,4668,21,5,1,9,12,170,0
0,1,0,1,0,1,1,0,1,1,5797,24,6,0,15,1,615,1
0,0,1,0,0,1,1,0,1,1,4729,3,4,2,14,17,180,0
0,1,0,1,0,1,1,0,1,1,7888,21,5,1,13,1,750,1
0,0,0,1,0,1,0,0,1,0,5069,24,5,4,8,13,290,1
0,0,1,0,0,1,1,0,1,1,9128,21,3,3,5,19,2280,3
0,0,1,1,0,1,0,0,1,0,9663,1,5,2,20,9,800,1
0,0,1,0,0,1,1,0,1,1,7952,6,6,3,20,9,765,1
0,0,1,1,0,1,1,0,1,1,10262,24,6,0,10,12,1595,1
0,0,1,1,0,1,1,0,1,1,13882,6,6,3,11,4,1000,2
0,0,0,1,0,0,1,1,0,1,4591,12,5,6,13,15,170,0
0,0,1,0,1,0,1,1,1,0,16172,12,3,1,21,16,255,2
0,0,0,1,0,0,1,1,0,1,4591,18,4,3,1,4,165,0
0,0,0,1,1,0,1,1,1,0,4049,24,6,0,6,7,90,0
0,0,0,1,0,1,0,0,1,0,4804,3,5,4,15,18,155,0
0,1,0,1,0,1,1,0,1,1,6673,27,3,2,8,15,450,1
0,0,1,1,0,1,1,0,1,1,11150,27,6,3,23,4,1760,2
0,0,1,0,0,1,1,0,1,1,13591,15,6,5,20,19,1380,2
0,0,0,1,0,0,1,1,0,1,4077,9,5,3,6,8,165,0
0,1,0,1,0,1,1,0,1,1,12927,1,6,5,7,19,730,1
0,0,1,1,0,1,1,0,1,1,16274,21,5,1,5,12,425,2
0,1,1,1,0,0,1,1,0,1,4668,15,5,2,7,9,160,0
0,0,1,1,0,1,1,0,1,1,12898,27,5,0,20,12,940,1
0,0,1,0,1,0,1,1,1,0,11678,6,3,2,16,23,465,1
0,0,0,1,0,1,1,0,1,1,5775,12,6,2,21,3,345,1
0,1,0,0,0,1,0,0,1,0,5515,1,3,4,9,11,150,0
0,0,1,1,0,0,1,0,0,1,13555,18,3,0,22,9,610,1
0,0,1,1,0,1,0,0,1,0,14571,24,5,4,16,4,730,1
0,1,0,0,1,0,1,1,1,0,2227,9,6,6,13,14,90,0
0,0,1,0,0,0,1,1,0,1,6961,24,6,0,13,16,170,0
0,0,1,0,0,1,1,0,1,1,15704,9,3,5,7,19,735,1
0,0,1,1,1,0,1,1,1,0,8040,6,3,2,10,11,90,0
0,0,1,1,0,1,1,0,1,1,14714,1,6,5,19,4,550,1
0,1,0,1,0,1,1,0,1,1,10197,21,5,1,9,19,600,1
0,0,1,0,0,1,1,0,1,1,8372,12,6,2,13,19,375,1
0,1,1,1,0,1,1,0,1,1,6741,9,3,5,14,17,175,0
0,0,0,1,1,0,0,1,0,0,6297,9,3,5,17,19,155,0
0,0,1,1,0,1,0,0,1,0,13626,12,6,2,8,18,590,1
0,0,1,1,0,1,1,0,1,1,15129,27,5,0,19,19,1430,2
0,0,0,1,0,1,1,0,1,1,6426,21,3,3,2,7,345,1
0,0,1,1,0,1,1,0,1,1,20904,9,3,5,20,4,495,2
1,0,0,0,0,1,1,0,1,1,6451,9,4,1,20,7,625,1
0,0,1,0,0,0,1,0,0,1,12704,1,3,4,9,23,855,1
0,0,1,1,0,1,0,0,1,0,13067,24,5,4,20,9,800,1
0,0,1,1,0,0,1,1,0,1,7229,18,5,5,6,8,165,0
0,1,0,1,0,1,1,0,1,1,17057,3,3,6,13,21,425,1
0,0,1,0,0,1,0,0,1,0,8366,18,5,5,9,18,535,2
0,1,0,1,0,1,1,0,1,1,15078,9,5,3,10,1,930,1
1,0,0,0,0,1,0,0,1,0,7870,9,6,6,7,19,710,1
0,0,0,1,1,0,1,1,1,0,3603,12,5,6,16,18,90,0
0,0,1,0,0,1,0,0,1,0,11936,12,6,2,7,16,555,1
0,1,0,1,0,1,1,0,1,1,8925,27,5,0,10,1,930,1
0,0,1,0,0,1,1,0,1,1,6934,21,4,6,14,17,180,0
0,0,1,1,0,1,1,0,1,1,6542,15,4,0,11,19,450,1
0,0,0,1,0,1,0,0,1,0,4778,15,3,4,14,16,155,0
0,0,0,1,0,1,0,0,1,0,4804,24,5,4,17,19,155,0
0,0,1,1,0,1,0,0,1,0,14151,12,5,6,20,10,870,1
0,1,0,1,0,1,1,0,1,1,16108,1,6,5,13,19,375,1
0,1,0,1,0,1,1,0,1,1,13377,1,6,5,15,1,630,1
0,1,0,0,0,0,1,1,0,1,3919,1,4,0,9,12,170,0
0,1,0,1,0,1,1,0,1,1,15136,6,3,2,13,21,425,1
0,1,1,1,0,1,0,0,1,0,9345,21,5,1,7,20,790,1
0,1,0,1,0,1,1,0,1,1,12327,27,3,2,2,15,795,1
0,0,1,1,0,0,1,0,0,1,12284,18,3,0,8,16,435,1
0,0,1,0,0,1,1,0,1,1,13039,15,5,2,17,19,1560,2
0,0,1,1,0,1,1,0,1,1,11848,9,3,5,17,4,660,1
0,0,1,1,0,1,1,0,1,1,16079,21,5,1,18,19,1485,1
0,0,0,1,0,1,0,0,1,0,4804,3,5,4,22,0,155,0
0,0,1,1,0,1,0,0,1,0,10844,9,6,6,20,23,1655,1
0,1,1,1,0,1,0,0,1,0,8505,1,4,0,20,10,865,1
0,0,1,0,0,1,0,0,1,0,11774,24,3,6,9,5,1210,2
0,0,1,1,0,0,1,1,0,1,5769,3,6,0,6,8,165,0
0,0,1,1,0,1,0,0,1,0,10844,1,5,2,8,20,740,1
0,1,0,0,1,0,0,1,0,0,3597,24,5,4,8,10,135,0
0,1,0,1,0,1,1,0,1,1,16497,6,3,2,10,18,530,1
0,0,1,1,0,1,0,0,1,0,14151,15,5,2,17,19,1570,1
0,0,0,1,0,1,0,0,1,0,4804,6,5,0,9,12,165,0
0,0,1,0,1,0,1,1,1,0,3100,24,5,4,15,16,85,0
0,0,1,1,0,1,1,0,1,1,14714,3,6,0,9,19,600,1
0,0,0,1,1,0,1,1,1,0,8853,1,3,4,16,18,90,0
0,0,0,1,0,1,1,0,1,1,6582,1,6,5,7,12,315,1
0,1,1,1,0,0,1,1,0,1,4668,3,6,0,11,14,170,0
0,0,1,1,0,1,0,0,1,0,14571,6,6,3,20,16,1220,1
0,0,1,1,0,1,1,0,1,1,13843,6,3,2,21,4,395,1
0,1,0,1,0,1,1,0,1,1,7354,3,6,0,6,19,755,1
0,0,0,1,0,1,0,0,1,0,4804,1,6,5,22,0,155,0
0,0,0,1,1,0,0,1,0,0,5277,1,6,5,22,0,140,0
0,0,1,0,0,1,1,0,1,1,5998,27,3,2,20,8,705,1
0,0,0,1,0,0,1,1,0,1,4591,1,4,0,13,15,170,0
0,0,0,1,1,0,0,1,0,0,3597,6,5,0,14,17,140,0
0,0,1,1,1,0,1,1,1,0,5678,24,6,0,19,21,90,0
0,0,0,1,1,0,0,1,0,0,3850,6,6,3,7,10,140,0
0,1,0,0,1,0,1,1,1,0,2017,18,6,1,13,14,90,0
0,0,1,1,0,1,1,0,1,1,10262,15,6,5,20,19,1325,1
0,0,1,0,0,1,1,0,1,1,8603,12,6,2,12,19,435,2
0,1,0,1,0,1,1,0,1,1,14153,3,3,6,13,22,555,1
0,0,1,1,0,1,0,0,1,0,8066,6,5,0,20,23,1630,1
0,1,0,1,0,1,1,0,1,1,7695,21,3,3,12,1,765,1
0,1,0,0,0,1,1,0,1,1,8488,6,3,2,8,13,270,1
0,1,1,0,0,0,1,0,0,1,4340,18,3,0,11,14,175,0
0,0,1,1,0,1,0,0,1,0,14151,15,5,2,20,10,870,1
0,0,1,1,0,0,1,0,0,1,11087,18,3,0,16,5,730,1
0,0,1,1,0,1,0,0,1,0,13759,24,3,6,19,18,1345,1
0,0,1,1,0,1,1,0,1,1,16079,21,5,1,19,4,550,1
0,1,0,1,0,1,1,0,1,1,12717,1,6,5,9,19,600,1
0,0,1,1,1,0,1,1,1,0,4995,21,6,4,10,11,90,0
0,1,0,0,0,1,0,0,1,0,3873,12,4,4,17,19,150,0
0,0,1,1,0,1,0,0,1,0,7826,24,3,6,6,12,330,1
0,1,1,1,0,1,0,0,1,0,7980,1,4,0,20,9,765,1
0,1,0,1,0,1,1,0,1,1,9486,21,5,1,9,0,910,1
0,0,1,1,0,1,0,0,1,0,10844,9,6,6,18,18,1400,1
0,0,0,1,1,0,0,1,0,0,6482,3,3,6,5,7,140,0
0,0,0,1,0,1,1,0,1,1,6628,1,6,5,17,1,480,1
0,0,1,0,0,1,0,0,1,0,7452,6,6,3,9,21,675,1
0,0,1,1,0,1,1,0,1,1,13882,15,6,5,9,4,1140,2
0,1,0,1,0,1,1,0,1,1,8099,27,6,3,9,19,600,1
0,1,1,1,0,0,1,1,0,1,4878,1,6,5,17,19,155,0
0,0,0,1,0,1,0,0,1,0,5170,6,6,3,15,20,315,1
0,1,0,0,0,0,1,0,0,1,6315,3,3,6,15,23,485,1
0,0,0,1,1,0,0,1,0,0,7295,1,3,4,13,15,135,0
0,1,0,1,0,1,1,0,1,1,9794,1,5,2,7,19,690,1
0,0,1,1,0,1,1,0,1,1,8834,21,3,3,19,4,1995,2
0,1,0,0,1,0,1,1,1,0,2017,21,6,4,22,0,90,0
0,1,0,1,0,1,1,0,1,1,12615,9,3,5,6,19,785,1
0,1,1,1,0,0,1,0,0,1,7240,9,3,5,21,0,175,0
0,0,1,1,0,0,1,1,0,1,8016,24,6,0,15,18,175,0
0,1,1,1,0,0,1,1,0,1,4878,6,5,0,17,19,155,0
0,0,1,1,0,1,1,0,1,1,13292,12,6,2,5,4,1375,2
0,0,1,0,0,0,1,0,0,1,11707,12,3,1,11,8,1265,1
0,0,0,1,0,1,1,0,1,1,6147,24,6,0,17,22,310,1
0,0,0,1,0,1,1,0,1,1,6093,12,6,2,7,21,810,1
0,0,1,1,0,1,0,0,1,0,12681,1,4,0,20,8,735,1
0,1,0,0,0,0,1,1,0,1,3311,27,5,0,5,8,160,0
0,0,1,0,1,0,1,1,1,0,14260,12,3,1,16,12,1175,3
0,0,1,0,0,1,1,0,1,1,13591,27,6,3,14,19,1730,2
0,0,0,1,0,1,0,0,1,0,4804,15,5,2,20,22,155,0
0,0,1,0,0,1,1,0,1,1,13538,15,5,2,13,7,1100,2
0,0,1,1,0,1,0,0,1,0,14151,9,6,6,9,9,1450,1
0,1,0,0,0,0,1,0,0,1,5575,15,3,4,5,8,170,0
0,0,1,1,0,1,0,0,1,0,14178,24,5,4,6,9,1610,1
0,0,1,0,1,0,0,1,0,0,7082,12,3,1,11,13,135,0
0,1,0,0,0,0,1,1,0,1,4319,9,5,3,21,0,175,0
0,0,1,1,0,1,1,0,1,1,20747,3,3,6,18,18,1470,2
0,0,1,1,0,1,0,0,1,0,13759,24,3,6,8,22,850,1
0,0,1,1,0,1,1,0,1,1,9181,21,3,3,5,4,1365,2
0,0,1,1,0,1,1,0,1,1,17024,3,3,6,2,18,995,1
0,0,0,1,0,1,1,0,1,1,5298,27,3,2,6,12,320,1
0,0,1,1,0,1,0,0,1,0,13364,1,4,0,14,22,510,1
0,0,1,1,0,1,0,0,1,0,10844,12,5,6,6,16,590,1
0,0,1,1,0,1,0,0,1,0,13941,15,5,2,20,4,520,1
0,0,1,1,0,1,1,0,1,1,10919,12,6,2,6,4,1300,2
0,0,1,1,0,0,1,0,0,1,12284,18,3,0,5,13,450,1
0,0,0,1,0,1,1,0,1,1,6790,21,3,3,8,22,825,1
0,0,0,1,1,0,1,1,1,0,4392,18,5,5,6,7,90,0
0,0,1,0,0,1,1,0,1,1,9653,6,6,3,5,19,2295,2
0,1,0,0,1,0,1,1,1,0,2753,21,6,4,5,7,90,0
0,0,1,0,0,1,0,0,1,0,6327,18,5,5,19,11,965,1
0,1,0,1,0,1,1,0,1,1,11125,3,3,6,7,22,910,1
0,0,1,1,0,1,1,0,1,1,10262,6,6,3,22,19,1210,1
0,0,1,1,0,1,1,0,1,1,10262,9,6,6,17,4,655,1
1,0,0,0,0,1,1,0,1,1,6752,27,5,0,16,22,340,1
0,0,0,1,0,0,1,1,0,1,4423,27,5,0,6,8,165,0
1,0,0,0,0,0,1,1,0,1,3383,21,5,1,11,13,165,0
0,0,1,0,0,1,1,0,1,1,12121,15,6,5,13,7,1100,2
0,1,0,1,0,1,1,0,1,1,9021,9,5,3,11,1,830,1
0,1,0,1,0,1,1,0,1,1,8266,6,6,3,11,19,455,1
0,0,1,1,0,1,1,0,1,1,14714,3,6,0,19,19,1395,1
0,0,1,0,0,1,1,0,1,1,11386,27,6,3,5,19,800,2
0,0,1,1,0,0,1,0,0,1,14815,6,3,2,8,8,1400,1
0,0,1,1,0,1,1,0,1,1,13843,6,3,2,9,4,1165,1
0,0,0,1,0,1,1,0,1,1,7191,15,5,2,7,21,810,1
0,1,0,0,0,1,0,0,1,0,6251,3,3,6,17,19,150,0
0,1,0,0,0,1,0,0,1,0,3815,15,3,4,22,0,140,0
0,0,1,0,1,0,1,1,1,0,3100,15,5,2,19,20,75,0
0,1,1,1,0,1,1,0,1,1,6216,21,6,4,14,17,190,0
0,1,0,1,0,1,1,0,1,1,13377,27,6,3,14,1,690,1
0,0,0,1,0,0,1,0,0,1,5694,21,3,3,7,12,290,1
0,0,1,0,0,1,0,0,1,0,15107,21,5,1,14,12,1320,2
0,0,1,0,0,1,1,0,1,1,11260,9,3,5,23,19,1215,1
0,0,1,0,0,1,1,0,1,1,9929,27,5,0,8,19,675,1
0,0,1,0,0,1,1,0,1,1,5642,21,3,3,20,9,765,1
0,1,0,1,0,1,1,0,1,1,15078,9,5,3,13,1,750,1
0,1,0,1,0,1,1,0,1,1,13377,12,6,2,14,1,690,1
0,0,1,0,0,1,0,0,1,0,16057,15,5,2,20,13,1035,2
0,0,1,1,0,0,1,0,0,1,12284,18,3,0,5,10,300,1
0,0,1,1,1,0,1,1,1,0,5678,18,3,0,19,21,90,0
0,1,0,1,0,1,1,0,1,1,17703,3,3,6,18,1,455,1
0,0,0,1,0,0,1,1,0,1,4823,3,6,0,7,10,175,0
0,0,1,0,0,1,0,0,1,0,5562,1,4,0,5,13,445,2
0,0,0,1,0,1,1,0,1,1,13790,6,3,2,2,8,355,1
0,0,1,1,0,1,0,0,1,0,8586,1,5,2,16,8,945,1
0,1,0,1,0,1,1,0,1,1,11264,27,5,0,7,19,690,1
0,0,1,1,0,1,0,0,1,0,9663,12,5,6,18,4,585,1
0,0,0,1,0,1,1,0,1,1,6416,6,6,3,8,21,750,1
0,0,0,1,0,1,1,0,1,1,7725,9,3,5,16,21,300,1
0,0,1,1,0,1,1,0,1,1,13376,1,6,5,14,12,1320,2
0,0,1,1,0,1,0,0,1,0,14231,24,3,6,13,12,1325,1
0,0,1,1,0,1,1,0,1,1,19828,3,3,6,11,4,1015,1
0,0,1,1,1,0,1,1,1,0,8040,27,3,2,7,8,85,0
0,0,1,0,0,0,1,0,0,1,25913,1,3,4,17,19,165,0
0,0,1,1,0,1,1,0,1,1,16079,21,5,1,9,19,600,1
0,0,1,0,1,0,1,1,1,0,4937,3,3,6,21,22,80,0
0,0,1,0,0,1,1,0,1,1,13039,27,6,3,17,7,865,2
0,0,1,1,0,1,0,0,1,0,9314,1,5,2,20,14,1080,1
0,1,0,0,0,1,1,0,1,1,4957,27,6,3,17,22,295,1
0,1,0,1,0,1,1,0,1,1,14973,3,3,6,4,11,450,1
0,0,1,1,0,1,0,0,1,0,14571,9,6,6,8,16,475,1
0,0,0,1,0,1,0,0,1,0,5224,6,5,0,14,16,150,0
0,1,0,1,0,1,1,0,1,1,11622,24,6,0,9,19,585,1
0,1,1,0,0,0,1,1,0,1,3419,27,5,0,20,23,165,0
0,0,1,1,0,1,1,0,1,1,13344,1,6,5,5,12,425,2
0,0,0,1,0,1,1,0,1,1,6316,6,6,3,16,1,570,1
0,0,0,1,1,0,1,1,1,0,4392,21,6,4,16,18,90,0
0,0,1,1,0,1,0,0,1,0,8529,12,6,2,18,12,1025,1
0,0,1,1,0,1,1,0,1,1,14300,12,6,2,12,12,1460,2
0,1,0,1,0,1,1,0,1,1,7198,27,5,0,13,1,750,1
0,0,1,1,0,1,1,0,1,1,14300,12,6,2,18,19,1480,2
0,0,1,1,0,0,1,1,0,1,7229,3,4,2,18,22,185,0
0,1,0,0,0,1,0,0,1,0,3841,9,6,6,9,11,145,0
0,0,1,1,0,0,1,1,0,1,4030,1,5,2,6,8,165,0
0,0,1,1,0,1,1,0,1,1,16079,21,5,1,20,4,450,1
0,0,0,1,1,0,1,1,1,0,2754,27,5,0,12,13,90,0
0,0,0,1,0,1,1,0,1,1,6842,3,6,0,5,10,295,1
0,1,1,1,0,0,1,0,0,1,6138,24,3,6,9,12,165,0
0,0,1,1,0,1,0,0,1,0,12576,12,6,2,20,4,520,1
0,0,1,1,0,1,0,0,1,0,13067,12,5,6,9,14,1730,1
0,0,1,1,0,1,0,0,1,0,9358,6,5,0,10,17,435,1
0,0,1,1,0,1,0,0,1,0,8586,9,5,3,8,4,1215,1
0,0,1,0,0,0,1,1,0,1,5176,6,4,5,13,16,170,0
0,0,1,0,0,1,1,0,1,1,7480,15,6,5,20,9,765,1
0,0,1,0,0,1,0,0,1,0,12723,6,6,3,5,12,1840,2
0,0,1,0,0,1,0,0,1,0,5793,1,4,0,9,13,245,1
0,1,0,1,0,1,1,0,1,1,14848,12,6,2,9,19,615,1
0,0,1,0,0,1,1,0,1,1,10493,15,5,2,5,19,2295,2
0,0,1,1,0,1,0,0,1,0,11467,9,5,3,20,18,1295,1
0,0,1,0,0,1,1,0,1,1,9719,27,5,0,3,19,925,1
0,1,0,0,0,1,0,0,1,0,3873,15,4,0,22,0,140,0
0,0,0,1,0,1,1,0,1,1,4862,21,3,3,2,7,320,1
0,1,0,0,0,0,1,1,0,1,3971,3,4,2,9,12,170,0
0,0,1,1,0,0,1,0,0,1,7832,21,3,3,11,10,1365,1
0,1,0,0,0,0,1,1,0,1,3625,21,5,1,9,12,170,0
0,1,1,1,0,1,0,0,1,0,8610,1,5,2,17,18,1550,1
0,1,0,1,0,1,1,0,1,1,14486,21,3,3,9,15,390,1
0,1,0,0,0,1,0,0,1,0,3841,9,5,3,9,11,145,0
0,0,1,1,0,1,0,0,1,0,13941,9,5,3,14,4,875,1
0,0,0,1,0,0,1,1,0,1,4823,12,5,6,18,21,175,0
0,0,1,0,0,1,0,0,1,0,12009,1,5,2,9,21,760,2
0,1,0,0,1,0,0,1,0,0,3597,21,6,4,8,10,135,0
0,1,0,1,0,1,1,0,1,1,21226,3,3,6,16,1,575,1
0,0,1,1,0,1,1,0,1,1,10577,9,6,6,19,12,1040,1
1,0,0,0,0,1,0,0,1,0,5320,12,5,6,7,19,710,1
0,0,0,1,0,0,1,0,0,1,6860,21,3,3,7,10,175,0
0,1,0,0,1,0,1,1,1,0,1759,21,3,3,22,0,85,0
0,0,1,1,0,1,1,0,1,1,12242,27,3,2,11,4,1015,1
0,1,0,0,0,1,0,0,1,0,3841,3,6,0,22,0,140,0
0,0,1,1,0,0,1,1,0,1,3502,27,5,0,15,18,175,0
0,0,1,1,0,1,0,0,1,0,10844,9,5,3,14,23,570,1
0,0,0,1,0,1,0,0,1,0,4174,9,4,1,21,0,160,0
0,0,1,1,0,1,0,0,1,0,5608,9,6,6,10,17,435,1
0,0,0,1,0,1,0,0,1,0,9376,24,5,4,9,14,295,1
0,0,1,1,0,1,0,0,1,0,13584,6,5,0,21,16,1150,1
0,1,0,1,0,1,1,0,1,1,7354,24,6,0,8,19,645,1
0,0,1,1,0,1,0,0,1,0,10844,12,5,6,20,18,1335,1
0,0,1,1,0,1,0,0,1,0,14388,12,5,6,18,8,800,1
0,0,1,1,0,1,0,0,1,0,14781,18,5,5,5,16,635,1
0,0,1,0,0,1,1,0,1,1,9653,27,5,0,12,19,435,2
0,0,1,1,0,1,1,0,1,1,10262,9,6,6,10,4,1105,1
0,0,0,1,0,1,1,0,1,1,6674,6,6,3,6,22,940,1
0,0,0,1,0,1,1,0,1,1,7663,3,3,6,8,16,455,1
0,1,0,0,0,0,1,1,0,1,4319,18,4,3,5,8,160,0
0,0,1,1,0,1,1,0,1,1,12373,18,5,5,2,19,1005,1
0,0,1,1,0,1,1,0,1,1,12242,9,4,1,22,4,335,1
0,0,1,1,0,1,1,0,1,1,16289,27,5,0,8,19,660,1
0,1,1,0,0,0,1,1,0,1,3419,3,6,0,20,23,165,0
0,0,1,1,0,1,0,0,1,0,7851,1,4,0,8,16,475,1
0,0,1,1,0,0,1,0,0,1,12284,18,3,0,5,15,570,1
0,0,0,1,0,1,1,0,1,1,6386,15,6,5,2,7,345,1
0,0,1,1,0,1,1,0,1,1,15339,27,6,3,23,4,1760,2
0,1,0,0,1,0,1,1,1,0,2017,12,5,6,22,0,90,0
0,0,1,1,0,1,1,0,1,1,16274,18,5,5,5,12,425,2
0,0,0,1,0,1,1,0,1,1,5947,21,3,3,21,1,280,1
0,0,1,1,1,0,1,1,1,0,8040,21,3,3,7,8,85,0
0,0,1,0,0,1,1,0,1,1,8907,18,5,5,20,23,1590,1
0,0,0,1,1,0,1,1,1,0,4049,6,6,3,6,7,90,0
0,0,1,0,0,0,1,0,0,1,8588,3,3,6,10,12,165,0
0,0,1,1,0,0,1,1,0,1,7229,27,5,0,19,22,180,0
0,0,0,1,0,0,1,1,0,1,3943,6,5,0,21,0,180,0
1,0,0,0,0,0,1,1,0,1,4483,3,5,4,23,2,170,0
0,0,1,0,0,1,0,0,1,0,10151,21,5,1,12,18,1830,2
0,0,0,1,0,0,1,1,0,1,3419,18,6,1,22,1,170,0
0,0,1,0,0,1,1,0,1,1,13486,18,5,5,10,7,1245,2
0,1,1,1,0,1,0,0,1,0,8610,9,6,6,20,18,1350,1
0,1,1,0,0,0,1,1,0,1,3898,15,6,5,11,14,170,0
0,0,1,0,0,1,0,0,1,0,15187,24,3,6,9,11,1560,2
0,0,0,1,0,1,1,0,1,1,10278,1,3,4,4,21,985,2
0,0,0,1,0,1,1,0,1,1,6442,15,4,0,6,16,560,1
0,0,1,1,0,1,1,0,1,1,13344,3,6,0,5,12,425,2
0,0,1,0,0,0,1,0,0,1,5521,15,3,4,8,8,1475,1
0,0,0,1,1,0,0,1,0,0,3597,27,5,0,13,15,140,0
0,0,1,0,0,0,1,0,0,1,11077,9,3,5,11,9,1330,1
0,1,0,1,0,1,1,0,1,1,6673,27,3,2,18,1,455,1
0,0,1,0,0,1,1,0,1,1,12392,9,6,6,17,19,1560,2
0,0,1,0,1,0,1,1,1,0,10366,6,3,2,5,22,965,1
0,0,1,0,0,1,1,0,1,1,10703,15,6,5,5,19,2280,3
0,0,1,0,0,1,1,0,1,1,7174,9,5,3,9,23,795,1
0,0,1,1,0,0,1,0,0,1,11087,18,3,0,22,9,640,1
1,0,0,0,0,0,1,1,0,1,3383,27,4,5,23,2,170,0
0,0,1,0,0,1,0,0,1,0,14960,6,6,3,16,8,970,2
0,0,1,1,0,1,0,0,1,0,11467,1,5,2,20,9,800,1
0,1,0,1,0,1,1,0,1,1,6673,27,3,2,9,15,390,1
0,0,1,0,1,0,1,1,1,0,3100,27,6,3,13,15,90,0
0,0,1,1,0,0,1,0,0,1,16736,6,3,2,5,16,625,1
0,0,1,0,0,1,1,0,1,1,5117,1,4,0,20,9,765,1
0,0,1,1,0,1,1,0,1,1,11093,21,3,3,10,18,1925,2
0,1,1,0,0,1,0,0,1,0,6354,9,6,6,23,7,495,1
0,0,1,0,0,1,1,0,1,1,5674,18,3,0,14,17,180,0
0,0,1,1,0,1,1,0,1,1,13029,27,5,0,9,4,1125,2
0,0,1,0,0,0,1,0,0,1,14143,6,3,2,8,16,1900,2
0,0,0,1,0,0,1,1,0,1,5740,18,4,3,8,11,170,0
0,1,1,0,0,0,1,0,0,1,7646,3,3,6,11,14,175,0
0,0,1,0,0,1,1,0,1,1,13591,9,5,3,14,19,1730,2
0,0,1,0,1,0,1,1,1,0,3100,1,6,5,19,20,75,0
0,0,1,1,0,1,1,0,1,1,5406,1,4,0,18,12,1100,1
0,0,1,1,0,1,0,0,1,0,14388,6,5,0,20,8,735,1
0,0,0,1,1,0,0,1,0,0,6297,9,3,5,11,14,145,0
0,0,1,1,0,0,1,1,0,1,7229,12,5,6,19,22,180,0
0,0,1,1,0,1,1,0,1,1,20694,6,3,2,19,4,1995,2
1,0,0,0,0,0,1,1,0,1,4282,21,6,4,4,7,170,0
0,1,0,1,0,1,1,0,1,1,13727,18,5,5,11,1,840,1
0,1,0,1,0,1,1,0,1,1,8614,15,6,5,11,19,470,1
0,1,0,1,0,1,1,0,1,1,7363,21,3,3,18,1,455,1
0,0,1,0,0,1,1,0,1,1,11281,15,5,2,22,19,1275,2
0,1,1,0,0,0,1,1,0,1,4340,18,5,5,11,14,170,0
0,0,0,1,0,1,0,0,1,0,4778,9,3,5,17,19,160,0
0,0,1,1,0,1,1,0,1,1,12898,27,5,0,11,12,1505,1
0,0,0,1,0,1,1,0,1,1,6442,15,4,0,8,16,455,1
0,0,1,1,0,1,1,0,1,1,14714,24,6,0,11,19,450,1
0,1,0,1,0,1,1,0,1,1,8018,27,6,3,13,22,555,1
0,0,1,0,0,1,0,0,1,0,4145,6,5,0,20,23,155,0
0,0,0,1,1,0,1,1,1,0,4784,9,5,3,16,18,90,0
0,0,1,0,0,0,1,0,0,1,11707,12,3,1,11,19,480,1
0,1,0,0,0,1,0,0,1,0,3815,21,3,3,17,19,150,0
0,0,1,0,0,0,1,0,0,1,21130,1,3,4,22,13,920,1
0,0,1,1,0,1,1,0,1,1,17024,6,3,2,13,18,350,1
0,1,0,0,0,1,0,0,1,0,3873,21,6,4,9,11,145,0
0,0,1,1,0,1,0,0,1,0,14151,6,6,3,17,19,1570,1
0,0,0,1,0,1,0,0,1,0,4804,18,6,1,21,0,160,0
0,0,1,1,0,1,1,0,1,1,12898,27,5,0,7,4,1280,1
0,0,0,1,0,0,1,1,0,1,4284,3,5,4,22,1,170,0
0,0,1,1,0,0,1,1,0,1,7229,21,4,6,8,11,180,0
0,0,0,1,0,0,1,0,0,1,6114,15,3,4,7,12,290,1
0,1,0,1,0,1,1,0,1,1,14848,27,6,3,11,19,465,1
0,0,0,1,0,1,1,0,1,1,13611,6,3,2,4,15,645,1
0,0,1,1,0,0,1,1,0,1,8016,12,6,2,7,10,180,0
0,0,1,1,0,1,0,0,1,0,14571,9,6,6,8,18,590,1
0,0,1,1,0,1,1,0,1,1,10675,27,5,0,9,19,600,1
0,0,0,1,0,1,1,0,1,1,6794,21,5,1,4,11,415,1
0,0,1,1,0,1,1,0,1,1,6540,27,3,2,9,4,1110,1
0,1,1,1,0,0,1,0,0,1,7240,9,3,5,11,14,160,0
0,0,1,0,0,1,1,0,1,1,8839,15,6,5,13,9,1210,2
0,1,0,0,0,1,0,0,1,0,3873,6,6,3,9,11,145,0
0,0,1,0,0,1,1,0,1,1,11596,6,6,3,20,19,1395,2
0,0,1,0,0,1,1,0,1,1,7199,21,3,3,8,19,675,1
0,0,1,1,0,1,1,0,1,1,12898,1,6,5,7,12,330,1
0,1,0,1,0,1,1,0,1,1,12524,1,6,5,8,19,615,1
0,0,1,1,0,1,1,0,1,1,10368,24,6,0,5,4,1375,2
0,0,1,1,1,0,1,1,1,0,8040,15,3,4,10,11,90,0
0,1,1,0,0,1,1,0,1,1,5135,3,4,2,10,19,540,1
0,0,1,0,0,0,1,0,0,1,5626,9,3,5,6,23,980,1
0,0,1,0,0,1,1,0,1,1,15809,6,3,2,7,19,735,1
0,0,0,1,0,1,1,0,1,1,6412,27,6,3,16,22,380,1
0,0,1,1,0,1,1,0,1,1,18804,1,6,5,11,19,440,2
0,0,0,1,1,0,1,1,1,0,2227,1,4,0,21,22,90,0
0,1,0,1,0,1,1,0,1,1,6916,6,3,2,7,22,915,1
0,0,1,0,1,0,1,1,1,0,3100,27,6,3,21,22,80,0
0,0,1,1,0,1,0,0,1,0,14388,6,5,0,6,12,330,1
0,1,0,1,0,1,1,0,1,1,12327,27,3,2,16,1,575,1
0,0,1,1,0,1,1,0,1,1,13014,3,6,0,19,4,535,2
0,1,1,1,0,0,1,1,0,1,5403,15,4,0,9,12,170,0
0,1,0,1,0,1,1,0,1,1,18228,9,3,5,8,21,740,1
0,0,1,1,0,1,0,0,1,0,10844,6,6,3,20,19,1430,1
0,0,1,1,0,1,1,0,1,1,13843,6,3,2,11,4,1015,1
0,1,0,0,0,0,1,0,0,1,11690,1,3,4,9,12,175,0
0,1,1,1,0,1,0,0,1,0,8452,1,5,2,17,9,965,1
0,0,1,0,0,1,1,0,1,1,8372,27,5,0,20,19,1395,1
0,0,1,1,0,1,1,0,1,1,10262,6,6,3,14,4,865,1
0,0,1,1,1,0,1,1,1,0,5678,15,6,5,10,11,90,0
0,0,1,1,0,1,0,0,1,0,14151,12,5,6,20,9,800,1
0,0,1,1,0,0,1,1,0,1,4544,21,4,6,18,22,185,0
0,0,1,1,0,1,0,0,1,0,12692,12,6,2,9,14,1730,1
0,0,1,1,0,1,1,0,1,1,17019,9,3,5,13,4,880,2
0,0,0,1,0,1,0,0,1,0,6565,3,3,6,9,12,165,0
0,1,1,0,0,1,1,0,1,1,5281,27,3,2,7,12,350,1
0,1,0,1,0,1,1,0,1,1,9646,9,6,6,7,16,545,1
0,0,0,1,1,0,1,1,1,0,3175,6,3,2,2,4,90,0
0,0,1,0,0,1,1,0,1,1,9653,27,6,3,19,19,1410,2
0,0,1,0,0,1,1,0,1,1,14777,6,3,2,23,7,520,1
0,1,0,1,0,1,1,0,1,1,7155,12,6,2,4,19,860,1
0,1,0,0,1,0,0,1,0,0,3543,6,6,3,8,10,135,0
0,0,0,1,0,1,0,0,1,0,4804,9,5,3,9,12,165,0
0,0,0,1,0,1,1,0,1,1,9304,3,3,6,6,12,320,1
0,0,0,1,0,0,1,1,0,1,3943,15,4,0,21,0,180,0
0,0,0,1,0,1,1,0,1,1,7060,1,6,5,17,22,320,1
0,0,1,0,0,0,1,1,0,1,5228,15,6,5,21,23,170,0
0,1,0,0,1,0,0,1,0,0,3597,24,6,0,8,10,135,0
0,1,0,0,0,0,1,1,0,1,3971,3,4,2,21,0,175,0
0,1,0,1,0,1,1,0,1,1,13727,6,5,0,13,21,480,1
0,0,1,1,0,1,0,0,1,0,12121,1,4,0,20,22,1540,1
0,0,1,1,0,1,1,0,1,1,10262,3,6,0,19,19,1425,1
0,0,1,1,0,1,1,0,1,1,10262,1,6,5,14,12,1355,1
0,0,1,1,0,1,1,0,1,1,14714,1,6,5,19,4,520,1
0,0,1,1,0,1,1,0,1,1,8834,21,3,3,19,18,1420,2
0,1,0,1,0,1,1,0,1,1,9838,21,3,3,4,12,470,1
0,0,0,1,0,1,0,0,1,0,4775,18,5,5,15,20,290,1
0,0,0,1,0,0,1,1,0,1,4823,3,5,4,18,21,175,0
0,0,1,0,0,1,0,0,1,0,12723,15,5,2,5,12,1840,2
0,0,0,1,0,1,1,0,1,1,5883,15,6,5,10,1,895,1
0,1,1,1,0,1,0,0,1,0,9870,24,5,4,17,20,1640,1
0,0,1,1,0,1,1,0,1,1,10262,3,6,0,13,12,1415,1
0,1,0,1,0,1,1,0,1,1,6513,9,6,6,7,16,540,1
0,0,1,0,0,1,0,0,1,0,15532,15,5,2,16,13,1255,2
0,0,1,1,0,1,1,0,1,1,14714,6,6,3,22,19,1210,1
0,1,1,1,0,1,0,0,1,0,9187,18,5,5,20,10,865,1
0,1,0,1,0,1,1,0,1,1,7038,6,6,3,14,22,455,1
0,1,0,1,0,1,1,0,1,1,13587,6,6,3,14,21,420,1
0,0,1,1,0,0,1,1,0,1,8016,3,6,0,11,14,175,0
0,0,0,1,1,0,1,1,1,0,4049,6,6,3,9,10,90,0
0,0,1,1,1,0,1,1,1,0,9536,6,3,2,7,8,85,0
0,0,1,1,0,1,0,0,1,0,14571,24,5,4,8,18,590,1
0,0,1,1,0,1,1,0,1,1,15812,6,6,3,11,19,440,2
1,0,0,0,0,1,1,0,1,1,8759,6,6,3,7,22,870,1
0,0,1,0,0,1,0,0,1,0,10151,21,5,1,12,21,590,2
0,0,0,1,0,1,0,0,1,0,4804,15,5,2,15,18,155,0
0,0,0,1,0,1,1,0,1,1,6104,24,6,0,17,1,480,1
0,0,1,0,0,1,0,0,1,0,5510,6,5,0,14,16,150,0
0,0,0,1,0,1,1,0,1,1,6027,9,5,3,17,22,320,1
0,1,0,0,0,1,0,0,1,0,4174,21,5,1,9,11,145,0
0,0,0,1,0,1,1,0,1,1,6794,21,5,1,10,1,895,1
0,0,1,0,0,1,1,0,1,1,15428,6,3,2,5,7,1545,2
0,0,1,1,0,1,0,0,1,0,14388,6,5,0,20,19,1430,1
0,0,0,1,0,1,1,0,1,1,6896,21,5,1,15,1,630,1
0,0,0,1,0,0,1,0,0,1,6144,21,3,3,18,21,175,0
0,0,1,1,0,0,1,0,0,1,19225,6,3,2,22,5,375,1
0,0,1,0,0,1,0,0,1,0,13227,9,5,3,16,8,970,2
0,0,1,1,0,1,0,0,1,0,10844,12,5,6,18,18,1400,1
0,0,1,1,0,1,0,0,1,0,7757,6,6,3,21,4,450,1
0,0,0,1,1,0,1,1,1,0,2754,12,5,6,19,20,90,0
0,1,0,1,0,1,1,0,1,1,7618,27,5,0,7,21,840,1
0,0,1,1,0,1,0,0,1,0,14781,12,5,6,16,23,425,1
0,0,0,1,0,0,1,1,0,1,4284,15,4,0,0,3,175,0
0,1,0,1,0,1,1,0,1,1,7740,6,6,3,8,21,735,1
0,0,0,1,0,0,1,1,0,1,3419,15,6,5,1,4,165,0
0,0,1,1,0,1,0,0,1,0,13941,12,5,6,8,4,1215,1
0,0,1,0,0,1,0,0,1,0,12723,9,6,6,5,8,1625,2
0,0,1,1,0,1,1,0,1,1,14300,12,6,2,8,4,1215,2
0,0,1,0,0,0,1,1,0,1,6121,3,5,4,10,12,165,0
0,0,1,1,0,1,1,0,1,1,17549,9,3,5,8,19,705,1
0,1,0,0,1,0,1,1,1,0,1759,27,3,2,22,0,85,0
0,0,0,1,0,0,1,1,0,1,4423,12,5,6,6,8,165,0
0,0,1,1,0,0,1,1,0,1,4544,9,4,1,7,10,180,0
0,1,0,1,0,1,1,0,1,1,12402,3,6,0,8,19,660,1
0,0,1,1,0,1,0,0,1,0,9663,1,5,2,8,9,1495,1
0,0,1,1,0,1,0,0,1,0,12681,1,4,0,20,22,1595,1
0,0,1,0,0,1,1,0,1,1,5117,1,4,0,9,9,1420,1
0,0,1,1,0,1,1,0,1,1,12898,21,5,1,13,12,1415,1
0,0,1,1,0,1,0,0,1,0,13941,6,5,0,6,8,1545,1
0,0,1,1,0,0,1,1,0,1,4030,21,5,1,6,8,165,0
0,0,0,1,1,0,1,1,1,0,17501,1,3,4,6,7,85,0
0,0,1,1,0,1,0,0,1,0,8529,12,6,2,14,9,1155,1
0,1,0,1,0,1,1,0,1,1,8073,15,5,2,10,1,930,1
0,0,1,0,0,1,1,0,1,1,11942,9,5,3,18,19,1470,2
0,0,1,1,0,1,1,0,1,1,11702,21,3,3,5,18,800,2
0,0,0,1,0,1,1,0,1,1,6442,3,6,0,8,16,455,1
0,0,0,1,0,1,0,0,1,0,4804,24,6,0,9,12,165,0
0,0,0,1,0,0,1,1,0,1,4823,1,4,0,8,11,170,0
0,1,0,1,0,1,1,0,1,1,10877,12,6,2,8,19,610,1
0,0,1,0,0,1,0,0,1,0,10151,9,6,6,12,18,1830,2
0,0,1,0,0,1,1,0,1,1,5201,21,6,4,5,8,170,0
0,0,1,1,0,1,0,0,1,0,13067,15,5,2,9,18,505,1
0,0,0,1,1,0,1,1,1,0,2754,24,3,6,2,4,90,0
0,0,1,0,0,1,0,0,1,0,8366,15,5,2,9,21,745,1
0,0,1,1,0,1,0,0,1,0,10844,21,5,1,18,19,1495,1
0,1,1,1,0,0,1,1,0,1,4878,18,6,1,17,19,155,0
0,0,1,1,0,1,1,0,1,1,13292,15,6,5,5,4,1375,2
0,0,0,1,0,1,0,0,1,0,4804,12,6,2,11,14,155,0
0,0,1,0,0,1,1,0,1,1,5201,12,6,2,14,17,180,0
0,0,1,1,0,1,1,0,1,1,10368,1,6,5,19,4,535,2
0,1,1,1,0,1,0,0,1,0,8820,6,6,3,20,18,1350,1
0,0,1,1,1,0,1,1,1,0,4160,18,3,0,10,11,90,0
0,0,1,0,0,1,0,0,1,0,8891,15,5,2,9,18,545,1
0,0,1,1,0,1,0,0,1,0,10539,6,6,3,17,14,1285,1
0,1,0,0,0,0,1,1,0,1,3971,1,4,0,5,8,160,0
0,0,0,1,0,1,1,0,1,1,6093,27,6,3,7,21,810,1
0,1,0,1,0,1,1,0,1,1,8266,15,5,2,12,19,385,1
0,0,1,0,0,1,1,0,1,1,7480,18,5,5,12,9,1255,1
0,0,1,1,0,1,1,0,1,1,10262,1,6,5,18,4,610,1
0,0,1,0,0,1,1,0,1,1,8907,12,6,2,20,23,1590,1
0,1,0,1,0,1,1,0,1,1,11789,27,6,3,8,19,615,1
0,1,0,1,0,1,1,0,1,1,15135,3,3,6,11,18,440,1
0,1,0,1,0,1,1,0,1,1,7887,18,5,5,8,19,645,1
0,0,0,1,0,1,1,0,1,1,6818,15,5,2,5,12,425,1
0,0,0,1,1,0,0,1,0,0,6482,9,3,5,5,7,140,0
0,1,0,1,0,1,1,0,1,1,7888,21,5,1,9,21,720,1
0,0,1,1,0,1,0,0,1,0,13759,24,3,6,8,4,1220,1
0,0,1,1,0,1,1,0,1,1,10262,27,6,3,8,19,660,1
0,1,0,1,0,1,1,0,1,1,10197,15,5,2,10,19,540,1
0,1,0,1,0,1,1,0,1,1,7997,18,5,5,11,19,470,1
0,0,1,0,0,1,1,0,1,1,5117,3,4,2,17,9,965,1
0,0,1,1,0,1,1,0,1,1,12373,9,5,3,10,19,540,1
0,1,0,1,0,1,1,0,1,1,6795,9,6,6,12,1,760,1
0,0,1,1,0,0,1,1,0,1,7229,27,6,3,18,22,185,0
0,0,1,0,1,0,1,1,1,0,2575,24,3,6,13,15,90,0
0,0,1,0,0,1,0,0,1,0,7662,24,5,4,9,21,675,1
0,0,1,0,0,1,0,0,1,0,8366,18,5,5,9,21,745,1
0,0,1,1,0,1,0,0,1,0,10844,18,5,5,8,20,740,1
0,0,0,1,1,0,0,1,0,0,3540,6,6,3,5,7,145,0
0,1,0,1,0,1,1,0,1,1,16863,3,3,6,10,1,935,1
0,0,1,0,0,0,1,1,0,1,6121,3,5,4,21,23,170,0
0,0,0,1,0,0,1,0,0,1,8434,9,3,5,6,11,305,1
0,0,1,1,0,1,0,0,1,0,14151,21,5,1,17,23,395,1
0,0,1,1,0,1,1,0,1,1,14441,6,6,3,5,12,425,2
0,1,1,0,0,0,1,1,0,1,3898,1,6,5,11,14,170,0
0,0,1,1,0,1,1,0,1,1,9483,9,4,1,23,12,810,2
1,0,0,0,0,0,1,1,0,1,4282,12,4,4,4,7,170,0
0,0,1,1,0,0,1,1,0,1,6478,3,6,0,17,20,180,0
0,0,1,1,0,1,1,0,1,1,16809,6,3,2,19,4,1995,2
0,0,1,1,0,1,1,0,1,1,16704,9,5,3,13,12,1390,2
0,1,1,0,0,0,1,1,0,1,3898,24,6,0,7,10,175,0
0,0,1,1,0,0,1,0,0,1,11297,12,3,1,5,12,390,1
0,0,0,1,0,1,0,0,1,0,5224,27,5,0,14,16,150,0
0,0,0,1,0,0,1,1,0,1,4823,6,4,5,18,21,175,0
0,0,0,1,0,1,1,0,1,1,14871,3,3,6,4,15,645,1
0,0,1,0,0,1,1,0,1,1,7480,27,6,3,9,9,1420,1
0,0,0,1,0,1,0,0,1,0,5224,3,5,4,11,14,155,0
0,1,0,1,0,1,1,0,1,1,6093,24,4,2,7,16,540,1
0,0,0,1,1,0,1,1,1,0,2754,27,6,3,19,20,90,0
0,0,0,1,1,0,1,1,1,0,2227,1,6,5,20,21,95,0
0,0,1,1,0,1,0,0,1,0,14781,6,5,0,6,18,705,1
0,1,1,0,0,0,1,1,0,1,3898,1,5,2,7,10,175,0
0,1,1,1,0,1,0,0,1,0,9397,24,5,4,7,22,930,1
0,1,1,1,0,1,0,0,1,0,8452,12,6,2,7,10,1655,1
0,0,0,1,0,0,1,1,0,1,4591,3,4,2,23,2,170,0
0,0,0,1,0,1,0,0,1,0,5930,1,4,0,21,2,315,1
0,0,1,0,0,1,0,0,1,0,10991,6,5,0,5,20,875,2
0,1,0,0,0,1,0,0,1,0,4622,3,3,6,6,9,160,0
0,0,1,1,0,1,1,0,1,1,14714,6,6,3,11,19,450,1
0,0,0,1,0,0,1,1,0,1,4823,18,6,1,8,11,170,0
0,0,1,1,1,0,1,1,1,0,2228,18,3,0,2,4,90,0
0,0,1,1,0,1,0,0,1,0,10703,6,5,0,17,23,395,1
0,1,1,1,0,0,1,1,0,1,5613,3,5,4,17,19,155,0
0,0,1,1,0,1,0,0,1,0,13759,24,3,6,6,18,700,1
0,0,0,1,0,0,1,1,0,1,3943,12,6,2,13,15,170,0
0,0,0,1,0,0,1,0,0,1,4944,21,3,3,0,3,165,0
0,0,1,1,0,1,1,0,1,1,10262,24,6,0,14,19,300,1
0,1,0,0,0,1,0,0,1,0,8479,6,6,3,11,18,435,1
0,0,0,1,0,1,1,0,1,1,7514,3,6,0,7,16,515,1
0,0,1,0,0,1,1,0,1,1,6934,6,5,0,14,17,180,0
0,0,1,1,0,1,0,0,1,0,9663,12,5,6,18,12,1025,1
0,1,0,1,0,1,1,0,1,1,8085,21,3,3,10,21,660,1
0,1,1,1,0,1,1,0,1,1,7266,9,3,5,6,9,190,0
0,0,0,1,0,1,1,0,1,1,6493,3,6,0,17,22,320,1
0,0,1,1,0,1,1,0,1,1,14714,27,6,3,10,19,540,1
0,1,0,1,0,1,1,0,1,1,7485,21,5,1,19,1,390,1
0,0,1,1,0,1,1,0,1,1,10262,6,6,3,13,4,925,1
0,1,1,1,0,0,1,0,0,1,4878,21,3,3,9,12,165,0
0,1,0,1,0,1,1,0,1,1,7198,12,6,2,19,1,390,1
0,0,1,1,0,0,1,0,0,1,17261,6,3,2,16,9,965,1
0,0,1,1,0,1,0,0,1,0,13044,12,6,2,20,8,735,1
0,0,1,1,0,1,1,0,1,1,10262,27,6,3,17,19,1530,1
0,1,0,1,0,1,1,0,1,1,8614,15,6,5,6,19,755,1
0,0,1,1,0,1,1,0,1,1,12032,27,3,2,16,19,1665,1
0,0,1,1,0,0,1,0,0,1,12284,18,3,0,7,13,375,1
0,1,1,0,0,0,1,1,0,1,3419,27,5,0,7,10,175,0
0,0,0,1,0,1,1,0,1,1,6528,21,3,3,16,22,370,1
0,1,1,1,0,0,1,0,0,1,5403,24,3,6,7,9,160,0
0,0,1,1,0,1,1,0,1,1,9732,27,5,0,11,19,450,1
0,0,0,1,0,1,1,0,1,1,5761,15,4,0,6,12,320,1
0,0,1,0,0,1,0,0,1,0,12009,6,6,3,7,5,1345,2
0,0,1,1,0,1,0,0,1,0,8586,18,5,5,5,8,1590,1
0,0,1,1,0,0,1,1,0,1,6144,24,5,4,17,20,180,0
0,1,0,0,0,0,1,1,0,1,3257,24,5,4,5,8,160,0
0,1,0,1,0,1,1,0,1,1,9021,9,5,3,17,1,465,1
0,0,1,1,0,1,1,0,1,1,10262,3,6,0,11,12,1505,1
0,0,1,0,1,0,1,1,1,0,13757,6,3,2,5,14,560,2
0,0,0,1,0,1,1,0,1,1,5895,15,3,4,14,17,185,0
0,0,1,1,0,1,0,0,1,0,9663,21,5,1,18,4,585,1
0,0,1,0,0,1,1,0,1,1,6587,9,5,3,5,6,1535,1
0,1,0,0,0,0,1,1,0,1,3311,6,5,0,5,8,160,0
0,1,0,0,0,1,1,0,1,1,6297,18,5,5,6,11,315,1
0,0,1,1,0,1,0,0,1,0,10844,12,5,6,18,19,1495,1
0,0,0,1,1,0,1,1,1,0,4049,27,5,0,9,10,90,0
0,0,1,0,0,0,1,1,0,1,6961,3,6,0,13,16,170,0
0,1,0,0,1,0,0,1,0,0,3384,27,3,2,8,10,135,0
0,1,0,0,1,0,0,1,0,0,3859,6,5,0,8,10,135,0
0,0,1,0,0,1,1,0,1,1,11732,12,6,2,18,19,1470,2
0,1,0,1,0,1,1,0,1,1,12524,6,6,3,8,19,615,1
0,0,1,1,0,0,1,0,0,1,12284,18,3,0,7,12,325,1
0,0,1,1,0,1,1,0,1,1,10262,15,6,5,2,12,620,1
0,0,1,1,0,1,1,0,1,1,13344,24,6,0,5,12,425,2
0,0,1,1,0,0,1,1,0,1,7229,18,4,3,17,20,180,0
0,0,1,0,0,1,0,0,1,0,14960,12,6,2,9,8,1385,2
0,0,1,0,0,1,1,0,1,1,13381,12,6,2,6,7,1490,2
0,1,0,1,0,1,1,0,1,1,15147,6,3,2,12,1,765,1
0,0,1,1,0,1,0,0,1,0,8586,6,5,0,6,4,1330,1
0,0,0,1,0,1,1,0,1,1,7054,6,5,0,14,22,490,1
1,0,0,0,0,1,0,0,1,0,4082,18,3,0,22,1,150,0
0,0,1,1,0,1,1,0,1,1,13029,21,5,1,9,19,560,2
0,0,1,1,0,1,0,0,1,0,7064,1,4,0,16,22,365,1
0,0,1,0,0,0,1,0,0,1,4943,21,3,3,8,8,1475,1
0,0,1,1,0,0,1,1,0,1,7229,3,5,4,7,10,180,0
0,0,1,0,0,1,0,0,1,0,8450,12,5,6,9,21,675,1
0,0,1,1,0,1,1,0,1,1,15318,9,5,3,20,4,505,2
0,0,0,1,0,1,0,0,1,0,4804,3,5,4,21,0,160,0
0,0,1,1,0,1,0,0,1,0,10844,6,6,3,20,16,1220,1
0,0,0,1,1,0,1,1,1,0,3175,1,4,0,16,18,90,0
0,0,1,0,0,1,1,0,1,1,12646,27,6,3,12,19,1820,2
0,0,1,0,0,1,0,0,1,0,7893,1,4,0,20,12,930,1
0,0,1,0,0,0,1,1,0,1,7171,24,5,4,17,19,165,0
0,1,0,1,0,1,1,0,1,1,13727,15,5,2,14,21,420,1
0,0,1,0,0,1,1,0,1,1,5201,27,6,3,18,21,185,0
0,1,0,1,0,1,1,0,1,1,9001,15,5,2,11,19,455,1
0,0,0,1,0,0,1,1,0,1,3943,15,5,2,13,15,170,0
0,1,0,1,0,1,1,0,1,1,10546,9,5,3,7,21,835,1
0,0,1,1,0,1,1,0,1,1,15554,18,5,5,19,19,1425,1
0,0,1,0,0,0,1,1,0,1,5228,15,4,0,6,8,165,0
0,0,1,0,0,1,1,0,1,1,9404,24,6,0,9,19,615,1
0,1,0,1,0,1,1,0,1,1,8601,21,3,3,9,19,605,1
0,1,0,1,0,1,1,0,1,1,8888,9,5,3,9,22,765,1
0,1,1,1,0,0,1,0,0,1,5088,24,3,6,16,18,155,0
0,0,0,1,0,0,1,1,0,1,3943,9,5,3,10,13,170,0
0,0,1,1,0,1,1,0,1,1,12373,9,5,3,21,12,885,1
0,1,0,1,0,1,1,0,1,1,8323,9,4,1,6,13,440,1
0,0,1,1,0,1,1,0,1,1,15339,27,6,3,13,12,1390,2
0,1,1,1,1,0,0,1,0,0,11982,6,5,0,17,20,140,0
0,1,0,0,0,1,0,0,1,0,8844,12,5,6,15,21,330,1
0,0,1,1,0,1,1,0,1,1,10262,1,6,5,22,12,825,1
0,0,0,1,1,0,0,1,0,0,3597,6,6,3,13,15,140,0
0,0,1,1,1,0,1,1,1,0,5678,24,3,6,10,11,90,0
0,0,0,1,1,0,0,1,0,0,5277,21,5,1,22,0,140,0
0,0,0,1,0,0,1,1,0,1,4823,27,6,3,7,10,175,0
0,0,0,1,0,1,1,0,1,1,8049,3,3,6,8,21,765,2
0,1,0,0,1,0,0,1,0,0,3543,15,5,2,17,20,140,0
0,0,1,1,0,1,1,0,1,1,10262,6,6,3,18,19,1485,1
0,0,1,0,0,1,1,0,1,1,10703,1,6,5,5,19,2280,3
0,0,0,1,0,1,1,0,1,1,6496,12,6,2,5,10,295,1
0,0,1,1,0,1,0,0,1,0,10844,21,5,1,6,18,705,1
0,0,1,1,0,1,1,0,1,1,12032,27,3,2,7,18,705,1
0,1,1,1,0,1,1,0,1,1,6741,18,4,3,6,9,190,0
0,0,0,1,0,0,1,1,0,1,3943,9,5,3,4,6,170,0
0,1,0,0,0,1,0,0,1,0,3841,24,5,4,6,9,155,0
0,1,0,1,0,1,1,0,1,1,15288,3,3,6,19,1,395,1
0,0,1,0,1,0,1,1,1,0,2050,18,3,0,21,22,80,0
0,1,1,1,1,0,0,1,0,0,4842,24,3,6,7,9,135,0
0,0,1,1,0,1,1,0,1,1,6643,21,3,3,19,18,1420,2
0,0,0,1,0,1,1,0,1,1,9581,3,3,6,5,10,300,1
0,0,0,1,0,1,0,0,1,0,4804,15,5,2,21,0,160,0
0,0,1,1,0,0,1,0,0,1,7832,21,3,3,8,7,1420,1
0,1,0,1,0,1,1,0,1,1,11667,12,6,2,7,19,730,1
0,0,0,1,0,1,1,0,1,1,6442,27,6,3,8,16,455,1
0,0,1,1,0,1,1,0,1,1,15129,24,5,4,23,4,1760,2
0,0,1,1,0,0,1,1,0,1,4544,3,4,2,11,14,175,0
0,0,1,1,0,1,0,0,1,0,9663,15,5,2,20,9,800,1
0,0,1,1,0,1,1,0,1,1,14714,3,6,0,16,4,745,1
0,0,1,0,1,0,1,1,1,0,3100,27,5,0,6,7,80,0
0,0,1,1,0,1,0,0,1,0,9663,6,5,0,16,20,1695,1
0,0,0,1,0,1,1,0,1,1,5761,21,3,3,6,12,320,1
0,0,1,0,1,0,1,1,1,0,3100,9,5,3,21,22,80,0
0,0,1,1,0,1,0,0,1,0,13626,12,6,2,16,23,425,1
0,0,1,1,1,0,1,1,1,0,5678,24,3,6,19,21,90,0
0,0,1,1,0,1,0,0,1,0,8529,12,6,2,18,18,1400,1
0,0,1,0,0,1,1,0,1,1,5201,9,5,3,5,8,170,0
0,0,1,1,0,1,0,0,1,0,14151,21,5,1,9,21,690,1
1,0,0,0,0,0,1,1,0,1,4483,3,5,4,11,13,165,0
0,0,0,1,0,1,0,0,1,0,4174,6,4,5,22,0,155,0
0,0,1,1,0,1,1,0,1,1,15544,18,5,5,5,12,425,2
0,0,0,1,0,1,1,0,1,1,5601,27,5,0,21,0,195,0
0,0,0,1,0,0,1,1,0,1,3419,3,4,2,1,4,165,0
1,0,0,0,0,1,1,0,1,1,6451,27,4,5,7,22,870,1
0,0,1,0,0,1,0,0,1,0,12592,12,5,6,9,13,1700,2
0,0,1,0,0,0,1,1,0,1,6961,24,6,0,21,23,170,0
0,1,0,0,0,1,0,0,1,0,4174,12,6,2,17,19,150,0
0,0,1,1,0,1,0,0,1,0,8824,24,3,6,6,16,590,1
0,1,0,0,0,1,1,0,1,1,7947,15,5,2,15,22,380,1
0,1,0,1,0,1,1,0,1,1,13587,27,6,3,14,21,420,1
0,1,0,0,0,1,0,0,1,0,3841,15,6,5,6,9,155,0
0,0,0,1,0,1,0,0,1,0,4804,21,6,4,21,0,160,0
0,0,1,1,0,1,0,0,1,0,8586,9,5,3,20,4,520,1
0,0,0,1,0,1,0,0,1,0,4778,1,3,4,20,23,160,0
0,1,0,1,0,1,1,0,1,1,18275,1,6,5,15,1,625,2
0,0,0,1,1,0,0,1,0,0,3540,1,6,5,5,7,145,0
0,0,0,1,0,1,1,0,1,1,6442,27,6,3,8,22,835,1
0,0,1,0,0,1,0,0,1,0,4145,27,6,3,20,23,155,0
0,0,0,1,0,1,0,0,1,0,5644,9,6,6,14,16,150,0
0,0,0,1,0,1,0,0,1,0,5224,3,5,4,14,16,150,0
0,0,1,1,0,1,1,0,1,1,5963,21,3,3,17,18,1520,1
0,1,0,1,0,1,1,0,1,1,11264,27,5,0,6,19,780,1
0,1,1,0,0,1,1,0,1,1,10188,27,3,2,14,19,310,1
0,0,1,1,0,1,0,0,1,0,10844,18,5,5,20,9,800,1
0,0,0,1,0,0,1,0,0,1,7166,15,3,4,13,18,295,1
0,0,1,1,0,0,1,0,0,1,13817,12,3,1,22,9,635,1
0,0,1,1,0,1,1,0,1,1,12373,9,5,3,18,12,1100,1
0,0,1,1,0,0,1,0,0,1,25735,1,3,4,16,9,965,1
0,0,1,1,0,0,1,0,0,1,14815,18,3,0,11,19,450,1
0,0,1,1,0,1,1,0,1,1,10262,12,6,2,11,12,1505,1
0,0,1,1,0,1,1,0,1,1,10262,15,6,5,8,19,660,1
0,0,1,0,0,1,1,0,1,1,7468,9,6,6,17,8,875,1
0,0,1,1,1,0,1,1,1,0,8040,9,5,3,7,8,85,0
0,0,1,1,0,1,1,0,1,1,12819,24,6,0,23,19,1195,2
0,0,0,1,1,0,0,1,0,0,7295,6,3,2,14,17,145,0
0,0,1,1,0,0,1,1,0,1,7229,27,5,0,15,18,175,0
1,0,0,0,0,1,1,0,1,1,6853,15,6,5,16,22,340,1
0,0,1,1,0,1,0,0,1,0,9663,24,5,4,21,9,730,1
0,0,1,1,0,1,0,0,1,0,7064,1,4,0,6,18,705,1
0,0,1,0,0,1,1,0,1,1,8372,6,6,3,9,19,615,1
0,1,0,0,1,0,1,1,1,0,1965,3,6,0,13,14,90,0
0,1,1,1,0,1,0,0,1,0,16932,24,3,6,7,18,695,1
0,1,0,0,0,1,0,0,1,0,3841,18,6,1,22,0,140,0
0,0,1,1,0,1,1,0,1,1,15812,12,6,2,11,19,440,2
0,0,1,0,0,0,1,0,0,1,10924,3,3,6,6,13,385,1
0,0,1,0,0,1,1,0,1,1,6934,27,5,0,14,17,180,0
0,0,1,1,0,1,1,0,1,1,10262,1,6,5,8,19,660,1
0,0,1,1,0,1,1,0,1,1,13843,6,3,2,13,4,870,1
0,1,0,1,0,1,1,0,1,1,9315,15,5,2,6,19,740,1
0,1,0,1,0,1,1,0,1,1,8266,21,5,1,6,19,795,1
0,0,1,1,0,1,0,0,1,0,14231,24,3,6,21,8,660,1
0,1,1,0,0,0,1,1,0,1,5048,18,4,3,20,23,165,0
0,0,1,1,0,1,1,0,1,1,10262,6,6,3,17,19,1530,1
0,1,0,1,0,1,1,0,1,1,12537,27,3,2,9,21,720,1
0,0,1,1,0,1,1,0,1,1,10262,15,6,5,13,4,925,1
0,0,1,1,1,0,1,1,1,0,8040,3,4,2,7,8,85,0
0,1,0,0,0,1,0,0,1,0,9736,6,5,0,11,18,435,1
0,0,0,1,0,1,0,0,1,0,4804,6,5,0,4,7,155,0
0,0,1,1,0,0,1,0,0,1,13817,12,3,1,16,9,995,1
0,1,1,0,0,0,1,1,0,1,5048,21,5,1,7,10,175,0
0,0,1,1,1,0,1,1,1,0,8040,1,4,0,10,11,90,0
0,1,0,1,0,1,1,0,1,1,7354,12,6,2,8,19,645,1
0,1,0,1,0,1,1,0,1,1,7563,6,3,2,14,22,465,1
0,0,0,1,0,1,1,0,1,1,7725,3,3,6,10,15,285,1
0,1,0,1,0,1,1,0,1,1,7740,1,6,5,8,21,735,1
0,0,1,0,0,1,0,0,1,0,13532,12,6,2,10,5,1165,2
0,0,0,1,0,1,0,0,1,0,6565,1,3,4,14,16,155,0
0,0,1,1,0,1,0,0,1,0,10844,12,5,6,16,19,1640,1
0,1,0,0,0,1,0,0,1,0,3841,18,4,3,22,0,140,0
0,1,0,1,0,1,1,0,1,1,11200,3,6,0,8,19,630,1
0,0,1,0,0,1,0,0,1,0,12009,1,4,0,9,10,1505,2
0,0,1,0,0,1,1,0,1,1,8372,15,5,2,8,19,675,1
0,0,1,0,0,1,1,0,1,1,13591,15,6,5,6,7,1490,2
0,1,1,1,1,0,1,1,1,0,12395,6,3,2,20,16,1190,1
0,1,0,0,1,0,0,1,0,0,7298,1,3,4,8,10,135,0
0,0,0,1,0,1,1,0,1,1,12214,3,3,6,7,12,310,1
0,0,1,1,0,1,0,0,1,0,14151,15,5,2,17,22,1745,1
0,0,1,1,0,1,0,0,1,0,14781,1,5,2,14,23,570,1
0,1,1,1,0,0,1,1,0,1,4878,6,6,3,17,19,155,0
0,1,0,0,1,0,0,1,0,0,3597,3,5,4,8,10,135,0
1,0,0,0,0,1,0,0,1,0,6810,6,6,3,7,23,955,1
0,1,1,1,1,0,0,1,0,0,3687,1,5,2,7,9,135,0
0,0,1,0,0,1,1,0,1,1,6482,21,3,3,17,9,965,1
0,0,1,1,1,0,1,1,1,0,19595,6,3,2,17,16,1430,1
0,0,0,1,0,1,1,0,1,1,6147,15,6,5,15,20,290,1
0,0,1,1,0,1,0,0,1,0,10953,6,5,0,17,9,1005,1
0,1,0,0,0,1,0,0,1,0,3873,24,4,2,22,0,140,0
0,0,1,1,0,0,1,0,0,1,14815,6,3,2,14,5,900,1
0,1,0,1,0,1,1,0,1,1,10678,6,6,3,4,19,845,1
0,0,1,1,0,1,1,0,1,1,14053,9,3,5,15,4,800,1
0,0,1,1,0,1,0,0,1,0,10539,12,6,2,9,22,750,1
0,0,1,1,0,0,1,0,0,1,16946,18,3,0,14,21,435,1
0,0,0,1,0,1,1,0,1,1,7673,3,3,6,14,17,185,0
0,0,1,0,0,0,1,0,0,1,4441,24,3,6,13,16,170,0
0,0,1,1,0,0,1,1,0,1,4544,15,4,0,11,14,175,0
0,0,0,1,0,1,0,0,1,0,4804,24,4,2,15,18,155,0
0,0,1,1,0,1,1,0,1,1,5406,1,4,0,9,12,1655,1
0,0,1,0,1,0,1,1,1,0,3100,3,4,2,6,7,80,0
0,0,0,1,0,0,1,1,0,1,4823,6,4,5,16,19,180,0
0,1,0,0,1,0,1,1,1,0,1965,3,5,4,5,7,90,0
0,0,1,1,0,1,1,0,1,1,10262,24,6,0,21,12,885,1
0,0,0,1,0,1,1,0,1,1,6674,6,6,3,7,16,515,1
0,0,1,1,0,1,1,0,1,1,15764,6,3,2,9,4,1165,1
0,0,1,1,0,1,0,0,1,0,7064,1,4,0,20,22,1595,1
0,0,1,1,0,1,1,0,1,1,10262,6,6,3,14,19,300,1
0,0,0,1,0,1,0,0,1,0,5069,1,5,2,8,13,290,1
0,1,0,1,0,1,1,0,1,1,11789,6,6,3,11,19,440,1
0,0,1,0,0,1,0,0,1,0,15164,1,5,2,10,13,1665,2
0,0,1,0,0,1,1,0,1,1,6094,6,6,3,14,17,180,0
0,1,0,0,0,0,1,1,0,1,4885,21,4,6,9,12,170,0
1,0,0,0,0,0,1,1,0,1,3383,21,6,4,11,13,165,0
0,1,0,1,0,1,1,0,1,1,6673,27,3,2,17,1,515,1
0,0,1,1,0,0,1,1,0,1,4544,27,4,5,7,10,180,0
0,0,1,1,0,1,1,0,1,1,8367,21,3,3,10,18,485,2
0,1,1,0,0,0,1,1,0,1,3898,3,6,0,11,14,170,0
0,0,1,1,0,1,0,0,1,0,10844,9,6,6,14,22,510,1
0,1,0,1,0,1,1,0,1,1,12327,27,3,2,2,13,665,1
0,1,0,0,0,1,1,0,1,1,6356,21,3,3,8,13,270,1
0,0,1,0,0,0,1,1,0,1,5228,15,5,2,21,23,170,0
0,0,1,0,0,0,1,0,0,1,10835,18,3,0,6,16,2025,2
0,0,0,1,0,0,1,1,0,1,3943,21,6,4,4,6,170,0
0,0,1,1,0,1,1,0,1,1,14714,1,6,5,18,19,1485,1
0,0,1,0,0,1,0,0,1,0,11883,6,5,0,5,12,1810,2
0,1,1,1,0,1,0,0,1,0,8610,12,6,2,20,23,1625,1
0,1,0,1,0,1,1,0,1,1,6513,15,5,2,7,22,920,1
0,0,1,1,0,1,1,0,1,1,12898,21,5,1,2,4,1570,1
0,0,1,0,0,1,1,0,1,1,10861,1,6,5,22,19,1275,2
0,0,0,1,1,0,1,1,1,0,4049,21,6,4,19,20,90,0
0,0,1,1,0,0,1,0,0,1,13555,18,3,0,11,5,1045,1
0,0,1,1,0,1,1,0,1,1,16079,27,5,0,2,19,1005,1
0,0,0,1,0,1,1,0,1,1,7673,6,3,2,5,8,195,0
1,0,1,1,0,1,1,0,1,1,10161,21,3,3,8,19,620,1
0,0,1,1,0,1,1,0,1,1,10262,12,6,2,2,12,620,1
0,1,0,0,0,1,0,0,1,0,3873,3,5,4,6,9,155,0
0,1,0,0,0,0,1,1,0,1,3311,3,6,0,21,0,175,0
0,0,0,1,0,1,1,0,1,1,13611,9,3,5,16,1,575,1
0,0,1,0,0,1,1,0,1,1,11858,6,3,2,12,19,435,2
0,1,0,1,0,1,1,0,1,1,9316,27,5,0,10,19,535,1
0,0,0,1,0,0,1,1,0,1,4823,1,4,0,7,10,175,0
0,0,1,1,0,1,0,0,1,0,13941,12,5,6,20,10,845,1
0,1,0,0,0,1,0,0,1,0,3873,12,4,4,6,9,155,0
0,0,0,1,0,0,1,1,0,1,4591,12,4,4,1,4,165,0
0,1,1,1,1,0,1,1,1,0,12395,6,3,2,8,22,850,1
0,0,0,1,1,0,1,1,1,0,3603,21,3,3,2,4,90,0
0,0,0,1,0,1,0,0,1,0,4804,1,5,2,15,18,155,0
0,0,0,1,0,0,1,1,0,1,4823,21,5,1,18,21,175,0
0,0,1,1,0,1,1,0,1,1,13244,21,3,3,11,18,440,1
1,0,0,0,0,1,0,0,1,0,6785,24,3,6,7,19,710,1
0,0,1,0,1,0,1,1,1,0,3100,24,6,0,6,7,80,0
0,1,0,1,0,1,1,0,1,1,7198,12,6,2,18,1,450,1
0,0,1,1,0,1,1,0,1,1,13014,27,6,3,9,19,560,2
0,0,1,0,0,1,1,0,1,1,20416,6,3,2,6,7,1490,2
0,0,1,0,0,0,1,0,0,1,11528,1,3,4,10,11,1490,1
0,0,1,0,0,1,0,0,1,0,14083,6,5,0,7,1,1100,2
0,0,0,1,1,0,0,1,0,0,3597,15,5,2,19,21,140,0
0,0,1,0,0,1,0,0,1,0,7662,12,6,2,5,13,445,2
0,0,0,1,0,0,1,1,0,1,4823,6,6,3,8,11,170,0
0,0,1,0,0,1,1,0,1,1,10703,27,6,3,5,19,2280,3
0,0,1,1,1,0,1,1,1,0,8040,12,6,2,7,8,85,0
0,1,1,1,0,0,1,1,0,1,4668,24,6,0,7,9,160,0
0,0,1,0,0,1,1,0,1,1,6304,12,5,6,18,21,185,0
0,0,1,0,1,0,1,1,1,0,14219,6,3,2,6,11,1795,2
0,1,0,0,0,1,0,0,1,0,3841,1,5,2,17,19,150,0
0,1,0,1,0,1,1,0,1,1,13587,27,5,0,13,21,480,1
0,0,1,0,0,1,0,0,1,0,12093,18,5,5,5,20,875,2
0,1,0,0,0,1,1,0,1,1,5899,27,4,5,6,11,315,1
0,0,1,0,1,0,1,1,1,0,3100,12,5,6,13,15,90,0
0,0,1,0,0,0,1,1,0,1,5438,12,5,6,17,19,165,0
0,0,0,1,0,0,1,1,0,1,5780,18,4,3,18,21,175,0
0,0,1,0,0,1,0,0,1,0,11668,9,6,6,9,1,955,2
0,0,0,1,0,0,1,0,0,1,11934,1,3,4,7,10,175,0
0,0,1,1,0,1,1,0,1,1,16263,27,6,3,20,4,505,2
0,0,0,1,0,1,1,0,1,1,14871,6,3,2,18,1,420,1
0,1,0,0,0,0,1,1,0,1,3573,24,5,4,9,12,170,0
0,0,1,0,0,1,1,0,1,1,12497,3,3,6,21,19,1305,2
0,0,1,0,0,1,1,0,1,1,5411,21,6,4,18,21,185,0
0,0,0,1,0,1,1,0,1,1,6600,9,6,6,5,16,665,1
0,0,0,1,0,1,0,0,1,0,11160,6,6,3,9,14,295,1
0,0,1,1,1,0,1,1,1,0,22950,6,3,2,17,16,1415,2
0,1,0,0,0,1,0,0,1,0,4649,24,5,4,15,20,315,1
0,0,1,1,0,1,1,0,1,1,15129,21,5,1,5,4,1375,2
0,0,0,1,0,1,1,0,1,1,8626,12,5,6,21,0,195,0
0,0,1,1,0,1,1,0,1,1,17234,6,3,2,7,4,1280,1
0,0,1,1,0,0,1,0,0,1,7832,21,3,3,5,13,450,1
0,0,1,0,1,0,1,1,1,0,3100,18,6,1,15,16,85,0
0,0,1,1,0,1,0,0,1,0,9314,9,5,3,9,14,1730,1
0,0,1,1,0,1,1,0,1,1,14714,1,6,5,2,12,620,1
0,0,1,1,0,1,1,0,1,1,13882,15,6,5,11,4,1000,2
0,0,1,1,0,1,1,0,1,1,16274,9,5,3,5,12,425,2
0,1,0,1,0,1,1,0,1,1,15135,6,3,2,11,18,440,1
0,0,0,1,0,0,1,0,0,1,6144,24,3,6,21,0,175,0
0,0,1,1,0,1,1,0,1,1,9483,27,3,2,19,19,1475,2
0,0,1,0,0,1,1,0,1,1,14431,15,5,2,6,7,1490,2
0,1,0,1,0,1,1,0,1,1,6093,24,6,0,14,22,455,1
0,1,0,1,0,1,1,0,1,1,7888,21,5,1,10,21,660,1
0,0,0,1,0,1,1,0,1,1,7503,15,5,2,9,1,975,1
0,0,1,0,0,1,0,0,1,0,6117,6,5,0,19,9,890,1
0,0,1,1,0,1,1,0,1,1,17024,3,3,6,9,18,590,1
0,0,1,1,0,1,0,0,1,0,12681,1,4,0,18,8,800,1
0,1,0,1,0,1,1,0,1,1,10678,24,6,0,10,19,505,1
0,0,1,1,0,1,0,0,1,0,13759,24,3,6,8,12,1655,1
0,1,0,0,1,0,1,1,1,0,2017,3,6,0,22,0,90,0
0,1,0,0,0,0,1,1,0,1,4885,15,6,5,9,12,170,0
0,1,0,1,0,1,1,0,1,1,10786,27,5,0,6,19,795,1
0,1,1,1,1,0,1,1,1,0,12080,12,3,1,7,9,1555,1
0,0,0,1,0,1,0,0,1,0,4804,9,6,6,20,22,155,0
0,0,1,0,0,1,1,0,1,1,6587,21,3,3,21,19,1335,1
0,0,1,1,0,1,1,0,1,1,8728,27,3,2,5,18,820,2
1,0,0,0,0,1,1,0,1,1,7452,18,5,5,20,7,625,1
0,0,0,1,0,0,1,1,0,1,4823,6,6,3,20,22,170,0
0,1,0,1,0,1,1,0,1,1,8310,9,5,3,7,22,925,1
0,1,1,1,0,0,1,1,0,1,5403,1,4,0,11,14,170,0
0,1,0,1,0,1,1,0,1,1,10877,3,6,0,10,19,505,1
0,0,1,1,0,0,1,0,0,1,14815,6,3,2,22,0,1555,1
0,0,0,1,0,1,1,0,1,1,6558,21,3,3,6,16,570,1
0,1,0,1,0,1,1,0,1,1,14067,21,5,1,9,21,720,1
0,1,0,1,0,1,1,0,1,1,9627,21,5,1,9,19,585,1
0,0,1,1,0,1,1,0,1,1,14714,3,6,0,19,19,1425,1
0,0,0,1,0,1,1,0,1,1,5000,9,5,3,5,8,195,0
1,0,1,1,0,1,1,0,1,1,9845,21,3,3,6,21,900,1
0,0,1,1,0,1,0,0,1,0,10844,18,5,5,18,16,1285,1
0,0,0,1,0,1,1,0,1,1,7048,27,3,2,4,13,515,1
0,0,1,1,0,1,0,0,1,0,12692,12,6,2,9,10,1520,1
0,0,1,1,0,1,1,0,1,1,13843,9,3,5,21,18,1260,1
0,0,1,1,0,0,1,0,0,1,7832,21,3,3,14,7,1055,1
0,0,0,1,1,0,1,1,1,0,4049,1,6,5,9,10,90,0
0,0,1,1,0,1,1,0,1,1,12242,27,3,2,8,18,650,1
0,0,1,1,0,1,1,0,1,1,10262,24,6,0,19,19,1425,1
0,0,1,1,0,1,0,0,1,0,14571,9,6,6,8,19,685,1
0,1,0,0,0,1,0,0,1,0,4174,24,5,4,17,19,150,0
0,1,0,1,0,1,1,0,1,1,11264,27,5,0,6,12,395,1
0,0,0,1,0,1,0,0,1,0,4174,18,4,3,21,0,160,0
0,0,0,1,1,0,0,1,0,0,3540,12,6,2,5,7,145,0
0,1,1,1,0,1,0,0,1,0,9345,18,5,5,7,20,790,1
0,0,1,0,0,1,1,0,1,1,9653,6,6,3,16,19,1595,2
0,0,0,1,1,0,1,1,1,0,3342,18,3,0,6,7,85,0
0,1,0,1,0,1,1,0,1,1,8073,18,5,5,10,1,930,1
0,0,1,1,0,1,0,0,1,0,7064,1,4,0,6,20,855,1
0,0,1,1,0,1,1,0,1,1,13376,27,6,3,14,12,1320,2
0,1,0,1,0,1,1,0,1,1,15135,6,3,2,8,18,625,1
0,0,1,0,0,1,0,0,1,0,10413,24,5,4,10,20,625,1
0,1,1,1,0,1,0,0,1,0,9187,1,5,2,20,10,865,1
0,0,1,1,0,1,1,0,1,1,13292,1,6,5,9,12,1620,2
0,0,0,1,0,1,1,0,1,1,6674,9,3,5,7,16,515,1
0,0,0,1,0,1,1,0,1,1,8330,9,5,3,17,1,480,1
0,1,0,1,0,1,1,0,1,1,11200,1,6,5,6,19,740,1
0,0,1,1,0,1,1,0,1,1,10262,3,6,0,10,12,1595,1
0,1,1,1,0,1,1,0,1,1,6216,15,4,0,14,17,190,0
0,0,1,1,0,1,0,0,1,0,10844,18,5,5,20,19,1430,1
0,0,1,1,0,1,0,0,1,0,11134,24,3,6,16,18,1515,1
0,0,0,1,1,0,0,1,0,0,5277,18,6,1,22,0,140,0
0,0,1,1,0,1,1,0,1,1,14300,27,6,3,8,12,1705,2
0,0,1,1,0,0,1,0,0,1,17471,6,3,2,22,20,1290,1
0,0,1,1,0,1,0,0,1,0,10844,21,5,1,21,9,730,1
0,1,0,0,0,0,1,0,0,1,5469,15,3,4,5,8,170,0
0,0,1,1,0,1,1,0,1,1,10262,9,6,6,14,12,1355,1
0,1,0,0,0,1,1,0,1,1,7185,6,3,2,16,22,375,1
1,0,0,0,0,1,0,0,1,0,3807,18,6,1,19,22,150,0
0,0,1,1,0,1,1,0,1,1,14714,1,6,5,17,4,655,1
0,1,1,1,0,1,0,0,1,0,8610,6,5,0,7,20,790,1
0,0,1,1,0,1,1,0,1,1,17234,6,3,2,7,18,705,1
0,1,0,1,0,1,1,0,1,1,15629,12,6,2,11,21,565,3
0,1,0,1,0,1,1,0,1,1,6128,27,3,2,7,21,855,2
0,0,1,1,0,1,1,0,1,1,16289,9,3,5,16,4,745,1
0,0,1,1,0,1,1,0,1,1,15129,9,5,3,5,19,810,2
0,0,1,1,0,0,1,0,0,1,7832,21,3,3,14,10,1220,1
0,0,1,1,0,0,1,0,0,1,22270,1,3,4,8,16,490,1
0,0,1,1,0,1,0,0,1,0,11467,1,5,2,17,9,1005,1
0,0,0,1,1,0,1,1,1,0,4392,9,5,3,19,20,90,0
0,1,0,0,0,1,0,0,1,0,4491,6,5,0,17,19,150,0
0,0,1,1,0,1,0,0,1,0,9663,18,5,5,21,9,730,1
0,0,0,1,0,1,1,0,1,1,5883,27,6,3,18,1,415,1
0,0,1,0,0,1,1,0,1,1,14777,3,3,6,19,7,760,1
1,0,0,0,0,1,0,0,1,0,5162,21,5,1,6,10,220,1
0,0,0,1,0,1,0,0,1,0,4804,1,6,5,21,0,160,0
0,0,1,1,0,1,0,0,1,0,8529,12,6,2,14,12,1315,1
0,0,1,1,0,1,0,0,1,0,10844,9,6,6,6,16,590,1
0,1,0,0,0,1,0,0,1,0,3873,9,4,1,6,9,155,0
0,0,0,1,0,1,0,0,1,0,4804,12,6,2,9,12,165,0
0,0,1,1,1,0,1,1,1,0,5678,12,5,6,2,4,85,0
0,0,1,1,0,1,0,0,1,0,12681,1,4,0,6,18,705,1
0,0,1,1,0,0,1,0,0,1,9623,15,3,4,5,12,390,1
0,1,0,1,0,1,1,0,1,1,15147,3,3,6,8,21,725,1
0,1,1,1,0,1,0,0,1,0,9345,24,5,4,7,23,975,1
0,0,1,1,0,1,0,0,1,0,7757,6,5,0,18,10,910,1
0,0,1,1,0,1,0,0,1,0,10844,12,5,6,16,12,1170,1
0,0,1,0,0,0,1,0,0,1,11948,3,3,6,11,22,2105,2
0,0,1,1,0,1,1,0,1,1,13376,27,6,3,6,12,1790,2
0,0,1,0,0,1,0,0,1,0,6117,15,5,2,19,4,580,1
0,0,0,1,0,1,1,0,1,1,6171,6,3,2,4,16,675,1
0,0,1,1,0,1,0,0,1,0,13626,12,6,2,14,19,345,1
0,0,1,1,0,0,1,0,0,1,17471,6,3,2,21,19,1305,1
0,1,0,1,0,1,1,0,1,1,7531,21,3,3,10,19,535,1
0,0,1,1,0,1,1,0,1,1,12373,9,5,3,15,4,805,1
0,0,1,1,0,1,1,0,1,1,16289,27,5,0,7,12,330,1
0,0,0,1,0,0,1,0,0,1,4777,24,3,6,10,13,170,0
0,0,1,1,0,0,1,1,0,1,5198,21,4,6,8,11,180,0
0,0,1,1,0,1,0,0,1,0,10844,6,6,3,14,23,570,1
0,0,1,0,0,0,1,1,0,1,7171,18,5,5,17,19,165,0
0,0,1,0,0,1,1,0,1,1,11942,27,6,3,18,19,1470,2
0,0,0,1,0,0,1,1,0,1,4423,27,4,5,10,13,170,0
0,1,1,1,0,1,1,0,1,1,5586,18,3,0,14,17,175,0
0,0,1,1,0,1,0,0,1,0,11134,24,3,6,16,12,1145,1
1,0,0,0,0,0,1,0,0,1,4284,24,3,6,5,8,170,0
0,0,1,0,0,1,0,0,1,0,6245,1,5,2,14,16,150,0
0,1,0,0,0,0,1,0,0,1,10341,15,3,4,10,18,475,1
0,1,0,0,0,0,1,0,0,1,6860,3,3,6,5,8,170,0
0,0,1,0,1,0,1,1,1,0,2050,3,4,2,19,20,75,0
0,1,0,1,0,1,1,0,1,1,5797,24,6,0,17,1,465,1
0,0,0,1,0,0,1,0,0,1,7648,9,3,5,8,11,180,0
0,0,1,0,0,0,1,0,0,1,8851,15,3,4,21,23,165,0
0,0,1,0,0,1,0,0,1,0,13007,6,6,3,10,5,1165,2
0,0,1,1,0,1,0,0,1,0,13067,24,5,4,9,9,1450,1
0,0,0,1,0,0,1,0,0,1,4049,18,3,0,16,21,295,1
0,0,1,1,0,1,0,0,1,0,12692,12,6,2,17,18,1500,1
0,0,1,0,1,0,0,1,0,0,4667,9,5,3,11,13,135,0
0,1,0,1,0,1,1,0,1,1,8938,3,3,6,7,21,850,2
0,0,0,1,0,1,1,0,1,1,10208,21,3,3,7,15,480,1
0,1,0,1,0,1,1,0,1,1,7354,3,6,0,11,19,470,1
0,0,1,0,0,0,1,1,0,1,5438,21,4,6,17,19,165,0
1,0,0,0,0,1,0,0,1,0,4107,24,5,4,22,1,150,0
0,0,1,1,0,1,0,0,1,0,11134,24,3,6,19,12,975,1
0,0,1,1,0,1,1,0,1,1,10262,15,6,5,20,12,940,1
0,0,1,0,0,1,0,0,1,0,14083,24,5,4,7,1,1100,2
0,1,1,1,0,1,0,0,1,0,9345,9,6,6,7,23,975,1
0,0,1,1,0,1,1,0,1,1,12373,9,5,3,17,12,1145,1
0,1,0,1,0,1,1,0,1,1,10196,15,6,5,16,1,570,1
0,0,0,1,0,1,1,0,1,1,5947,15,4,0,16,21,300,1
0,0,1,1,0,1,0,0,1,0,13044,12,6,2,14,9,1155,1
0,0,1,1,0,1,0,0,1,0,9663,18,5,5,5,9,1655,1
0,0,1,1,0,0,1,0,0,1,27992,1,3,4,5,20,875,1
0,0,0,1,0,1,0,0,1,0,7476,24,3,6,15,19,280,1
0,0,1,0,0,1,0,0,1,0,10413,9,6,6,7,20,805,1
0,1,0,1,0,1,1,0,1,1,10261,1,6,5,11,19,455,1
0,0,1,1,0,1,0,0,1,0,14151,6,6,3,9,23,840,1
0,0,1,0,0,0,1,1,0,1,5176,6,4,5,6,8,165,0
0,0,1,1,0,1,1,0,1,1,14714,6,6,3,10,4,1105,1
0,0,1,1,0,1,0,0,1,0,9314,15,5,2,17,14,1285,1
0,0,1,1,0,1,1,0,1,1,14714,24,6,0,21,4,395,1
0,1,0,1,0,1,1,0,1,1,12192,6,6,3,8,19,660,1
0,1,0,0,1,0,1,1,1,0,1759,3,4,2,22,0,90,0
0,0,0,1,0,1,1,0,1,1,4744,27,3,2,2,7,320,1
0,0,1,1,0,0,1,1,0,1,7229,21,5,1,19,22,180,0
0,0,1,1,0,1,1,0,1,1,15029,9,3,5,0,4,1685,1
0,0,0,1,0,1,0,0,1,0,4462,15,3,4,20,23,160,0
0,1,0,0,1,0,0,1,0,0,6300,12,3,1,8,10,135,0
0,0,1,0,1,0,1,1,1,0,2575,21,3,3,19,20,75,0
0,0,1,1,0,0,1,0,0,1,11087,12,3,1,18,19,1455,1
0,1,0,1,0,1,1,0,1,1,6305,27,3,2,4,13,560,1
0,1,1,1,0,0,1,0,0,1,8290,9,3,5,19,22,160,0
0,0,1,1,0,0,1,1,0,1,5769,18,6,1,7,10,180,0
0,0,0,1,0,0,1,1,0,1,4990,12,4,4,21,0,180,0
1,0,0,0,0,0,1,0,0,1,6135,3,3,6,23,2,165,0
0,0,0,1,0,1,1,0,1,1,5733,27,3,2,2,7,345,1
0,1,0,1,0,1,1,0,1,1,7670,15,5,2,6,21,900,1
0,0,1,1,0,1,1,0,1,1,12819,27,6,3,19,19,1430,2
0,0,0,1,0,0,1,1,0,1,4823,3,5,4,20,22,170,0
0,0,0,1,0,1,1,0,1,1,6979,9,5,3,4,21,965,1
0,0,1,0,0,1,0,0,1,0,10493,24,3,6,9,18,545,1
0,0,1,0,0,1,1,0,1,1,16111,9,3,5,20,19,1395,2
0,0,1,0,0,1,1,0,1,1,10651,9,6,6,22,19,1275,2
0,0,0,1,0,1,1,0,1,1,6600,27,5,0,5,16,665,1
0,0,1,1,0,1,1,0,1,1,10919,12,6,2,14,12,1320,2
0,0,0,1,0,1,0,0,1,0,5198,21,3,3,10,12,165,0
0,0,1,0,0,0,1,0,0,1,12778,12,3,1,8,16,1890,2
0,0,0,1,1,0,1,1,1,0,2754,27,3,2,19,20,85,0
0,0,0,1,0,1,1,0,1,1,7255,9,5,3,20,1,305,1
0,1,0,1,0,1,1,0,1,1,14486,21,3,3,7,13,375,1
0,1,1,0,0,1,1,0,1,1,6591,21,4,6,7,12,355,1
0,1,0,0,0,0,1,1,0,1,3573,21,5,1,21,0,175,0
0,0,1,1,0,1,1,0,1,1,10262,1,6,5,15,12,1295,1
0,0,1,1,0,1,0,0,1,0,14388,15,5,2,18,10,910,1
0,0,1,1,0,1,1,0,1,1,14714,3,6,0,17,19,1530,1
0,0,1,1,0,1,1,0,1,1,10368,12,6,2,19,12,1025,2
0,1,0,0,1,0,0,1,0,0,3384,21,3,3,9,12,155,0
0,0,1,0,0,1,0,0,1,0,7742,24,3,6,12,13,1540,1
0,0,0,1,0,1,1,0,1,1,6386,9,6,6,2,7,345,1
0,0,1,1,0,0,1,1,0,1,7229,6,6,3,18,22,185,0
0,0,1,0,0,1,0,0,1,0,8891,6,5,0,9,18,545,1
0,1,0,1,0,1,1,0,1,1,13587,1,6,5,13,21,480,1
0,0,0,1,0,1,1,0,1,1,8227,27,3,2,7,13,350,1
0,0,1,0,0,1,0,0,1,0,12125,1,4,0,9,23,805,2
0,1,0,0,0,1,0,0,1,0,3873,15,6,5,22,0,140,0
0,1,0,1,0,1,1,0,1,1,13377,12,6,2,16,1,570,1
0,0,1,1,0,1,0,0,1,0,10953,12,5,6,20,23,1630,1
0,1,0,0,0,1,0,0,1,0,4622,9,3,5,6,9,160,0
0,0,1,1,0,1,0,0,1,0,14231,24,3,6,13,10,1210,1
0,0,1,1,0,1,1,0,1,1,10262,24,6,0,21,19,1270,1
0,0,0,1,0,0,1,1,0,1,3943,15,4,0,22,1,170,0
0,1,1,1,0,1,0,0,1,0,8610,12,5,6,20,20,1440,1
0,1,0,1,0,1,1,0,1,1,6717,21,3,3,7,22,915,1
0,1,0,1,0,1,1,0,1,1,10877,24,6,0,8,19,630,1
0,0,0,1,0,1,0,0,1,0,4775,1,5,2,15,20,290,1
0,0,1,1,0,1,0,0,1,0,14571,9,6,6,16,22,365,1
0,1,0,0,0,0,1,0,0,1,6205,24,3,6,9,12,175,0
0,0,1,1,0,1,0,0,1,0,14151,18,5,5,20,18,1295,1
0,1,0,1,0,1,1,0,1,1,6637,27,3,2,11,21,560,1
0,0,1,0,0,0,1,0,0,1,12074,3,3,6,7,10,1640,2
0,0,0,1,0,1,0,0,1,0,4804,21,6,4,11,14,155,0
0,0,0,1,0,1,0,0,1,0,7252,6,5,0,21,2,315,1
0,0,0,1,0,1,1,0,1,1,6069,3,6,0,7,12,275,1
0,0,1,1,0,1,1,0,1,1,15554,9,5,3,11,19,450,1
0,0,0,1,1,0,0,1,0,0,3850,18,5,5,15,18,165,0
0,0,1,0,0,1,1,0,1,1,12940,18,5,5,18,19,1470,2
0,1,0,0,0,1,0,0,1,0,8844,1,5,2,11,18,435,1
0,0,1,1,0,1,1,0,1,1,15190,12,6,2,7,19,715,1
0,0,1,1,0,0,1,0,0,1,9134,15,3,4,8,16,490,1
0,0,1,1,0,1,1,0,1,1,11822,9,4,1,20,12,940,1
0,1,0,1,0,1,1,0,1,1,15078,9,5,3,15,1,630,1
0,1,0,0,1,0,1,1,1,0,11005,1,3,4,22,0,85,0
0,0,0,1,0,1,1,0,1,1,7006,21,3,3,15,1,635,1
0,0,0,1,0,0,1,0,0,1,4259,9,3,5,16,21,295,1
0,0,1,0,0,1,1,0,1,1,11762,9,3,5,21,19,1305,2
0,0,1,1,0,0,1,0,0,1,8147,24,3,6,8,9,1445,1
0,1,0,0,0,1,0,0,1,0,3841,27,5,0,6,9,155,0
0,0,0,1,0,1,0,0,1,0,4174,3,4,2,17,19,155,0
0,0,1,1,0,1,1,0,1,1,12898,27,5,0,17,4,655,1
0,1,0,0,0,1,1,0,1,1,5583,6,6,3,15,22,380,1
0,0,1,1,0,1,1,0,1,1,10262,6,6,3,11,19,450,1
0,0,1,1,0,0,1,1,0,1,7229,6,5,0,6,8,165,0
0,1,1,1,0,0,1,1,0,1,4668,9,6,6,21,23,170,0
0,0,0,1,0,0,1,1,0,1,4990,18,4,3,18,21,175,0
0,0,0,1,0,1,0,0,1,0,6985,24,3,6,22,0,165,0
0,0,0,1,0,0,1,1,0,1,4823,3,4,2,16,19,180,0
0,1,1,1,0,1,0,0,1,0,9345,18,5,5,7,18,700,1
0,0,1,1,0,1,0,0,1,0,10844,15,5,2,14,16,1575,1
0,0,1,1,0,1,1,0,1,1,14657,9,5,3,9,12,1620,2
0,0,0,1,0,1,1,0,1,1,6818,3,6,0,5,16,665,1
0,0,1,0,0,1,1,0,1,1,11543,15,5,2,5,7,1545,2
0,1,0,0,1,0,1,1,1,0,2175,24,3,6,22,0,85,0
0,0,1,1,0,1,0,0,1,0,10844,6,6,3,18,16,1285,1
0,0,1,1,1,0,1,1,1,0,8040,1,4,0,7,8,85,0
0,0,1,1,0,1,0,0,1,0,14571,6,6,3,8,20,740,1
0,0,1,1,0,1,0,0,1,0,14571,9,6,6,6,12,330,1
0,0,1,1,0,1,1,0,1,1,12898,21,5,1,16,12,1235,1
0,1,0,1,0,1,1,0,1,1,14848,12,6,2,10,19,555,1
0,1,0,1,0,1,1,0,1,1,8283,18,5,5,19,1,390,1
0,0,1,1,0,0,1,1,0,1,7229,21,4,6,15,18,175,0
0,1,0,1,0,1,1,0,1,1,8405,18,5,5,11,1,830,1
0,0,1,1,0,1,1,0,1,1,19266,3,3,6,5,4,1365,2
0,0,1,0,0,1,1,0,1,1,11038,6,3,2,17,8,875,1
0,0,1,1,0,0,1,1,0,1,8016,12,6,2,18,22,185,0
0,1,0,0,1,0,0,1,0,0,3384,21,3,3,17,20,140,0
0,0,0,1,0,1,1,0,1,1,6573,9,4,1,18,1,415,1
0,0,1,1,0,1,1,0,1,1,15129,21,5,1,9,4,1125,2
0,0,0,1,0,0,1,1,0,1,3943,27,6,3,23,2,170,0
0,0,1,1,0,0,1,0,0,1,7832,24,3,6,22,12,805,1
0,0,0,1,0,0,1,0,0,1,6860,24,3,6,7,10,175,0
0,0,0,1,0,0,1,1,0,1,4823,12,5,6,18,21,175,0
0,0,1,0,0,0,1,1,0,1,5228,6,5,0,17,19,165,0
0,0,1,1,0,1,0,0,1,0,13364,1,4,0,14,19,345,1
0,0,1,1,0,0,1,0,0,1,13555,18,3,0,16,7,885,1
0,0,0,1,1,0,0,1,0,0,5277,6,3,2,22,0,140,0
0,0,1,0,0,1,0,0,1,0,13243,12,5,6,7,1,1100,2
0,1,0,1,0,1,1,0,1,1,9794,9,5,3,6,19,780,1
0,0,1,1,0,0,1,1,0,1,8016,6,6,3,6,8,165,0
0,1,0,1,0,1,1,0,1,1,13377,1,6,5,17,1,480,1
0,0,1,1,0,1,0,0,1,0,12692,9,6,6,17,22,1745,1
0,0,1,0,0,1,0,0,1,0,10697,6,6,3,8,18,610,2
0,1,0,0,1,0,0,1,0,0,3384,27,3,2,9,12,155,0
0,0,0,1,0,1,1,0,1,1,6734,9,5,3,6,22,940,1
0,0,1,1,0,1,0,0,1,0,10844,6,6,3,20,9,800,1
0,0,1,0,0,0,1,1,0,1,5228,24,5,4,21,23,170,0
0,0,1,0,0,1,0,0,1,0,8891,24,5,4,9,11,1545,1
0,0,0,1,1,0,0,1,0,0,3384,27,3,2,7,10,140,0
0,1,0,1,0,1,1,0,1,1,17057,3,3,6,8,21,780,1
0,0,0,1,0,1,0,0,1,0,3480,3,4,2,19,23,265,1
0,1,0,0,0,0,1,1,0,1,4423,3,5,4,9,12,170,0
0,0,1,1,0,1,0,0,1,0,14178,9,6,6,6,4,1330,1
0,1,0,0,0,1,1,0,1,1,4760,24,6,0,8,13,270,1
0,0,1,1,0,1,0,0,1,0,14151,1,4,0,20,9,800,1
0,0,1,1,0,1,0,0,1,0,12681,1,4,0,20,16,1220,1
0,0,1,1,0,1,1,0,1,1,4886,3,4,2,11,14,195,0
1,0,0,0,0,1,0,0,1,0,3807,21,6,4,10,12,155,0
0,0,0,1,0,1,0,0,1,0,4804,18,5,5,4,7,155,0
0,0,0,1,0,0,1,0,0,1,5694,9,3,5,7,12,290,1
0,1,0,1,0,1,1,0,1,1,10197,24,5,4,9,19,600,1
0,0,0,1,0,0,1,1,0,1,4077,15,6,5,23,2,170,0
0,0,1,1,0,1,0,0,1,0,14781,1,5,2,6,18,705,1
0,0,0,1,0,1,0,0,1,0,5224,9,5,3,11,14,155,0
0,0,0,1,0,1,0,0,1,0,4804,24,4,2,21,0,160,0
0,0,1,1,0,1,0,0,1,0,8586,21,5,1,6,4,1330,1
0,0,1,0,0,1,0,0,1,0,7662,21,5,1,12,13,1515,1
0,0,1,1,0,1,1,0,1,1,18550,3,3,6,9,18,535,1
0,1,1,1,0,1,0,0,1,0,8610,12,6,2,17,23,385,1
0,0,1,1,0,0,1,1,0,1,7229,1,5,2,7,10,180,0
0,0,1,0,0,1,0,0,1,0,12009,6,6,3,10,5,1165,2
0,0,1,1,0,1,0,0,1,0,14151,18,5,5,17,21,1685,1
0,0,1,0,0,1,1,0,1,1,4729,9,4,1,5,8,170,0
0,0,1,0,0,1,1,0,1,1,7931,3,3,6,5,8,170,0
0,0,1,1,0,1,1,0,1,1,12898,21,5,1,11,12,1505,1
0,0,1,1,0,1,1,0,1,1,16289,9,3,5,6,4,1295,1
0,0,1,1,0,1,1,0,1,1,13292,3,6,0,21,19,1295,2
0,1,0,1,0,1,1,0,1,1,7618,27,5,0,8,21,780,1
0,1,0,1,0,1,1,0,1,1,13377,15,6,5,18,1,435,1
1,0,0,0,0,1,0,0,1,0,5192,12,6,2,7,23,955,1
0,1,0,1,0,1,1,0,1,1,7268,24,6,0,11,19,455,1
0,0,1,1,0,1,0,0,1,0,12384,24,5,4,20,9,800,1
0,0,0,1,0,0,1,0,0,1,5694,15,3,4,4,6,170,0
0,0,1,1,0,0,1,0,0,1,16338,18,3,0,8,15,420,2
0,1,0,1,0,1,1,0,1,1,7198,6,6,3,13,1,750,1
0,0,1,1,0,1,1,0,1,1,6540,21,3,3,8,18,650,1
0,0,1,1,1,0,1,1,1,0,3210,3,6,0,19,21,90,0
0,1,0,0,0,1,0,0,1,0,3873,18,6,1,6,9,155,0
1,0,0,0,0,0,1,1,0,1,4483,21,4,6,11,13,165,0
1,0,0,0,0,1,1,0,1,1,6752,15,5,2,16,22,340,1
0,0,0,1,0,0,1,1,0,1,4823,12,4,4,7,10,175,0
0,0,1,0,0,1,0,0,1,0,10203,6,5,0,20,8,745,1
0,1,0,0,0,1,0,0,1,0,3873,18,5,5,22,0,140,0
0,1,0,0,1,0,1,1,1,0,2017,27,3,2,13,14,80,0
0,0,1,1,0,1,0,0,1,0,8586,6,6,3,8,4,1215,1
0,0,1,1,0,0,1,0,0,1,31825,1,3,4,22,10,695,1
0,0,1,1,0,1,1,0,1,1,10262,6,6,3,2,4,1570,1
0,0,0,1,0,1,1,0,1,1,6593,1,6,5,20,1,305,1
0,1,0,0,0,0,1,1,0,1,3971,24,6,0,21,0,175,0
0,0,1,1,0,1,1,0,1,1,16289,9,3,5,19,18,1415,1
0,0,1,1,0,1,0,0,1,0,9314,1,5,2,9,9,1450,1
0,0,1,1,0,0,1,1,0,1,4030,21,5,1,17,20,180,0
0,1,0,1,0,1,1,0,1,1,13587,12,6,2,14,21,420,1
0,0,1,1,0,1,0,0,1,0,9314,1,5,2,20,18,1295,1
1,0,0,0,0,1,1,0,1,1,6253,15,6,5,20,7,625,1
1,0,0,0,0,1,0,0,1,0,5192,15,4,0,7,23,955,1
0,0,1,0,0,1,0,0,1,0,16372,1,5,2,9,13,1700,2
0,1,1,1,0,0,1,1,0,1,5403,24,4,2,11,14,170,0
0,1,0,1,0,1,1,0,1,1,11200,27,3,2,11,18,440,1
0,0,0,1,1,0,0,1,0,0,3858,12,6,2,11,14,145,0
0,0,0,1,0,1,0,0,1,0,4174,6,4,5,15,18,155,0
0,0,1,0,0,1,1,0,1,1,5411,27,4,5,18,21,185,0
0,0,0,1,1,0,1,1,1,0,3175,15,5,2,16,18,90,0
0,0,0,1,1,0,0,1,0,0,3858,24,5,4,14,17,140,0
0,0,1,1,0,1,0,0,1,0,13941,1,5,2,20,4,520,1
0,0,1,0,0,1,1,0,1,1,12182,15,6,5,13,19,1800,2
0,0,0,1,0,0,1,1,0,1,4990,21,6,4,16,19,180,0
0,0,1,1,0,1,0,0,1,0,10539,9,6,6,20,22,1540,1
0,0,0,1,0,0,1,0,0,1,6860,9,3,5,10,13,175,0
0,1,1,1,0,1,1,0,1,1,8001,6,3,2,14,17,175,0
0,0,1,1,0,1,1,0,1,1,10262,27,6,3,22,19,1210,1
0,1,1,1,0,1,0,0,1,0,8085,6,5,0,17,23,385,1
0,0,0,1,0,0,1,1,0,1,3419,27,6,3,0,3,170,0
0,0,0,1,0,1,0,0,1,0,6565,24,3,6,17,20,165,0
0,0,1,1,0,1,1,0,1,1,9254,27,3,2,5,18,805,2
1,0,0,0,0,1,0,0,1,0,6857,6,6,3,6,10,220,1
0,0,1,0,0,1,0,0,1,0,12140,12,5,6,7,1,1100,2
0,1,0,0,0,1,0,0,1,0,3841,6,6,3,9,11,145,0
0,0,1,1,0,1,0,0,1,0,14781,6,5,0,8,19,685,1
0,0,1,0,0,1,1,0,1,1,8372,18,5,5,10,7,1300,1
0,0,1,0,0,1,0,0,1,0,8607,1,4,0,16,23,1830,3
0,1,0,1,0,1,1,0,1,1,13587,24,6,0,10,21,660,1
0,0,1,1,0,1,1,0,1,1,15554,18,5,5,20,4,450,1
0,0,1,1,0,1,0,0,1,0,10844,21,5,1,21,19,1360,1
0,0,0,1,1,0,1,1,1,0,4392,24,5,4,12,13,90,0
0,0,1,0,0,0,1,1,0,1,6961,27,5,0,17,19,165,0
0,0,1,0,0,1,1,0,1,1,8907,18,5,5,9,23,795,1
0,0,0,1,0,1,1,0,1,1,6442,15,6,5,8,22,835,1
0,0,1,1,0,1,0,0,1,0,8586,15,5,2,14,23,570,1
0,0,1,0,0,1,1,0,1,1,13486,15,5,2,12,19,1820,2
0,0,1,0,1,0,1,1,1,0,3100,6,6,3,19,20,75,0
0,0,1,1,0,1,1,0,1,1,15812,6,3,2,17,4,2070,2
0,0,1,0,0,1,1,0,1,1,5201,24,4,2,18,21,185,0
0,0,0,1,0,1,1,0,1,1,9413,3,3,6,7,21,825,2
0,0,1,0,0,1,1,0,1,1,13591,6,6,3,20,19,1380,2
0,0,1,1,1,0,1,1,1,0,5678,1,6,5,2,4,85,0
0,0,1,0,0,0,1,0,0,1,6781,3,3,6,8,23,895,1
0,0,1,1,0,0,1,0,0,1,7832,21,3,3,18,11,1005,1
0,0,1,1,0,1,1,0,1,1,14053,9,3,5,16,18,1610,1
0,0,1,1,0,1,0,0,1,0,10703,9,5,3,20,9,800,1
0,1,0,1,0,1,1,0,1,1,13727,15,5,2,17,1,480,1
0,1,0,1,0,1,1,0,1,1,7408,24,6,0,13,21,480,1
0,0,1,1,0,0,1,0,0,1,20800,1,3,4,14,11,1280,1
0,0,1,0,0,1,1,0,1,1,11911,3,6,0,13,7,1100,2
0,1,1,1,0,0,1,1,0,1,5403,3,4,2,7,9,160,0
0,0,1,1,0,1,0,0,1,0,13469,6,6,3,9,19,575,1
0,0,1,1,0,1,1,0,1,1,11270,6,6,3,21,12,910,2
1,0,0,0,0,1,1,0,1,1,6152,24,6,0,20,6,590,1
0,0,1,1,0,1,1,0,1,1,12452,27,3,2,8,4,1225,1
0,0,1,1,0,1,0,0,1,0,10844,15,5,2,16,16,1430,1
0,0,0,1,0,1,1,0,1,1,8216,18,5,5,11,22,635,1
0,0,1,1,0,1,0,0,1,0,13626,12,6,2,6,19,800,1
0,1,0,1,0,1,1,0,1,1,7084,6,3,2,7,21,855,2
0,1,0,1,0,1,1,0,1,1,7575,9,5,3,4,19,860,1
0,0,1,0,0,0,1,0,0,1,6781,3,3,6,8,8,1475,1
0,0,1,1,0,0,1,1,0,1,6478,6,6,3,7,10,180,0
0,1,0,0,1,0,1,1,1,0,2385,15,3,4,5,7,80,0
0,1,0,1,0,1,1,0,1,1,9385,18,5,5,13,21,480,1
0,1,1,0,0,0,1,1,0,1,5048,18,4,3,7,10,175,0
0,0,0,1,0,1,1,0,1,1,5058,12,6,2,20,1,305,1
1,0,1,1,0,1,1,0,1,1,11269,21,3,3,6,13,440,1
0,1,0,1,0,1,1,0,1,1,7363,9,4,1,19,1,390,1
0,0,1,1,0,1,1,0,1,1,15764,6,3,2,15,4,800,1
0,0,1,1,0,1,1,0,1,1,10262,12,6,2,10,4,1105,1
0,0,1,1,0,1,1,0,1,1,10919,3,6,0,14,12,1320,2
0,0,1,1,0,1,1,0,1,1,10262,15,6,5,17,19,1530,1
0,0,1,0,0,1,0,0,1,0,11883,6,5,0,5,23,1045,2
0,1,0,0,0,1,0,0,1,0,3847,21,3,3,22,0,140,0
0,0,1,1,1,0,1,1,1,0,5678,12,6,2,19,21,90,0
0,1,1,1,0,1,0,0,1,0,8662,12,5,6,7,22,930,1
0,0,1,1,0,1,1,0,1,1,12898,27,5,0,14,4,865,1
0,1,0,0,0,0,1,1,0,1,4423,12,5,6,21,0,175,0
0,0,1,0,0,1,1,0,1,1,8991,12,6,2,17,8,875,1
0,1,0,0,0,1,1,0,1,1,5409,15,5,2,17,22,295,1
0,0,0,1,0,1,1,0,1,1,6442,27,4,5,8,16,455,1
0,0,1,0,0,1,0,0,1,0,9941,24,5,4,12,21,590,2
0,0,0,1,0,1,1,0,1,1,6494,21,3,3,6,21,880,2
0,1,0,1,0,1,1,0,1,1,7198,24,6,0,17,1,510,1
0,1,0,0,0,0,1,0,0,1,7110,9,3,5,5,8,170,0
0,0,1,1,0,0,1,0,0,1,11087,12,3,1,18,9,875,1
0,0,0,1,0,1,0,0,1,0,4804,9,5,3,20,22,155,0
0,0,0,1,0,0,1,1,0,1,4823,15,6,5,7,10,175,0
0,0,1,1,0,1,0,0,1,0,14151,12,5,6,9,19,575,1
0,1,0,1,0,1,1,0,1,1,10791,27,6,3,6,19,780,1
0,1,1,1,0,1,0,0,1,0,7980,1,4,0,7,9,1555,1
0,0,1,0,0,1,1,0,1,1,6587,27,4,5,5,6,1535,1
0,1,1,1,1,0,0,1,0,0,3687,6,5,0,7,9,135,0
0,0,1,0,0,1,1,0,1,1,13307,15,5,2,18,19,1470,2
0,0,1,0,1,0,1,1,1,0,2050,24,3,6,15,16,85,0
0,1,0,1,0,1,1,0,1,1,10197,9,5,3,9,19,600,1
0,1,1,1,0,0,1,1,0,1,4668,24,6,0,21,23,170,0
0,0,0,1,0,0,1,1,0,1,4990,24,5,4,13,15,170,0
0,0,0,1,1,0,1,1,1,0,4049,24,5,4,6,7,90,0
0,1,0,1,0,1,1,0,1,1,7933,15,6,5,9,21,720,1
0,0,0,1,1,0,1,1,1,0,4049,6,5,0,9,10,90,0
0,0,1,1,0,1,1,0,1,1,6645,27,3,2,7,4,1280,1
0,0,1,1,1,0,1,1,1,0,8040,18,6,1,8,10,90,0
0,1,0,1,0,1,1,0,1,1,8098,21,3,3,13,1,755,1
0,0,1,1,0,1,1,0,1,1,10262,3,6,0,2,19,1005,1
0,0,1,1,0,0,1,0,0,1,12284,18,3,0,18,7,780,1
0,0,1,1,0,1,1,0,1,1,10262,3,6,0,15,19,1680,1
0,0,0,1,0,0,1,1,0,1,4990,12,4,4,20,22,170,0
0,0,1,0,0,0,1,0,0,1,12568,18,3,0,17,10,1030,2
0,0,1,1,0,1,0,0,1,0,11841,6,5,0,14,23,570,1
0,0,1,1,0,1,1,0,1,1,18371,15,6,5,2,12,620,1
0,1,0,0,0,0,1,0,0,1,23267,1,3,4,10,18,475,1
0,0,1,1,0,1,0,0,1,0,13067,1,5,2,9,23,840,1
0,0,0,1,1,0,0,1,0,0,5277,21,6,4,22,0,140,0
0,0,1,0,0,1,1,0,1,1,13879,27,5,0,17,7,865,2
0,0,0,1,0,1,0,0,1,0,4174,9,4,1,17,19,155,0
0,0,1,0,0,1,1,0,1,1,10178,9,5,3,19,19,1410,2
0,0,1,1,0,1,1,0,1,1,13882,12,6,2,11,4,1000,2
0,1,1,1,0,0,1,1,0,1,4878,21,5,1,19,22,165,0
0,1,1,1,0,0,1,1,0,1,4668,27,6,3,9,12,170,0
0,0,1,1,0,1,0,0,1,0,10844,21,5,1,20,22,1595,1
0,1,0,1,0,1,1,0,1,1,7005,27,6,3,8,21,735,1
0,0,1,1,0,1,1,0,1,1,12898,21,5,1,2,12,620,1
0,0,1,0,0,1,1,0,1,1,9929,15,6,5,3,19,925,1
0,0,1,1,0,1,1,0,1,1,14714,1,6,5,10,19,540,1
0,0,1,0,0,1,1,0,1,1,6094,21,4,6,5,8,170,0
0,0,1,1,0,0,1,0,0,1,16736,6,3,2,11,23,680,1
0,0,1,1,0,0,1,1,0,1,7229,3,4,2,11,14,175,0
0,1,0,1,0,1,1,0,1,1,8882,18,5,5,4,12,460,1
0,1,0,1,0,1,1,0,1,1,10197,9,5,3,8,19,660,1
0,0,0,1,0,1,0,0,1,0,4804,12,5,6,20,22,155,0
0,0,0,1,0,1,1,0,1,1,13628,3,3,6,7,13,350,1
0,1,1,1,0,1,1,0,1,1,6216,27,5,0,14,17,190,0
0,0,1,0,0,1,1,0,1,1,7480,21,5,1,5,6,1535,1
0,0,1,0,0,1,0,0,1,0,11936,12,6,2,10,16,375,1
0,1,0,0,1,0,0,1,0,0,3859,18,3,0,8,10,135,0
0,0,1,1,0,1,0,0,1,0,8586,12,5,6,20,10,845,1
0,1,1,1,0,0,1,0,0,1,21730,1,3,4,21,0,175,0
0,0,0,1,0,1,1,0,1,1,6628,1,6,5,17,1,500,1
0,0,1,0,0,1,0,0,1,0,10151,1,5,2,12,7,1195,2
0,0,1,1,0,1,0,0,1,0,11467,21,5,1,17,14,1285,1
0,0,0,1,0,1,1,0,1,1,7010,15,6,5,5,10,295,1
0,0,1,1,0,0,1,1,0,1,7229,3,4,2,17,20,180,0
0,0,0,1,0,0,1,0,0,1,8033,9,3,5,13,16,180,0
0,0,1,1,0,0,1,1,0,1,7229,18,5,5,11,14,175,0
0,0,0,1,0,1,0,0,1,0,6911,9,6,6,21,2,315,1
0,0,1,1,0,1,1,0,1,1,14300,27,6,3,20,19,1380,2
0,0,1,0,0,1,0,0,1,0,13033,9,6,6,7,1,1100,2
0,0,0,1,0,0,1,1,0,1,3943,24,5,4,4,6,170,0
0,1,0,0,0,0,1,0,0,1,6205,9,3,5,9,12,175,0
0,0,0,1,0,1,1,0,1,1,14871,6,3,2,11,21,570,1
0,0,1,1,1,0,1,1,1,0,5678,18,5,5,2,4,85,0
0,1,0,1,0,1,1,0,1,1,16108,1,6,5,11,19,465,1
0,0,1,1,0,0,1,0,0,1,17261,6,3,2,20,9,775,1
0,1,0,0,0,0,1,1,0,1,3311,12,5,6,5,8,160,0
0,0,0,1,0,1,0,0,1,0,4174,12,4,4,11,14,155,0
0,0,0,1,0,0,1,1,0,1,4823,9,6,6,16,19,170,0
0,0,1,0,0,0,1,0,0,1,8425,9,3,5,22,13,920,1
0,0,1,1,0,0,1,1,0,1,7229,15,5,2,11,14,175,0
0,1,1,0,0,1,1,0,1,1,5281,9,6,6,10,19,540,1
0,0,1,1,0,1,1,0,1,1,17549,9,3,5,8,4,1225,1
0,1,0,1,0,1,1,0,1,1,13797,3,6,0,8,21,780,1
0,0,0,1,0,0,1,1,0,1,4823,12,4,4,8,11,170,0
0,0,1,0,0,1,1,0,1,1,7258,3,6,0,17,9,955,1
0,1,0,1,0,1,1,0,1,1,18192,3,3,6,12,1,765,1
0,0,1,0,0,1,0,0,1,0,13899,1,5,2,10,5,1165,2
0,0,1,1,0,1,0,0,1,0,10844,9,5,3,14,20,400,1
0,0,1,1,0,1,0,0,1,0,14151,12,5,6,9,9,1450,1
0,1,0,1,0,1,1,0,1,1,15147,6,3,2,15,1,620,1
0,1,1,0,0,0,1,1,0,1,3898,15,6,5,7,10,175,0
0,0,0,1,0,1,1,0,1,1,6818,15,5,2,5,16,665,1
0,0,1,1,0,1,0,0,1,0,14781,15,5,2,16,12,1170,1
1,0,0,0,0,1,0,0,1,0,5192,21,5,1,15,23,500,2
0,0,1,1,0,1,1,0,1,1,14441,27,6,3,5,12,425,2
0,0,1,1,0,1,0,0,1,0,14151,24,5,4,20,21,1480,1
0,0,0,1,0,1,0,0,1,0,4226,18,5,5,19,23,220,1
0,0,1,0,0,1,1,0,1,1,13381,27,5,0,20,19,1380,2
0,1,0,1,0,1,1,0,1,1,10678,15,6,5,4,19,845,1
0,0,1,1,0,1,1,0,1,1,12242,27,3,2,11,18,440,1
0,0,1,1,1,0,1,1,1,0,4995,21,6,4,2,4,85,0
0,0,1,1,0,1,1,0,1,1,10262,1,6,5,20,4,450,1
0,1,0,0,0,1,0,0,1,0,3841,15,4,0,22,0,140,0
0,0,1,1,0,1,0,0,1,0,9663,9,5,3,20,12,960,1
0,0,0,1,0,1,0,0,1,0,5224,18,4,3,11,14,155,0
0,1,0,1,0,1,1,0,1,1,14533,18,5,5,7,19,730,1
0,1,0,0,1,0,1,1,1,0,2017,24,5,4,22,0,90,0
0,0,1,1,0,0,1,1,0,1,5769,12,6,2,18,22,185,0
0,1,0,1,0,1,1,0,1,1,11622,21,3,3,10,18,485,1
0,0,0,1,0,0,1,1,0,1,4823,3,4,2,18,21,175,0
0,0,1,1,0,0,1,0,0,1,7832,21,3,3,14,11,1280,1
0,1,0,1,0,1,1,0,1,1,9001,24,6,0,7,19,705,1
0,0,0,1,1,0,1,1,1,0,2754,27,6,3,12,13,90,0
0,0,1,1,0,0,1,1,0,1,7229,24,5,4,7,10,180,0
0,0,0,1,0,1,1,0,1,1,6937,9,3,5,21,1,280,1
0,0,1,0,0,1,0,0,1,0,13033,6,6,3,10,1,920,2
0,1,0,0,0,0,1,1,0,1,3625,3,5,4,5,8,160,0
0,0,1,1,0,1,1,0,1,1,13292,27,6,3,21,19,1295,2
0,0,1,0,0,0,1,0,0,1,12778,12,3,1,8,10,1525,2
0,1,0,0,0,1,0,0,1,0,3841,1,6,5,14,17,150,0
0,0,0,1,1,0,1,1,1,0,2227,18,3,0,21,22,85,0
0,1,0,0,0,1,0,0,1,0,6171,9,5,3,8,17,520,1
0,0,1,0,0,1,0,0,1,0,10676,12,5,6,12,7,1195,2
0,0,1,1,0,1,1,0,1,1,13014,24,6,0,19,12,1025,2
0,0,0,1,1,0,1,1,1,0,2754,18,3,0,2,4,90,0
0,0,1,0,0,1,1,0,1,1,8367,27,3,2,17,7,865,2
0,0,1,1,0,1,1,0,1,1,5177,3,4,2,2,4,1570,1
0,1,0,0,0,1,0,0,1,0,4174,18,4,3,17,19,150,0
0,1,0,1,0,1,1,0,1,1,9794,15,5,2,8,19,615,1
0,1,0,1,0,1,1,0,1,1,10486,27,5,0,9,16,385,1
0,1,0,1,0,1,1,0,1,1,15058,21,5,1,8,19,675,1
0,0,0,1,0,1,0,0,1,0,4804,27,4,5,22,0,155,0
0,0,1,1,0,1,1,0,1,1,17024,6,3,2,16,19,1665,1
0,1,1,0,0,1,0,0,1,0,8855,12,5,6,16,0,455,1
0,0,1,0,0,1,1,0,1,1,8372,9,6,6,21,7,640,1
0,0,1,1,1,0,1,1,1,0,4050,24,6,0,2,4,85,0
0,0,1,1,0,0,1,1,0,1,7229,12,5,6,11,14,175,0
0,1,0,0,1,0,1,1,1,0,2385,18,3,0,5,7,80,0
0,1,1,0,0,0,1,1,0,1,3898,24,6,0,11,14,170,0
0,0,0,1,0,0,1,0,0,1,6860,3,3,6,1,4,165,0
0,1,0,0,0,1,1,0,1,1,6749,27,5,0,6,11,315,1
0,0,1,0,0,1,0,0,1,0,15107,21,5,1,14,23,525,2
0,0,1,1,0,1,1,0,1,1,10368,15,6,5,9,4,1125,2
0,0,1,1,0,0,1,0,0,1,7832,21,3,3,7,21,860,1
0,1,0,0,1,0,1,1,1,0,2385,27,5,0,13,14,90,0
0,0,0,1,0,1,0,0,1,0,4804,24,6,0,14,16,150,0
0,0,1,0,0,1,1,0,1,1,8236,21,3,3,16,19,1595,2
0,0,0,1,0,1,1,0,1,1,6416,27,3,2,11,21,570,1
0,0,1,1,0,1,1,0,1,1,10262,9,6,6,11,19,450,1
0,0,1,1,0,1,1,0,1,1,14714,9,6,6,22,19,1210,1
0,1,0,0,0,1,0,0,1,0,7646,1,4,0,15,21,330,1
0,0,1,0,0,1,1,0,1,1,7480,1,6,5,20,9,765,1
0,1,1,1,1,0,0,1,0,0,11982,27,5,0,17,20,140,0
0,1,0,1,0,1,1,0,1,1,8309,18,5,5,10,19,520,1
0,0,1,1,0,1,1,0,1,1,13344,9,6,6,5,12,425,2
0,0,1,0,0,1,0,0,1,0,4227,1,4,0,19,9,890,1
0,0,1,0,0,1,1,0,1,1,9706,21,3,3,12,7,1180,2
0,1,0,0,1,0,1,1,1,0,2017,6,5,0,13,14,90,0
0,0,0,1,0,1,1,0,1,1,6442,12,6,2,8,22,835,1
0,0,1,1,0,0,1,1,0,1,8016,15,6,5,18,22,185,0
0,0,0,1,0,1,1,0,1,1,5298,1,4,0,6,12,320,1
0,1,1,1,0,0,1,1,0,1,4878,21,5,1,17,19,155,0
0,0,1,1,0,1,1,0,1,1,10262,24,6,0,14,4,865,1
0,0,0,1,0,1,0,0,1,0,4176,12,5,6,4,9,300,1
0,0,0,1,0,1,1,0,1,1,5883,15,6,5,11,1,845,1
0,1,0,1,0,1,1,0,1,1,12717,6,6,3,10,19,540,1
0,0,0,1,1,0,0,1,0,0,3850,12,5,6,7,10,140,0
0,0,0,1,1,0,0,1,0,0,3597,27,5,0,19,21,140,0
0,1,0,0,1,0,1,1,1,0,2175,9,5,3,13,14,90,0
1,0,0,0,0,0,1,1,0,1,7080,12,4,4,23,2,170,0
0,0,1,1,0,1,0,0,1,0,8849,1,4,0,21,8,665,1
0,0,1,1,0,1,0,0,1,0,9899,12,6,2,8,19,685,1
0,1,1,1,0,0,1,1,0,1,4878,15,6,5,7,9,160,0
0,1,0,1,0,1,1,0,1,1,7787,9,5,3,7,19,705,1
0,1,0,0,1,0,0,1,0,0,3597,3,5,4,17,20,140,0
0,1,1,0,0,1,1,0,1,1,5281,1,4,0,10,19,540,1
0,1,1,1,0,1,0,0,1,0,9345,15,5,2,20,18,1350,1
0,0,0,1,0,1,1,0,1,1,6442,24,6,0,11,22,635,1
0,0,0,1,0,1,1,0,1,1,6838,6,6,3,9,21,705,1
0,1,0,0,1,0,0,1,0,0,3597,3,6,0,17,20,140,0
0,1,0,0,1,0,1,1,1,0,3173,21,3,3,5,7,80,0
0,1,0,1,0,1,1,0,1,1,13377,3,6,0,18,1,435,1
0,0,1,1,0,1,0,0,1,0,9314,9,5,3,20,18,1295,1
0,1,0,1,0,1,1,0,1,1,9856,9,3,5,13,22,545,1
0,0,1,0,0,1,1,0,1,1,8372,21,5,1,8,19,675,1
0,0,1,1,0,1,0,0,1,0,7064,1,4,0,18,18,1400,1
0,0,0,1,0,1,0,0,1,0,4804,1,5,2,22,0,155,0
0,0,1,1,0,1,1,0,1,1,13029,27,5,0,5,19,810,2
0,0,0,1,0,1,1,0,1,1,7640,24,5,4,14,22,490,1
0,0,1,1,0,0,1,0,0,1,22270,1,3,4,8,15,435,1
0,0,1,0,0,0,1,1,0,1,4441,1,4,0,21,23,170,0
0,0,1,1,0,1,1,0,1,1,12898,27,5,0,9,4,1165,1
0,0,1,1,0,1,0,0,1,0,7064,1,4,0,18,16,1285,1
0,0,1,1,0,1,0,0,1,0,10844,9,6,6,8,20,740,1
0,1,0,0,0,1,0,0,1,0,4174,9,6,6,9,11,145,0
0,0,1,1,0,1,0,0,1,0,8529,12,6,2,16,20,1695,1
0,0,0,1,0,0,1,1,0,1,3625,21,5,1,22,1,170,0
0,0,0,1,0,0,1,1,0,1,3419,21,5,1,0,3,175,0
0,0,0,1,1,0,0,1,0,0,3850,24,5,4,5,7,145,0
0,0,1,0,0,1,0,0,1,0,12802,24,5,4,16,13,1255,2
0,1,0,0,0,1,1,0,1,1,9748,6,3,2,15,21,360,1
0,0,0,1,0,1,1,0,1,1,6104,3,6,0,17,1,500,1
0,0,0,1,0,0,1,1,0,1,3943,21,6,4,21,0,180,0
0,0,0,1,0,1,1,0,1,1,7514,3,6,0,6,16,560,1
0,0,1,1,0,0,1,0,0,1,18308,6,3,2,19,22,160,0
0,0,1,0,1,0,1,1,1,0,17327,6,3,2,21,16,255,2
0,0,1,0,0,1,1,0,1,1,8892,27,3,2,13,7,1115,2
0,1,0,1,0,1,1,0,1,1,9794,27,5,0,10,19,520,1
0,0,0,1,0,0,1,1,0,1,4423,1,4,0,0,3,175,0
0,0,1,1,0,1,0,0,1,0,10844,24,5,4,20,20,1485,1
0,0,1,1,0,1,1,0,1,1,15554,9,5,3,18,19,1485,1
0,1,1,1,1,0,0,1,0,0,11982,1,5,2,17,20,140,0
0,0,0,1,1,0,1,1,1,0,4049,3,6,0,6,7,90,0
0,0,0,1,0,1,0,0,1,0,5618,24,3,6,14,16,155,0
0,0,1,0,0,1,1,0,1,1,13591,27,6,3,20,19,1380,2
0,1,0,1,0,1,1,0,1,1,9508,27,5,0,10,1,930,1
0,1,0,0,1,0,0,1,0,0,3543,18,6,1,9,12,135,0
0,0,1,1,0,0,1,1,0,1,7229,18,4,3,18,22,185,0
0,1,1,1,0,0,1,1,0,1,4668,18,6,1,11,14,170,0
0,0,1,1,0,1,0,0,1,0,14388,21,5,1,14,10,1200,1
0,0,1,1,0,1,0,0,1,0,10844,15,5,2,18,12,1025,1
0,0,1,0,0,1,1,0,1,1,7690,9,6,6,20,9,765,1
0,0,1,1,0,1,0,0,1,0,13067,21,5,1,9,9,1450,1
0,1,0,0,1,0,1,1,1,0,1965,3,4,2,5,7,90,0
0,0,1,1,0,1,1,0,1,1,16289,9,3,5,16,18,1610,1
0,0,1,0,0,1,0,0,1,0,10203,12,5,6,20,8,745,1
0,0,1,1,0,1,0,0,1,0,15149,6,5,0,14,23,570,1
0,1,1,1,0,1,0,0,1,0,9345,21,5,1,17,23,385,1
0,1,0,0,1,0,1,1,1,0,2017,18,5,5,5,7,90,0
0,1,1,1,0,1,0,0,1,0,9345,15,5,2,7,23,975,1
0,0,1,0,0,1,0,0,1,0,6528,6,5,0,14,15,1485,1
0,1,0,1,0,1,1,0,1,1,15603,3,3,6,7,13,380,1
0,1,0,0,0,1,1,0,1,1,5583,27,6,3,6,11,315,1
0,0,1,1,0,1,1,0,1,1,10577,9,6,6,16,19,1620,1
0,0,1,0,0,1,1,0,1,1,10651,15,5,2,12,7,1180,2
0,0,1,1,0,1,0,0,1,0,7594,12,6,2,14,4,875,1
1,0,0,0,0,1,0,0,1,0,6857,1,5,2,6,10,220,1
0,0,0,1,0,0,1,1,0,1,4423,27,4,5,13,15,170,0
0,0,1,1,0,1,1,0,1,1,13344,12,6,2,5,12,425,2
0,1,0,0,0,0,1,1,0,1,3971,27,4,5,21,0,175,0
0,0,1,1,0,1,1,0,1,1,18371,24,6,0,9,19,600,1
0,0,1,1,0,1,1,0,1,1,6643,27,3,2,19,4,1995,2
0,1,0,1,0,1,1,0,1,1,15077,6,3,2,11,19,465,1
0,0,1,0,0,0,1,1,0,1,6121,1,5,2,10,12,165,0
0,1,0,0,1,0,1,1,1,0,5755,3,3,6,13,14,80,0
0,0,1,0,0,1,1,0,1,1,4487,9,4,1,20,9,765,1
0,1,0,0,0,1,1,0,1,1,5158,21,5,1,8,13,270,1
0,0,1,1,0,1,0,0,1,0,8586,1,5,2,20,4,520,1
0,0,1,0,1,0,1,1,1,0,3100,1,6,5,6,7,80,0
0,0,1,1,1,0,1,1,1,0,3210,9,5,3,2,4,85,0
0,0,1,1,0,1,1,0,1,1,12373,9,5,3,19,12,1040,1
0,1,0,1,0,1,1,0,1,1,15135,3,3,6,6,18,730,1
0,0,1,1,0,1,1,0,1,1,13292,27,6,3,5,19,810,2
0,1,0,0,1,0,1,1,1,0,2017,6,6,3,13,14,90,0
0,1,1,1,1,0,1,1,1,0,12395,6,3,2,21,22,1500,1
0,1,0,0,1,0,0,1,0,0,3543,21,6,4,9,12,135,0
0,0,1,1,1,0,1,1,1,0,2228,6,5,0,19,21,90,0
1,0,0,0,0,1,1,0,1,1,11410,3,6,0,16,6,830,1
0,1,1,0,0,1,0,0,1,0,3514,24,6,0,15,17,155,0
0,0,1,1,0,1,0,0,1,0,13469,6,6,3,9,21,690,1
0,0,0,1,0,0,1,1,0,1,3943,9,4,1,21,0,180,0
0,1,1,1,0,0,1,0,0,1,7608,3,3,6,21,0,175,0
0,0,1,0,0,0,1,1,0,1,6961,27,5,0,10,12,165,0
0,1,0,1,0,1,1,0,1,1,12042,1,6,5,9,19,585,1
1,0,1,0,0,0,1,0,0,1,62427,1,3,4,5,12,400,1
0,0,1,0,0,0,1,0,0,1,9586,9,3,5,10,21,655,2
0,1,0,0,1,0,0,1,0,0,3543,1,6,5,8,10,135,0
0,0,1,1,0,1,1,0,1,1,13882,9,6,6,9,12,1630,2
0,0,1,1,0,1,0,0,1,0,8781,24,5,4,10,17,435,1
1,0,0,0,0,1,0,0,1,0,5192,12,6,2,15,23,500,2
0,0,0,1,0,1,1,0,1,1,6442,27,3,2,6,22,940,1
0,0,1,1,0,1,1,0,1,1,15554,6,5,0,22,12,825,1
0,0,1,1,0,1,0,0,1,0,10844,21,5,1,18,16,1285,1
0,0,0,1,1,0,1,1,1,0,2754,3,4,2,12,13,90,0
0,1,0,1,0,1,1,0,1,1,14067,21,5,1,14,21,420,1
0,1,1,0,0,1,1,0,1,1,5140,27,4,5,7,13,370,1
0,0,0,1,0,1,1,0,1,1,8330,9,5,3,10,1,895,1
0,0,1,1,1,0,1,1,1,0,5678,3,3,6,19,21,90,0
0,0,1,1,0,0,1,0,0,1,11087,12,3,1,22,18,1170,1
0,1,1,0,0,0,1,0,0,1,18558,1,3,4,20,23,175,0
0,0,0,1,1,0,1,1,1,0,16000,1,3,4,2,4,90,0
0,1,0,0,0,0,1,1,0,1,3573,6,5,0,21,0,175,0
0,1,0,1,0,1,1,0,1,1,7670,15,5,2,12,1,760,1
0,1,1,1,0,0,1,1,0,1,4878,15,5,2,17,19,155,0
0,0,1,1,0,1,1,0,1,1,11507,27,6,3,21,19,1295,2
1,0,0,0,0,1,1,0,1,1,8759,6,6,3,7,13,330,1
0,0,1,1,0,1,1,0,1,1,10262,12,6,2,17,19,1530,1
0,0,1,0,0,1,1,0,1,1,10975,21,5,1,7,9,1580,2
0,0,1,1,0,1,1,0,1,1,10262,6,6,3,19,4,550,1
0,1,0,1,0,1,1,0,1,1,6007,27,6,3,12,21,490,1
0,0,0,1,1,0,0,1,0,0,3858,21,3,3,11,14,145,0
0,0,0,1,0,1,1,0,1,1,6412,27,6,3,14,22,490,1
0,0,1,0,0,1,0,0,1,0,6245,21,4,6,14,16,150,0
0,0,1,0,0,1,1,0,1,1,9968,9,6,6,19,19,1410,2
0,1,0,1,0,1,1,0,1,1,18260,9,3,5,2,12,640,1
0,0,0,1,0,0,1,0,0,1,8855,3,3,6,18,21,175,0
0,0,1,1,0,1,0,0,1,0,10844,24,5,4,8,18,590,1
0,1,0,0,1,0,0,1,0,0,3597,27,5,0,8,10,135,0
0,0,1,1,0,1,0,0,1,0,13067,6,5,0,17,21,1685,1
0,0,1,1,0,0,1,0,0,1,13817,12,3,1,16,10,1070,1
0,0,1,0,0,0,1,0,0,1,11602,12,3,1,6,23,990,1
0,0,1,1,0,1,0,0,1,0,13941,9,5,3,16,18,1545,1
0,0,1,1,0,1,0,0,1,0,14151,15,5,2,20,19,1365,1
0,0,0,1,0,0,1,1,0,1,3943,15,5,2,4,6,170,0
0,0,1,1,0,1,0,0,1,0,10844,12,5,6,6,18,705,1
0,1,0,0,1,0,1,1,1,0,2753,18,6,1,5,7,90,0
0,0,1,1,0,1,1,0,1,1,14714,12,6,2,2,19,1005,1
0,1,0,1,0,1,1,0,1,1,9646,18,5,5,7,16,545,1
0,0,1,1,0,1,1,0,1,1,15554,9,5,3,7,12,330,1
0,0,1,0,0,0,1,0,0,1,13261,18,3,0,10,17,435,2
0,0,1,1,0,0,1,0,0,1,11087,18,3,0,11,5,1045,1
0,0,1,1,0,1,1,0,1,1,11507,15,6,5,5,19,810,2
0,1,0,1,0,1,1,0,1,1,9424,9,5,3,19,1,390,1
0,1,1,0,0,0,1,1,0,1,4937,12,4,4,11,14,170,0
0,1,0,0,0,0,1,1,0,1,3257,6,6,3,21,0,175,0
0,0,0,1,0,0,1,1,0,1,4823,6,5,0,8,11,170,0
0,0,0,1,1,0,0,1,0,0,5277,12,5,6,22,0,140,0
0,1,0,0,0,1,0,0,1,0,3873,9,4,1,17,19,150,0
0,0,1,1,0,1,0,0,1,0,10844,24,5,4,16,4,730,1
0,1,0,1,0,1,1,0,1,1,7198,27,5,0,17,1,510,1
0,0,1,0,0,1,1,0,1,1,6094,15,5,2,5,8,170,0
0,0,0,1,0,0,1,1,0,1,3943,3,5,4,6,8,165,0
0,0,0,1,0,0,1,1,0,1,3943,15,5,2,21,0,180,0
0,0,1,1,0,1,0,0,1,0,12681,1,4,0,20,12,960,1
0,1,1,1,0,0,1,1,0,1,5613,15,4,0,17,19,155,0
0,1,0,0,0,1,0,0,1,0,3873,24,5,4,9,11,145,0
0,0,1,1,0,1,1,0,1,1,12898,27,5,0,13,12,1415,1
0,0,1,1,0,1,1,0,1,1,15129,9,5,3,5,4,1375,2
0,1,0,0,1,0,0,1,0,0,3911,9,5,3,8,10,135,0
0,0,0,1,0,1,1,0,1,1,6015,12,6,2,21,0,195,0
0,0,1,1,0,0,1,0,0,1,54826,1,3,4,16,23,365,1
0,0,0,1,0,1,1,0,1,1,5073,27,3,2,20,1,305,1
0,0,0,1,1,0,0,1,0,0,4326,21,3,3,5,7,140,0
0,0,1,1,1,0,1,1,1,0,8040,3,6,0,10,11,90,0
0,0,1,1,0,0,1,1,0,1,7229,3,4,2,6,8,165,0
0,0,0,1,0,0,1,1,0,1,3943,15,6,5,13,15,170,0
0,0,1,0,0,0,1,0,0,1,14195,6,3,2,12,23,685,3
0,0,1,1,0,1,1,0,1,1,13292,15,6,5,9,4,1130,2
0,0,0,1,0,1,0,0,1,0,4174,3,4,2,11,14,155,0
0,0,1,1,0,0,1,0,0,1,16736,6,3,2,7,21,860,1
0,0,1,1,0,0,1,1,0,1,5198,12,5,6,6,8,165,0
0,1,0,1,0,1,1,0,1,1,15058,3,6,0,7,19,730,1
0,0,0,1,0,1,1,0,1,1,5073,3,4,2,10,15,300,1
0,1,0,1,0,1,1,0,1,1,10197,15,5,2,8,19,660,1
0,1,0,0,1,0,0,1,0,0,3543,27,6,3,17,20,140,0
0,0,1,1,0,0,1,1,0,1,7229,27,6,3,17,20,180,0
0,0,1,0,0,1,1,0,1,1,10966,1,6,5,12,7,1180,2
0,0,1,1,0,1,0,0,1,0,11134,24,3,6,13,23,570,1
1,0,0,0,0,1,0,0,1,0,3807,6,4,5,22,1,150,0
0,0,1,0,0,0,1,1,0,1,5228,6,5,0,13,16,170,0
0,0,0,1,1,0,0,1,0,0,3597,12,6,2,14,17,140,0
1,0,0,0,0,0,1,1,0,1,4483,18,5,5,11,13,165,0
0,0,1,1,0,1,1,0,1,1,10262,24,6,0,11,4,1015,1
0,1,0,0,0,1,1,0,1,1,5158,6,6,3,8,13,270,1
0,0,1,0,0,0,1,0,0,1,6010,21,3,3,22,23,1520,1
0,0,1,1,0,1,1,0,1,1,13376,12,6,2,14,12,1320,2
0,0,1,1,0,1,1,0,1,1,11543,21,3,3,5,4,1365,2
0,1,0,1,0,1,1,0,1,1,15342,6,3,2,9,19,560,1
0,1,0,0,0,0,1,0,0,1,6309,15,3,4,9,12,175,0
0,1,1,1,0,0,1,1,0,1,5823,24,5,4,19,22,165,0
0,1,0,0,0,1,0,0,1,0,3873,1,6,5,6,9,155,0
0,0,1,1,0,1,1,0,1,1,12898,27,5,0,21,19,1270,1
0,0,0,1,0,1,1,0,1,1,6979,15,5,2,17,1,500,1
0,0,1,0,0,1,0,0,1,0,13437,12,5,6,16,16,1410,2
0,0,1,1,0,1,1,0,1,1,6017,27,3,2,11,4,1015,1
0,0,1,1,0,1,1,0,1,1,14053,21,3,3,7,12,330,1
0,0,0,1,1,0,0,1,0,0,7295,6,3,2,11,14,145,0
0,0,1,1,0,1,0,0,1,0,13044,12,6,2,18,19,1495,1
0,0,1,1,0,0,1,1,0,1,4030,3,5,4,11,14,175,0
0,0,1,0,0,0,1,0,0,1,13942,6,3,2,8,11,1625,2
0,0,1,1,0,1,0,0,1,0,14781,12,5,6,6,18,705,1
0,1,0,0,0,0,1,0,0,1,3579,24,3,6,5,8,170,0
0,0,0,1,0,1,1,0,1,1,5530,27,5,0,6,12,320,1
0,0,1,1,0,1,0,0,1,0,10844,12,5,6,14,19,345,1
0,0,1,0,0,1,1,0,1,1,8372,6,6,3,8,19,675,1
0,0,1,1,0,1,1,0,1,1,16289,9,3,5,6,19,775,1
0,0,1,0,0,1,1,0,1,1,11701,6,5,0,22,19,1275,2
1,0,1,1,0,1,1,0,1,1,11269,21,3,3,6,15,570,1
0,1,0,1,0,1,1,0,1,1,9385,18,5,5,13,1,750,1
0,0,1,1,0,1,0,0,1,0,14151,24,5,4,17,23,395,1
0,0,1,1,0,0,1,1,0,1,4544,9,4,1,8,11,180,0
0,0,1,1,0,0,1,0,0,1,11087,12,3,1,20,10,850,1
0,0,0,1,0,1,0,0,1,0,5224,3,6,0,4,7,155,0
0,0,0,1,0,1,0,0,1,0,4804,27,6,3,9,12,155,0
0,0,1,0,1,0,1,1,1,0,6901,12,3,1,5,20,880,1
0,1,0,1,0,1,1,0,1,1,5999,21,3,3,14,22,465,1
0,1,1,1,0,0,1,1,0,1,5403,9,4,1,21,23,170,0
0,0,1,1,0,1,1,0,1,1,13014,12,6,2,5,19,810,2
0,0,1,1,1,0,1,1,1,0,4995,6,5,0,7,8,85,0
0,0,1,1,0,1,0,0,1,0,13941,21,5,1,6,8,1545,1
0,0,1,1,0,1,1,0,1,1,11507,3,6,0,21,19,1295,2
0,1,0,1,0,1,1,0,1,1,12192,15,6,5,8,19,660,1
0,1,0,1,0,1,1,0,1,1,7198,27,5,0,18,1,450,1
0,0,0,1,0,1,1,0,1,1,5000,21,6,4,14,17,195,0
0,1,0,0,0,1,0,0,1,0,3841,3,4,2,6,9,155,0
0,0,1,1,0,1,1,0,1,1,12347,21,3,3,13,18,350,1
0,1,1,1,1,0,0,1,0,0,11982,15,6,5,17,20,140,0
0,0,1,1,0,0,1,0,0,1,16736,6,3,2,20,8,700,1
0,0,0,1,0,1,0,0,1,0,4174,15,4,0,17,19,155,0
0,1,0,0,0,1,0,0,1,0,3841,27,6,3,9,11,145,0
0,0,1,1,0,1,1,0,1,1,17024,6,3,2,19,19,1440,1
0,0,0,1,0,0,1,1,0,1,3943,24,5,4,21,0,180,0
0,0,0,1,0,1,1,0,1,1,6442,3,6,0,11,22,635,1
0,0,1,0,0,1,1,0,1,1,11762,9,3,5,7,19,2170,2
0,1,0,0,0,1,0,0,1,0,4174,24,4,2,9,11,145,0
0,0,0,1,0,1,0,0,1,0,4804,18,6,1,4,7,155,0
0,1,0,1,0,1,1,0,1,1,13377,6,6,3,14,1,690,1
0,0,1,1,0,0,1,1,0,1,7229,1,4,0,11,14,175,0
0,0,0,1,0,0,1,0,0,1,8855,15,3,4,22,1,170,0
0,1,0,1,0,1,1,0,1,1,7741,27,6,3,10,19,535,1
0,0,1,1,0,0,1,0,0,1,22270,1,3,4,8,13,315,1
0,1,0,1,0,1,1,0,1,1,7740,3,6,0,8,21,735,1
0,0,1,0,0,1,0,0,1,0,14960,9,6,6,9,12,1600,2
0,0,1,1,0,1,1,0,1,1,12032,27,3,2,9,18,535,1
0,0,1,0,1,0,1,1,1,0,5462,6,3,2,21,22,80,0
0,0,1,1,0,1,1,0,1,1,12347,21,3,3,19,18,1385,1
0,0,1,0,1,0,0,1,0,0,3145,27,3,2,11,13,135,0
0,0,1,1,0,0,1,0,0,1,7832,21,3,3,11,20,520,1
0,0,0,1,0,1,0,0,1,0,4804,21,6,4,15,17,150,0
0,0,0,1,0,1,1,0,1,1,10482,9,3,5,2,7,305,1
0,0,1,1,0,1,1,0,1,1,12373,18,5,5,11,4,1015,1
0,1,0,1,0,1,1,0,1,1,10478,3,3,6,7,22,915,1
0,0,1,1,0,1,1,0,1,1,13029,18,5,5,9,4,1125,2
0,0,1,0,0,1,1,0,1,1,6482,21,3,3,12,9,1255,1
0,0,1,1,0,1,1,0,1,1,15554,18,5,5,9,19,600,1
0,1,0,1,0,1,1,0,1,1,11789,12,6,2,8,19,615,1
0,0,0,1,0,1,0,0,1,0,9413,24,3,6,14,20,340,1
0,0,1,0,0,1,0,0,1,0,7662,9,6,6,16,21,1700,1
0,1,0,1,0,1,1,0,1,1,7888,21,5,1,19,1,390,1
1,0,0,0,0,1,0,0,1,0,5192,15,5,2,7,23,955,1
0,1,0,1,0,1,1,0,1,1,6007,24,6,0,10,21,640,1
0,0,1,1,0,1,1,0,1,1,12898,27,5,0,10,12,1595,1
0,0,1,0,0,0,1,0,0,1,11885,18,3,0,8,10,1545,2
0,1,1,1,0,1,0,0,1,0,14360,24,3,6,17,22,355,1
0,0,1,0,0,1,0,0,1,0,14330,12,5,6,16,12,1185,2
0,1,0,1,0,1,1,0,1,1,6076,27,3,2,13,22,555,1
0,1,0,0,0,1,0,0,1,0,4622,1,3,4,6,9,160,0
0,0,1,1,0,1,0,0,1,0,14388,9,5,3,21,8,665,1
0,1,0,1,0,1,1,0,1,1,9794,21,5,1,8,19,615,1
0,0,0,1,0,1,0,0,1,0,4804,3,6,0,15,17,150,0
0,0,1,1,0,1,0,0,1,0,9663,9,5,3,21,4,450,1
0,1,1,0,0,1,1,0,1,1,5842,9,5,3,7,13,370,1
0,1,0,1,0,1,1,0,1,1,15603,3,3,6,7,15,510,1
0,0,0,1,0,1,0,0,1,0,5618,3,3,6,22,0,165,0
0,0,0,1,0,1,0,0,1,0,6565,3,3,6,14,16,155,0
0,1,0,0,0,1,1,0,1,1,5221,15,4,0,17,22,295,1
0,0,1,1,0,1,1,0,1,1,10368,27,6,3,9,19,560,2
0,0,1,0,0,1,1,0,1,1,7480,24,6,0,20,9,765,1
0,0,1,1,0,1,1,0,1,1,13882,12,6,2,11,12,1490,2
0,0,0,1,0,1,1,0,1,1,6442,24,6,0,6,16,560,1
0,0,0,1,0,0,1,1,0,1,4823,24,6,0,7,10,175,0
0,1,0,0,0,1,0,0,1,0,3873,21,5,1,17,19,150,0
0,0,1,1,0,1,0,0,1,0,12121,1,5,2,17,10,1075,1
0,0,0,1,0,0,1,1,0,1,4423,27,4,5,10,13,170,0
0,0,1,0,0,1,0,0,1,0,5510,24,6,0,14,16,150,0
0,0,1,1,0,0,1,1,0,1,7229,6,4,5,8,11,180,0
0,0,1,1,0,1,1,0,1,1,10577,9,6,6,19,12,1010,1
0,0,1,1,1,0,1,1,1,0,8040,27,3,2,10,11,90,0
0,0,1,1,0,1,1,0,1,1,14714,3,6,0,13,19,360,1
0,0,1,1,0,0,1,1,0,1,7229,9,6,6,6,8,165,0
0,1,0,1,0,1,1,0,1,1,6653,21,3,3,7,21,855,2
0,0,0,1,0,1,1,0,1,1,6442,24,6,0,5,16,665,1
0,0,0,1,0,1,0,0,1,0,4804,12,5,6,21,0,160,0
0,0,1,0,0,1,1,0,1,1,9417,9,5,3,13,9,1210,2
0,0,1,1,0,1,0,0,1,0,10844,24,5,4,18,19,1495,1
0,0,1,1,0,0,1,1,0,1,7229,12,5,6,17,20,180,0
0,0,1,1,0,1,1,0,1,1,15400,6,3,2,9,18,590,1
0,0,0,1,0,1,1,0,1,1,6416,15,6,5,8,21,750,1
0,0,1,0,0,0,1,1,0,1,5176,3,4,2,13,16,170,0
0,0,0,1,0,1,1,0,1,1,9264,21,3,3,16,1,575,1
0,1,0,1,0,1,1,0,1,1,13587,6,6,3,9,21,720,1
0,1,0,0,1,0,0,1,0,0,3597,1,5,2,8,10,135,0
1,0,0,0,0,0,1,1,0,1,4282,27,4,5,4,7,170,0
0,0,1,1,1,0,1,1,1,0,4995,27,6,3,7,8,85,0
0,0,0,1,0,1,0,0,1,0,4804,1,6,5,20,22,155,0
0,0,1,1,0,1,0,0,1,0,10844,6,5,0,6,16,590,1
0,0,1,1,0,1,1,0,1,1,14714,1,6,5,21,12,885,1
0,0,1,1,0,1,0,0,1,0,14571,6,6,3,21,9,730,1
0,0,1,1,0,0,1,0,0,1,7832,21,3,3,11,11,1425,1
0,0,1,1,0,1,0,0,1,0,11467,1,4,0,20,18,1295,1
0,0,1,1,0,1,0,0,1,0,10953,9,5,3,17,10,1075,1
0,0,0,1,0,1,0,0,1,0,4148,9,3,5,20,23,160,0
0,1,0,0,0,1,0,0,1,0,3873,9,5,3,9,11,145,0
0,0,0,1,0,0,1,1,0,1,3943,27,4,5,22,1,170,0
1,0,0,0,0,1,1,0,1,1,6151,27,3,2,16,22,330,1
0,1,1,1,1,0,1,1,1,0,12080,12,3,1,8,22,850,1
0,0,1,1,0,1,0,0,1,0,13584,9,5,3,20,10,845,1
0,0,0,1,0,1,1,0,1,1,6979,6,5,0,11,1,845,1
1,0,0,0,0,0,1,0,0,1,4482,9,3,5,23,2,165,0
0,0,0,1,0,1,0,0,1,0,6284,1,4,0,18,23,325,1
0,0,0,1,0,1,0,0,1,0,4226,24,5,4,19,23,220,1
0,0,0,1,0,1,1,0,1,1,6442,9,3,5,6,16,570,1
0,0,1,1,0,1,1,0,1,1,12373,18,5,5,19,4,520,1
0,0,1,1,0,0,1,0,0,1,11297,12,3,1,5,15,550,1
0,0,1,0,0,1,0,0,1,0,14083,24,5,4,10,1,920,2
0,0,1,1,0,1,1,0,1,1,7202,3,6,0,11,14,195,0
0,1,0,1,0,1,1,0,1,1,11667,21,3,3,9,18,590,1
0,0,1,1,0,1,0,0,1,0,10844,24,5,4,18,18,1400,1
0,0,1,0,0,0,1,0,0,1,5932,15,3,4,11,8,1265,1
0,1,0,1,0,1,1,0,1,1,9001,24,6,0,8,19,630,1
0,0,1,1,0,1,0,0,1,0,13469,6,6,3,17,23,395,1
0,0,0,1,1,0,1,1,1,0,2227,15,6,5,21,22,90,0
0,0,0,1,0,1,1,0,1,1,5636,15,5,2,7,12,315,1
0,1,0,1,0,1,1,0,1,1,15965,6,6,3,15,1,625,2
0,0,0,1,0,1,1,0,1,1,5054,24,6,0,20,1,305,1
0,1,0,1,0,1,1,0,1,1,5999,21,3,3,7,16,540,1
0,0,0,1,0,0,1,1,0,1,4823,1,5,2,7,10,175,0
0,1,0,0,0,1,0,0,1,0,8479,12,6,2,11,18,435,1
0,1,1,1,0,1,0,0,1,0,8452,15,5,2,7,22,930,1
0,0,1,1,0,1,1,0,1,1,14924,3,6,0,8,19,660,1
0,0,1,0,0,1,1,0,1,1,10441,3,6,0,19,19,1410,2
0,1,0,1,0,1,1,0,1,1,7485,21,5,1,6,21,900,1
0,0,1,1,0,0,1,1,0,1,6478,6,6,3,8,11,180,0
0,0,1,1,0,1,1,0,1,1,15129,27,5,0,13,19,1775,2
0,0,0,1,0,1,0,0,1,0,3809,1,5,2,19,23,265,1
0,0,1,1,0,1,1,0,1,1,18581,24,6,0,8,19,660,1
0,0,0,1,0,1,0,0,1,0,5224,9,6,6,22,0,155,0
0,0,0,1,0,1,1,0,1,1,8330,9,5,3,17,1,500,1
0,0,1,0,0,0,1,1,0,1,6961,9,6,6,10,12,165,0
0,0,1,1,0,1,1,0,1,1,10262,9,6,6,8,19,660,1
0,0,0,1,1,0,1,1,1,0,2754,21,6,4,2,4,90,0
0,1,0,1,0,1,1,0,1,1,13727,18,5,5,15,1,630,1
0,1,1,0,0,0,1,1,0,1,3898,27,4,5,20,23,165,0
0,0,1,1,0,0,1,0,0,1,11087,12,3,1,22,12,810,1
1,0,0,0,0,0,1,1,0,1,3383,6,4,5,23,2,170,0
0,0,1,1,0,1,1,0,1,1,12557,21,3,3,17,18,1520,1
0,0,1,1,0,1,1,0,1,1,8273,21,3,3,6,4,1325,2
0,0,1,0,1,0,1,1,1,0,9736,12,3,1,10,19,545,2
0,0,1,1,0,1,1,0,1,1,10262,24,6,0,17,19,1530,1
0,0,1,1,0,1,1,0,1,1,11664,9,4,1,5,19,810,2
0,0,0,1,0,0,1,1,0,1,4591,1,5,2,23,2,170,0
0,0,1,1,0,0,1,0,0,1,13502,18,3,0,14,19,305,1
0,0,1,0,0,1,1,0,1,1,8372,27,6,3,13,19,375,1
0,0,1,0,0,0,1,1,0,1,6121,21,4,6,6,8,165,0
0,1,1,1,0,0,1,0,0,1,5613,21,3,3,16,18,155,0
0,0,0,1,0,1,1,0,1,1,5298,6,4,5,6,12,320,1
0,0,1,1,0,1,1,0,1,1,15764,9,3,5,2,19,1050,1
1,0,0,0,0,1,1,0,1,1,6253,15,6,5,7,22,870,1
0,0,1,1,0,1,0,0,1,0,8586,18,5,5,5,12,375,1
0,0,1,1,0,1,1,0,1,1,12273,27,3,2,6,4,1325,2
0,0,0,1,1,0,1,1,1,0,2227,15,5,2,21,22,90,0
0,0,1,1,0,0,1,1,0,1,5769,12,6,2,19,22,180,0
0,1,1,1,0,1,1,0,1,1,6216,18,4,3,14,17,190,0
0,0,0,1,0,1,1,0,1,1,6386,3,6,0,2,7,345,1
0,1,0,1,0,1,1,0,1,1,16108,1,6,5,10,19,555,1
0,1,0,0,0,1,0,0,1,0,3873,24,5,4,22,0,140,0
0,0,0,1,0,1,1,0,1,1,6270,9,4,1,10,1,895,1
0,0,1,0,0,0,1,1,0,1,5911,12,4,4,21,23,170,0
0,1,0,1,0,1,1,0,1,1,15077,6,3,2,9,19,605,1
0,0,1,1,0,0,1,0,0,1,31825,1,3,4,20,11,890,1
0,1,0,0,0,1,0,0,1,0,8479,6,5,0,11,18,435,1
0,1,1,1,0,1,0,0,1,0,9397,12,5,6,7,9,1555,1
0,0,1,1,0,1,1,0,1,1,10262,3,6,0,9,12,1655,1
0,0,0,1,0,1,1,0,1,1,4729,3,4,2,5,8,195,0
0,0,1,1,0,1,1,0,1,1,14714,1,6,5,17,19,1530,1
0,0,0,1,0,1,0,0,1,0,4804,15,5,2,17,19,155,0
0,0,0,1,0,1,0,0,1,0,4804,3,6,0,20,23,165,0
0,0,1,0,1,0,1,1,1,0,2050,1,4,0,21,22,80,0
0,1,0,1,0,1,1,0,1,1,8371,27,3,2,7,19,705,1
0,1,0,1,0,1,1,0,1,1,12192,27,6,3,10,19,540,1
1,0,1,1,0,1,1,0,1,1,14629,21,3,3,6,18,770,1
0,0,0,1,0,0,1,1,0,1,4823,9,4,1,18,21,175,0
0,1,0,1,0,1,1,0,1,1,14323,9,5,3,13,19,375,1
0,0,1,1,0,1,1,0,1,1,15129,9,5,3,13,12,1390,2
0,0,0,1,0,1,1,0,1,1,6758,18,5,5,6,21,860,1
0,1,0,1,0,1,1,0,1,1,14848,21,5,1,9,19,615,1
0,0,1,0,0,0,1,0,0,1,12358,3,3,6,6,10,1670,2
0,0,1,1,0,0,1,1,0,1,4030,21,5,1,18,22,185,0
0,0,1,0,0,1,0,0,1,0,4960,9,3,5,14,16,150,0
0,0,1,0,0,1,1,0,1,1,8656,27,3,2,16,19,1595,2
0,0,0,1,0,1,1,0,1,1,14871,6,3,2,9,21,710,1
0,1,1,0,0,1,1,0,1,1,4563,27,3,2,6,13,440,1
0,0,0,1,1,0,1,1,1,0,4784,6,3,2,21,22,85,0
0,0,0,1,0,0,1,1,0,1,4823,1,6,5,20,22,170,0
0,1,1,1,1,0,0,1,0,0,3687,3,5,4,7,9,135,0
0,0,1,1,0,0,1,1,0,1,7229,27,4,5,15,18,175,0
0,0,1,1,0,0,1,1,0,1,7229,15,4,0,7,10,180,0
0,0,1,0,0,1,1,0,1,1,7174,21,4,6,6,23,1010,1
0,0,1,0,0,1,1,0,1,1,11071,21,3,3,6,7,1490,2
0,0,0,1,0,1,1,0,1,1,6979,15,5,2,4,21,965,1
0,0,0,1,1,0,0,1,0,0,3850,15,5,2,7,10,140,0
0,0,1,1,0,1,0,0,1,0,13044,12,6,2,20,9,800,1
0,0,1,1,0,1,1,0,1,1,12373,18,5,5,20,4,450,1
0,0,1,0,0,1,1,0,1,1,13801,18,5,5,13,7,1100,2
0,0,0,1,0,0,1,1,0,1,4823,1,6,5,8,11,170,0
0,0,1,0,0,1,1,0,1,1,6587,9,6,6,5,6,1535,1
0,0,0,1,1,0,1,1,1,0,2227,3,6,0,20,21,95,0
0,0,1,1,0,1,0,0,1,0,14151,9,6,6,17,14,1285,1
0,0,1,0,0,0,1,0,0,1,25430,1,3,4,8,23,2315,2
0,1,0,0,0,0,1,1,0,1,4319,27,6,3,21,0,175,0
0,0,1,0,0,1,1,0,1,1,14462,3,3,6,4,7,1660,1
0,0,1,1,0,1,0,0,1,0,8586,21,5,1,6,10,1655,1
0,0,1,0,0,1,0,0,1,0,7662,9,6,6,9,21,675,1
0,0,1,1,1,0,1,1,1,0,4995,3,5,4,7,8,85,0
0,1,0,1,0,1,1,0,1,1,7408,9,6,6,9,21,720,1
0,0,1,1,1,0,1,1,1,0,5678,15,3,4,19,21,90,0
0,0,1,1,1,0,1,1,1,0,5678,9,6,6,19,21,90,0
0,0,1,1,0,0,1,0,0,1,26890,1,3,4,8,0,950,1
0,0,1,0,1,0,1,1,1,0,13904,6,3,2,6,19,2245,2
0,0,1,1,0,1,1,0,1,1,15318,1,6,5,20,4,505,2
0,1,1,1,0,1,0,0,1,0,8452,15,5,2,20,22,1580,1
0,0,0,1,0,1,1,0,1,1,6314,9,6,6,10,21,625,1
0,0,1,0,0,1,0,0,1,0,10203,1,5,2,10,20,625,1
0,1,0,0,1,0,0,1,0,0,3597,15,6,5,8,10,135,0
0,1,0,1,0,1,1,0,1,1,8266,12,6,2,10,19,535,1
0,0,1,1,0,1,1,0,1,1,12373,18,5,5,21,12,885,1
0,0,1,1,0,0,1,0,0,1,36235,1,3,4,14,21,435,1
0,0,0,1,0,1,1,0,1,1,14871,3,3,6,8,21,755,1
0,0,1,1,0,0,1,1,0,1,7229,12,4,4,17,20,180,0
0,0,0,1,0,1,0,0,1,0,4804,24,4,2,22,0,155,0
0,0,0,1,0,0,1,0,0,1,7303,3,3,6,20,22,175,0
0,1,0,1,0,1,1,0,1,1,13587,1,6,5,11,21,570,1
0,1,0,1,0,1,1,0,1,1,7740,18,5,5,14,22,455,1
0,0,0,1,1,0,0,1,0,0,7295,1,3,4,14,17,145,0
0,1,0,1,0,1,1,0,1,1,18916,3,3,6,18,1,440,1
0,1,0,1,0,1,1,0,1,1,8266,21,5,1,12,19,385,1
0,0,1,1,0,1,1,0,1,1,12373,18,5,5,2,4,1570,1
0,1,0,1,0,1,1,0,1,1,11188,18,5,5,13,22,555,1
0,0,1,1,0,1,0,0,1,0,14151,18,5,5,9,18,505,1
0,0,1,1,0,1,1,0,1,1,14714,1,6,5,8,19,660,1
0,0,1,1,0,0,1,1,0,1,7229,6,4,5,7,10,180,0
0,0,1,1,0,1,1,0,1,1,12242,27,3,2,9,4,1165,1
0,0,1,1,0,0,1,0,0,1,9134,15,3,4,7,12,325,1
0,0,0,1,0,0,1,1,0,1,3943,1,5,2,22,1,170,0
0,0,1,0,0,0,1,1,0,1,6961,1,6,5,10,12,165,0
0,0,1,1,1,0,1,1,1,0,23843,12,3,1,8,16,500,2
0,1,0,0,1,0,0,1,0,0,3597,24,5,4,9,12,135,0
0,1,0,1,0,1,1,0,1,1,7408,27,6,3,13,21,480,1
0,1,0,0,0,0,1,1,0,1,3257,27,5,0,5,8,160,0
0,1,0,0,1,0,1,1,1,0,1965,6,5,0,5,7,90,0
0,1,0,1,0,1,1,0,1,1,9100,27,3,2,6,19,755,1
0,0,1,0,1,0,1,1,1,0,3100,18,6,1,19,20,75,0
0,0,1,1,0,0,1,0,0,1,26890,1,3,4,8,18,625,1
0,0,1,1,0,0,1,1,0,1,8016,24,6,0,17,20,180,0
0,0,1,0,0,1,0,0,1,0,12173,24,3,6,20,20,1435,1
0,0,0,1,0,1,1,0,1,1,8784,27,5,0,4,21,965,1
0,0,0,1,0,1,1,0,1,1,5298,9,5,3,6,12,320,1
0,0,1,1,0,0,1,0,0,1,11087,9,3,5,8,9,1475,1
0,1,0,0,0,1,1,0,1,1,5409,9,6,6,17,22,295,1
0,1,1,0,0,1,1,0,1,1,5842,1,5,2,7,13,370,1
0,0,1,1,1,0,1,1,1,0,2228,18,3,0,15,17,90,0
0,1,0,0,1,0,0,1,0,0,3543,6,5,0,17,20,140,0
0,0,0,1,0,1,0,0,1,0,7228,21,5,1,21,2,315,1
0,0,0,1,0,1,1,0,1,1,6287,15,4,0,5,12,425,1
0,1,0,1,0,1,1,0,1,1,13377,27,6,3,13,1,750,1
0,0,0,1,0,1,0,0,1,0,6985,3,3,6,17,20,165,0
0,0,1,0,0,1,1,0,1,1,8372,3,6,0,13,19,375,1
0,0,1,0,0,1,0,0,1,0,14687,21,5,1,9,5,1200,2
0,0,1,1,0,1,1,0,1,1,9564,9,3,5,11,14,195,0
0,1,1,1,1,0,1,1,1,0,12080,12,3,1,8,16,480,1
0,1,0,1,0,1,1,0,1,1,18275,3,6,0,17,1,460,2
0,0,0,1,0,1,1,0,1,1,6093,6,6,3,7,21,810,1
0,0,1,1,0,1,1,0,1,1,14861,9,3,5,5,4,1365,2
0,0,0,1,0,1,0,0,1,0,4804,18,5,5,11,14,155,0
0,0,1,1,0,1,0,0,1,0,9314,1,5,2,20,19,1365,1
0,1,0,1,0,1,1,0,1,1,9794,9,5,3,8,19,615,1
0,0,1,1,0,1,1,0,1,1,13029,21,5,1,5,19,810,2
0,1,0,0,0,1,0,0,1,0,3841,3,6,0,17,19,150,0
0,0,1,1,0,0,1,0,0,1,12284,18,3,0,8,13,315,1
0,0,1,1,0,1,1,0,1,1,14714,9,6,6,21,4,395,1
0,0,1,1,0,1,0,0,1,0,7064,1,4,0,6,22,965,1
0,0,1,1,0,0,1,1,0,1,5198,18,5,5,7,10,180,0
0,0,1,1,0,1,0,0,1,0,14781,15,5,2,6,16,590,1
0,0,1,0,0,1,1,0,1,1,13381,24,6,0,20,19,1380,2
0,0,1,0,0,1,1,0,1,1,6094,1,6,5,5,8,170,0
0,0,0,1,0,1,1,0,1,1,5298,1,6,5,6,12,320,1
0,1,0,1,0,1,1,0,1,1,7408,27,6,3,10,21,660,1
0,0,1,1,0,1,0,0,1,0,14388,12,5,6,21,12,890,1
0,0,1,0,0,1,1,0,1,1,9443,24,6,0,19,19,1410,2
0,0,1,0,0,1,1,0,1,1,11762,3,3,6,7,19,2170,2
0,0,1,0,0,1,1,0,1,1,7480,27,6,3,12,9,1255,1
0,0,0,1,0,1,1,0,1,1,5406,15,3,4,5,8,195,0
0,0,1,1,0,1,1,0,1,1,9564,12,6,2,11,14,195,0
0,0,1,1,0,1,1,0,1,1,10368,9,6,6,9,19,560,2
0,0,0,1,0,1,1,0,1,1,5636,9,5,3,7,12,315,1
0,1,0,0,1,0,1,1,1,0,1965,9,5,3,22,0,90,0
0,0,1,1,0,1,0,0,1,0,12739,12,6,2,21,4,450,1
0,0,0,1,0,1,0,0,1,0,4148,12,3,1,14,16,155,0
0,0,0,1,0,1,1,0,1,1,7191,9,5,3,6,21,860,1
0,0,1,1,0,1,1,0,1,1,10262,6,6,3,7,4,1280,1
0,1,1,1,0,1,0,0,1,0,12312,24,3,6,9,20,630,1
0,0,1,1,0,1,1,0,1,1,10262,3,6,0,18,19,1485,1
0,0,1,1,0,1,1,0,1,1,9564,15,6,5,11,14,195,0
0,0,1,1,0,1,0,0,1,0,13759,24,3,6,6,4,1335,1
0,1,1,1,0,1,0,0,1,0,8610,6,5,0,17,20,1640,1
0,0,1,1,0,1,1,0,1,1,14714,15,6,5,13,19,360,1
0,0,0,1,0,0,1,1,0,1,4823,3,6,0,8,11,170,0
1,0,0,0,0,1,1,0,1,1,6451,27,5,0,7,15,470,1
0,0,1,1,0,1,1,0,1,1,16079,21,5,1,14,19,300,1
0,0,1,1,0,1,1,0,1,1,7202,1,6,5,11,14,195,0
0,0,0,1,0,0,1,0,0,1,4944,24,3,6,23,2,170,0
0,1,0,0,0,0,1,1,0,1,3625,1,6,5,5,8,160,0
0,0,1,1,0,1,0,0,1,0,9663,9,5,3,14,12,1315,1
0,1,0,1,0,1,1,0,1,1,9794,15,5,2,10,19,520,1
0,1,0,0,1,0,1,1,1,0,2437,1,5,2,13,14,90,0
0,1,0,1,0,1,1,0,1,1,13377,15,6,5,10,1,930,1
0,0,1,1,0,1,0,0,1,0,8586,6,6,3,20,4,520,1
0,0,1,1,0,0,1,0,0,1,19225,6,3,2,8,15,380,1
0,0,1,1,0,1,1,0,1,1,15554,18,5,5,22,4,335,1
0,0,1,1,0,1,0,0,1,0,12121,1,5,2,9,22,750,1
0,0,0,1,0,0,1,1,0,1,3943,27,5,0,10,13,170,0
0,0,1,1,0,0,1,0,0,1,13555,18,3,0,21,9,695,1
0,0,0,1,0,0,1,1,0,1,4990,21,6,4,18,21,185,0
0,0,1,0,0,1,1,0,1,1,8854,6,3,2,20,23,1590,1
0,1,0,1,0,1,1,0,1,1,7878,27,5,0,7,16,540,1
0,1,1,1,0,0,1,0,0,1,8028,3,3,6,9,12,165,0
0,0,1,1,0,1,0,0,1,0,8586,9,5,3,18,8,800,1
0,0,1,0,0,1,0,0,1,0,15164,1,5,2,17,13,1215,2
0,0,1,1,0,0,1,0,0,1,12284,18,3,0,7,15,495,1
0,0,1,1,1,0,1,1,1,0,4995,21,6,4,7,8,85,0
0,1,0,1,0,1,1,0,1,1,10051,27,5,0,8,19,630,1
0,0,1,1,0,1,0,0,1,0,9663,21,5,1,14,10,1200,1
0,0,1,0,0,1,0,0,1,0,14424,1,5,2,7,5,1345,2
0,0,1,1,0,1,1,0,1,1,14714,15,6,5,10,19,540,1
0,0,1,0,1,0,1,1,1,0,3100,24,5,4,13,15,90,0
0,0,0,1,0,1,1,0,1,1,6493,6,6,3,17,22,320,1
0,0,1,1,0,1,0,0,1,0,14571,6,6,3,6,23,1025,1
0,0,1,1,0,1,1,0,1,1,10368,15,6,5,5,19,810,2
0,0,1,1,0,1,1,0,1,1,14714,3,6,0,15,4,805,1
0,1,0,0,1,0,0,1,0,0,3543,18,5,5,8,10,135,0
1,0,0,0,0,1,0,0,1,0,6810,6,6,3,7,19,710,1
0,1,0,0,0,1,0,0,1,0,5201,24,3,6,9,11,150,0
0,1,0,1,0,1,1,0,1,1,13377,24,6,0,17,1,480,1
1,0,1,1,0,1,1,0,1,1,14629,21,3,3,7,18,680,1
0,0,0,1,0,1,1,0,1,1,6093,9,4,1,7,21,810,1
0,1,0,1,0,1,1,0,1,1,15419,12,6,2,11,1,835,3
0,0,1,0,0,1,0,0,1,0,13484,21,5,1,16,13,1255,2
0,0,1,0,0,1,1,0,1,1,8372,18,5,5,21,7,640,1
0,0,1,0,0,0,1,0,0,1,8534,15,3,4,8,11,1625,2
0,0,1,1,0,0,1,1,0,1,4030,15,5,2,17,20,180,0
0,0,1,1,0,1,1,0,1,1,13292,24,6,0,9,4,1130,2
0,0,1,0,0,1,1,0,1,1,16754,9,3,5,8,19,675,1
0,0,0,1,0,1,0,0,1,0,6565,1,3,4,17,19,160,0
0,0,1,1,0,1,1,0,1,1,16079,27,5,0,22,19,1210,1
0,0,1,1,0,1,1,0,1,1,11507,9,5,3,21,12,910,2
0,1,1,1,1,0,1,1,1,0,12395,6,3,2,7,9,1555,1
0,0,0,1,0,0,1,0,0,1,22153,1,3,4,19,0,300,1
0,0,1,1,0,1,1,0,1,1,10919,27,6,3,6,12,1790,2
0,0,1,1,0,1,0,0,1,0,13759,24,3,6,21,4,455,1
0,0,1,0,0,1,1,0,1,1,6094,18,4,3,5,8,170,0
0,0,1,0,0,1,0,0,1,0,11542,21,5,1,9,13,1700,2
0,0,1,1,0,0,1,0,0,1,25735,1,3,4,11,10,1365,1
0,0,1,1,0,0,1,0,0,1,17471,6,3,2,22,23,1450,1
0,0,1,1,0,1,0,0,1,0,10844,9,6,6,16,23,425,1
0,0,1,0,0,1,1,0,1,1,8372,3,6,0,19,7,760,1
0,0,0,1,1,0,0,1,0,0,3858,15,6,5,11,14,145,0
0,0,0,1,0,0,1,0,0,1,5694,15,3,4,1,4,165,0
0,0,1,1,0,1,1,0,1,1,17234,3,3,6,18,18,1475,1
0,0,1,1,0,1,1,0,1,1,11546,9,4,1,9,4,1140,2
0,1,1,1,0,0,1,0,0,1,8028,3,3,6,7,9,160,0
0,0,1,1,0,0,1,1,0,1,8016,15,6,5,19,22,180,0
0,0,1,0,0,1,0,0,1,0,10413,24,5,4,20,20,1435,1
0,0,1,0,0,0,1,0,0,1,11948,12,3,1,11,22,665,2
0,0,1,1,1,0,1,1,1,0,3205,1,4,0,10,11,90,0
0,0,0,1,0,0,1,1,0,1,4423,18,5,5,13,15,170,0
0,1,1,1,0,0,1,0,0,1,4878,24,3,6,7,9,160,0
0,0,0,1,0,1,1,0,1,1,5912,15,4,0,17,22,310,1
0,0,1,0,0,1,0,0,1,0,11411,12,5,6,5,8,1625,2
0,1,0,1,0,1,1,0,1,1,7618,24,6,0,7,21,840,1
0,0,1,1,0,0,1,1,0,1,7229,12,4,4,15,18,175,0
0,0,0,1,0,1,1,0,1,1,6147,27,6,3,15,20,290,1
0,0,1,1,0,1,1,0,1,1,14237,15,6,5,18,4,600,2
0,0,0,1,0,1,1,0,1,1,6101,21,3,3,7,13,355,1
0,0,1,0,0,1,0,0,1,0,12324,21,5,1,16,5,765,2
0,1,1,1,0,0,1,0,0,1,18387,1,3,4,6,21,915,1
0,0,1,1,0,1,1,0,1,1,10262,3,6,0,16,4,745,1
0,0,1,1,0,1,1,0,1,1,10262,15,6,5,9,19,600,1
0,0,1,1,0,0,1,1,0,1,7229,21,4,6,7,10,180,0
1,0,0,0,0,1,0,0,1,0,3807,27,6,3,22,1,150,0
0,1,0,1,0,1,1,0,1,1,7695,21,3,3,15,1,620,1
0,0,1,0,0,1,0,0,1,0,12723,18,5,5,5,8,1625,2
0,1,0,0,1,0,1,1,1,0,2175,15,5,2,13,14,90,0
0,0,0,1,0,1,1,0,1,1,6628,27,5,0,9,1,975,1
0,0,1,1,0,1,1,0,1,1,13376,12,6,2,14,4,830,2
0,0,0,1,0,1,0,0,1,0,4148,27,3,2,15,17,155,0
0,0,1,1,0,1,1,0,1,1,9254,27,3,2,5,4,1380,2
0,0,1,1,0,0,1,1,0,1,8016,24,6,0,18,22,185,0
0,0,1,1,0,0,1,1,0,1,4030,1,5,2,17,20,180,0
0,0,1,1,0,0,1,1,0,1,5198,12,5,6,17,20,180,0
1,0,0,0,0,1,0,0,1,0,4409,15,4,0,19,22,150,0
0,0,1,0,1,0,1,1,1,0,10082,1,3,4,13,15,90,0
0,0,1,1,0,1,0,0,1,0,9663,18,5,5,14,10,1200,1
0,1,0,0,0,0,1,1,0,1,3971,3,4,2,5,8,160,0
0,0,0,1,1,0,0,1,0,0,6297,15,3,4,7,10,140,0
0,1,0,0,0,0,1,1,0,1,3573,9,5,3,5,8,160,0
0,0,1,1,0,1,0,0,1,0,10844,21,5,1,14,22,510,1
0,0,0,1,0,0,1,1,0,1,4423,27,4,5,6,8,165,0
0,0,1,1,0,0,1,0,0,1,19225,6,3,2,14,21,435,1
0,0,0,1,1,0,0,1,0,0,6297,12,3,1,22,0,145,0
0,1,0,0,0,1,0,0,1,0,3849,6,3,2,22,0,140,0
0,1,0,1,0,1,1,0,1,1,15078,6,3,2,8,15,450,1
0,0,0,1,0,1,0,0,1,0,4205,12,5,6,19,23,265,1
0,0,1,0,0,0,1,1,0,1,5228,27,5,0,13,16,170,0
0,1,0,1,0,1,1,0,1,1,7408,6,6,3,7,21,840,1
0,0,1,1,0,0,1,1,0,1,7229,9,6,6,11,14,175,0
0,0,1,1,0,1,1,0,1,1,10919,15,6,5,14,4,830,2
0,0,1,1,0,0,1,1,0,1,4544,1,5,2,15,18,175,0
0,0,1,1,0,1,1,0,1,1,6540,21,3,3,8,4,1225,1
0,0,1,1,0,1,1,0,1,1,16079,21,5,1,10,19,540,1
0,1,0,1,0,1,1,0,1,1,13377,1,6,5,18,1,435,1
0,0,0,1,0,0,1,1,0,1,4823,3,6,0,18,21,175,0
0,0,1,1,0,1,0,0,1,0,14151,15,5,2,17,10,1075,1
0,1,1,0,0,1,0,0,1,0,6095,9,5,3,23,7,495,1
0,0,1,0,0,1,1,0,1,1,12029,27,5,0,10,19,555,1
0,0,1,0,0,1,0,0,1,0,4437,6,4,5,19,11,965,1
0,0,0,1,0,0,1,1,0,1,3419,27,6,3,1,4,165,0
0,0,0,1,0,0,1,1,0,1,3943,1,4,0,10,13,170,0
0,1,0,1,0,1,1,0,1,1,13542,21,3,3,14,1,695,1
0,0,1,0,0,1,1,0,1,1,7174,27,6,3,17,23,320,1
0,0,0,1,1,0,1,1,1,0,7417,9,3,5,9,10,85,0
0,0,1,1,0,1,1,0,1,1,16704,9,5,3,13,4,900,2
0,0,1,0,0,1,0,0,1,0,4435,18,3,0,20,23,155,0
1,0,0,0,0,0,1,1,0,1,3383,21,6,4,23,2,170,0
0,0,0,1,0,1,0,0,1,0,4804,21,4,6,4,7,155,0
1,0,0,0,0,0,1,1,0,1,3383,27,5,0,4,7,170,0
0,0,0,1,0,1,0,0,1,0,6991,24,5,4,15,20,320,1
0,0,1,0,0,1,1,0,1,1,10441,9,5,3,5,19,2295,2
0,0,0,1,0,1,1,0,1,1,5073,21,3,3,7,12,265,1
0,1,0,1,0,1,1,0,1,1,7695,21,3,3,10,1,915,1
0,0,1,0,0,1,1,0,1,1,7480,24,5,4,20,9,765,1
0,0,1,1,0,1,1,0,1,1,10262,9,6,6,11,12,1505,1
0,0,1,1,0,0,1,0,0,1,13817,12,3,1,22,11,750,1
0,0,1,1,0,1,0,0,1,0,13067,21,5,1,9,19,575,1
0,1,0,0,1,0,1,1,1,0,1965,6,6,3,13,14,90,0
0,0,0,1,0,1,1,0,1,1,6674,6,6,3,6,16,560,1
0,0,1,0,1,0,1,1,1,0,16172,12,3,1,5,16,710,2
0,1,0,1,0,1,1,0,1,1,7268,24,6,0,12,19,385,1
0,0,1,1,0,0,1,0,0,1,17524,15,3,4,7,12,315,1
0,1,0,1,0,1,1,0,1,1,7888,21,5,1,18,1,450,1
0,0,0,1,1,0,1,1,1,0,2754,6,6,3,19,20,90,0
0,0,1,0,0,0,1,0,0,1,10573,3,3,6,12,23,715,3
0,1,0,1,0,1,1,0,1,1,11789,9,6,6,11,19,440,1
0,0,1,1,0,1,0,0,1,0,13067,6,5,0,20,19,1365,1
0,0,0,1,0,0,1,0,0,1,4238,24,3,6,0,3,165,0
0,1,0,1,0,1,1,0,1,1,9794,21,5,1,7,19,690,1
0,0,1,0,0,1,1,0,1,1,7615,21,3,3,7,9,1580,2
0,0,1,1,0,1,1,0,1,1,11664,21,3,3,10,4,2525,2
0,0,1,1,0,1,0,0,1,0,7064,1,4,0,6,19,800,1
0,0,0,1,0,1,0,0,1,0,3809,15,4,0,19,23,265,1
0,1,0,0,0,1,0,0,1,0,3841,18,6,1,17,19,150,0
0,1,0,1,0,1,1,0,1,1,6795,27,5,0,11,1,830,1
0,0,0,1,0,1,0,0,1,0,4565,24,4,2,15,20,290,1
0,0,0,1,0,1,1,0,1,1,12351,9,3,5,18,1,420,1
0,0,0,1,0,1,1,0,1,1,5021,18,3,0,21,0,195,0
0,0,1,0,0,1,1,0,1,1,10467,21,5,1,13,9,1220,2
0,0,1,0,0,0,1,1,0,1,6121,15,4,0,17,19,165,0
0,1,0,0,1,0,0,1,0,0,6300,15,3,4,17,20,140,0
1,0,0,0,0,0,1,0,0,1,10715,1,3,4,5,8,170,0
0,0,1,0,0,1,0,0,1,0,5510,24,5,4,14,16,150,0
0,0,1,1,0,0,1,1,0,1,6144,3,5,4,18,22,185,0
0,0,1,0,1,0,1,1,1,0,13253,6,3,2,12,19,1840,2
0,0,1,1,0,1,0,0,1,0,13941,12,5,6,6,19,800,1
0,0,0,1,0,1,0,0,1,0,4488,1,4,0,20,22,155,0
0,1,0,0,0,1,0,0,1,0,3841,3,6,0,6,9,155,0
0,1,0,1,0,1,1,0,1,1,7575,15,5,2,11,19,470,1
0,0,1,0,0,1,1,0,1,1,9968,27,5,0,16,19,1595,2
0,0,1,1,0,1,1,0,1,1,15129,9,5,3,13,19,1775,2
0,0,0,1,0,1,0,0,1,0,4864,6,5,0,7,12,330,1
0,0,1,0,0,1,1,0,1,1,7480,3,6,0,17,9,965,1
0,1,0,1,0,1,1,0,1,1,15867,6,3,2,7,18,710,1
0,0,1,1,0,1,0,0,1,0,13067,21,5,1,9,22,750,1
0,0,1,0,0,1,0,0,1,0,8366,9,5,3,16,7,905,1
0,0,1,0,0,1,1,0,1,1,21571,3,3,6,12,19,1820,2
1,0,0,0,0,0,1,1,0,1,4282,12,5,6,4,7,170,0
0,0,1,0,0,1,1,0,1,1,13591,9,5,3,16,19,1580,2
0,1,1,1,0,1,0,0,1,0,7927,1,4,0,20,23,1625,1
0,0,1,1,0,1,1,0,1,1,14714,3,6,0,15,19,1680,1
0,0,1,1,0,0,1,0,0,1,11087,12,3,1,18,16,1275,1
0,0,1,0,0,1,1,0,1,1,28322,1,3,4,4,7,1660,1
0,0,1,1,0,1,0,0,1,0,9314,1,5,2,17,19,1570,1
0,0,0,1,0,1,1,0,1,1,7060,9,6,6,15,20,290,1
0,0,0,1,1,0,0,1,0,0,7900,1,3,4,11,14,145,0
0,0,1,1,1,0,1,1,1,0,5678,24,6,0,2,4,85,0
0,0,0,1,0,1,0,0,1,0,4860,24,4,2,19,0,275,1
0,1,0,0,1,0,1,1,1,0,2017,1,5,2,5,7,90,0
0,0,0,1,0,1,0,0,1,0,5069,12,6,2,8,13,290,1
0,1,1,1,0,1,0,0,1,0,9397,9,6,6,7,10,1655,1
0,0,0,1,0,1,1,0,1,1,5073,6,4,5,10,15,300,1
0,0,1,0,0,1,0,0,1,0,15145,24,3,6,5,23,1040,3
0,1,0,1,0,1,1,0,1,1,8099,24,6,0,9,19,600,1
0,0,1,0,0,0,1,0,0,1,14594,6,3,2,11,19,480,1
0,0,0,1,0,1,1,0,1,1,4729,27,3,2,14,17,185,0
0,0,0,1,0,1,0,0,1,0,4804,21,5,1,22,0,155,0
0,0,1,1,0,1,1,0,1,1,19644,27,5,0,11,19,440,2
0,0,1,0,0,1,1,0,1,1,8656,27,3,2,19,19,1410,2
0,0,1,1,0,1,1,0,1,1,13014,9,6,6,9,12,1615,2
0,0,0,1,0,1,1,0,1,1,6442,27,3,2,6,16,570,1
0,0,1,1,0,1,1,0,1,1,12373,9,5,3,13,12,1415,1
0,0,1,1,0,1,0,0,1,0,10539,6,6,3,9,14,1730,1
0,0,1,1,0,1,0,0,1,0,10844,21,5,1,20,9,800,1
0,1,1,1,0,1,0,0,1,0,8452,6,6,3,17,9,965,1
0,0,0,1,0,1,1,0,1,1,7144,18,5,5,8,22,835,1
0,1,0,0,0,0,1,0,0,1,5126,9,3,5,20,23,170,0
0,1,0,1,0,1,1,0,1,1,6795,12,6,2,19,1,390,1
0,0,1,1,0,1,0,0,1,0,8586,12,5,6,21,10,775,1
0,1,0,0,0,1,0,0,1,0,4439,18,5,5,9,11,145,0
0,1,0,0,0,0,1,0,0,1,6205,15,3,4,9,12,175,0
0,0,0,1,0,0,1,1,0,1,4284,6,5,0,0,3,175,0
0,0,1,1,0,1,0,0,1,0,14571,6,6,3,16,23,425,1
1,0,0,0,0,1,0,0,1,0,3807,6,4,5,19,22,150,0
0,1,0,0,0,1,0,0,1,0,3850,6,3,2,6,9,160,0
0,1,0,0,0,1,0,0,1,0,8479,18,5,5,11,18,435,1
0,1,0,1,0,1,1,0,1,1,8073,18,5,5,9,21,720,1
0,0,0,1,0,0,1,1,0,1,3943,1,6,5,13,15,170,0
0,0,0,1,1,0,0,1,0,0,4332,9,5,3,11,14,145,0
0,1,0,0,0,1,0,0,1,0,4174,27,4,5,17,19,150,0
0,0,1,0,0,0,1,0,0,1,14594,1,3,4,11,8,1265,1
0,0,1,1,0,1,1,0,1,1,11507,3,6,0,5,19,810,2
0,1,0,1,0,1,1,0,1,1,6093,15,6,5,7,22,920,1
0,0,0,1,0,0,1,0,0,1,8033,24,3,6,18,21,175,0
0,0,0,1,0,0,1,1,0,1,4823,27,6,3,16,19,180,0
0,0,1,1,0,1,1,0,1,1,13292,3,6,0,21,12,910,2
0,1,0,1,0,1,1,0,1,1,9526,15,6,5,11,19,455,1
0,1,0,0,0,1,0,0,1,0,3815,21,3,3,22,0,140,0
0,0,0,1,1,0,0,1,0,0,3597,27,6,3,13,15,140,0
0,0,1,1,0,1,1,0,1,1,13376,15,6,5,14,4,830,2
0,1,0,0,1,0,1,1,1,0,2017,9,5,3,5,7,90,0
0,0,1,0,0,1,0,0,1,0,11853,24,3,6,9,1,955,2
0,0,1,1,0,1,1,0,1,1,10262,12,6,2,13,19,360,1
0,1,0,0,1,0,0,1,0,0,3859,24,3,6,9,12,155,0
0,0,1,0,0,1,0,0,1,0,12744,9,6,6,7,5,1345,2
0,1,0,1,0,1,1,0,1,1,18485,1,6,5,17,1,460,2
0,0,1,0,0,1,0,0,1,0,13227,6,5,0,9,8,1385,2
0,0,0,1,1,0,0,1,0,0,3597,21,6,4,19,21,140,0
0,0,0,1,0,1,0,0,1,0,4804,12,5,6,15,17,150,0
0,0,0,1,0,0,1,1,0,1,4423,15,6,5,6,8,165,0
0,0,1,1,0,1,1,0,1,1,10262,9,6,6,15,12,1295,1
0,1,0,0,1,0,0,1,0,0,3543,6,5,0,9,12,135,0
0,0,0,1,0,1,0,0,1,0,4174,12,4,4,21,0,160,0
0,1,0,0,0,1,1,0,1,1,7084,9,3,5,16,22,375,1
0,0,1,0,0,1,0,0,1,0,14960,15,5,2,9,8,1385,2
0,0,1,1,0,1,0,0,1,0,13339,24,3,6,6,16,590,1
0,0,1,1,0,0,1,1,0,1,7229,12,4,4,8,11,180,0
0,0,0,1,0,1,1,0,1,1,6818,18,5,5,5,16,665,1
0,0,0,1,0,1,1,0,1,1,6316,9,6,6,15,1,630,1
0,0,1,0,0,1,1,0,1,1,5201,18,6,1,18,21,185,0
0,0,0,1,0,1,1,0,1,1,10958,18,5,5,23,4,305,1
0,0,0,1,1,0,0,1,0,0,3858,21,6,4,11,14,145,0
0,0,1,1,0,1,1,0,1,1,10262,9,6,6,13,19,360,1
0,0,1,0,0,1,0,0,1,0,8996,24,5,4,9,13,245,1
0,0,1,1,0,1,1,0,1,1,8098,27,3,2,5,19,2315,2
0,1,0,0,1,0,0,1,0,0,3543,1,5,2,8,10,135,0
0,1,0,1,0,1,1,0,1,1,10529,24,5,4,7,19,690,1
0,0,1,1,0,1,1,0,1,1,7438,21,3,3,2,18,995,1
0,0,1,1,0,1,1,0,1,1,12373,9,5,3,14,4,865,1
0,0,0,1,0,0,1,1,0,1,4823,27,5,0,7,10,175,0
0,0,1,1,0,0,1,1,0,1,5769,21,6,4,8,11,180,0
0,1,0,1,0,1,1,0,1,1,9042,21,3,3,7,13,380,1
0,0,1,0,0,1,1,0,1,1,4697,6,4,5,17,9,965,1
0,0,1,1,0,1,0,0,1,0,10844,9,5,3,14,19,345,1
1,0,0,0,0,0,1,1,0,1,8420,9,6,6,4,7,170,0
0,1,0,1,0,1,1,0,1,1,7563,6,3,2,7,16,540,1
0,0,1,0,0,1,1,0,1,1,7480,15,5,2,20,9,765,1
0,0,1,1,0,0,1,1,0,1,4030,6,5,0,11,14,175,0
0,1,0,1,0,1,1,0,1,1,6513,12,6,2,7,22,920,1
0,0,1,1,0,1,0,0,1,0,8355,9,6,6,10,17,435,1
0,1,0,1,0,1,1,0,1,1,16655,21,5,1,15,1,625,2
0,0,1,1,0,1,0,0,1,0,10844,18,5,5,5,18,750,1
0,1,0,0,0,1,0,0,1,0,3873,21,6,4,17,19,150,0
0,0,0,1,0,1,0,0,1,0,5224,9,6,6,15,17,150,0
0,0,1,1,0,1,0,0,1,0,10844,15,5,2,16,12,1170,1
0,0,0,1,0,1,0,0,1,0,4778,3,3,6,5,8,170,0
0,0,1,1,0,1,1,0,1,1,16289,9,3,5,20,18,1320,1
0,0,1,0,0,1,1,0,1,1,5674,18,3,0,5,8,170,0
0,0,1,0,1,0,1,1,1,0,12854,12,3,1,6,11,1795,2
0,0,1,0,0,0,1,0,0,1,8425,9,3,5,22,11,785,1
0,0,1,1,0,1,1,0,1,1,9328,21,3,3,5,18,2240,2
0,1,0,1,0,1,1,0,1,1,17057,3,3,6,2,15,795,1
0,0,1,1,0,0,1,1,0,1,7229,3,5,4,19,22,180,0
0,0,0,1,0,1,1,0,1,1,14871,3,3,6,11,21,570,1
0,0,1,1,0,1,1,0,1,1,14300,27,6,3,12,19,1845,2
0,0,1,1,0,1,0,0,1,0,8529,12,6,2,21,9,730,1
0,1,0,1,0,1,1,0,1,1,10877,9,6,6,4,19,845,1
0,0,0,1,0,1,0,0,1,0,5386,21,5,1,17,22,280,1
0,1,0,1,0,1,1,0,1,1,11622,27,3,2,10,18,485,1
0,1,0,1,0,1,1,0,1,1,10197,27,5,0,3,19,910,1
1,0,0,0,0,1,1,0,1,1,8028,21,5,1,16,22,345,1
0,0,0,1,1,0,1,1,1,0,2754,1,6,5,12,13,90,0
0,0,1,0,0,0,1,0,0,1,6781,3,3,6,8,21,790,1
0,1,0,0,0,1,0,0,1,0,3841,21,5,1,17,19,150,0
0,1,0,1,0,1,1,0,1,1,8266,6,6,3,10,19,535,1
0,0,0,1,0,0,1,0,0,1,6144,24,3,6,7,10,175,0
0,0,1,1,0,0,1,1,0,1,4544,24,4,2,11,14,175,0
0,0,1,1,0,1,1,0,1,1,14441,3,6,0,5,12,425,2
0,0,1,0,1,0,1,1,1,0,3100,12,6,2,21,22,80,0
0,0,1,1,0,1,0,0,1,0,13067,18,5,5,20,14,1080,1
0,0,1,1,0,1,0,0,1,0,8529,12,6,2,18,23,1720,1
0,0,0,1,0,1,1,0,1,1,6442,15,5,2,8,16,455,1
0,1,0,1,0,1,1,0,1,1,6480,27,6,3,10,21,640,1
0,0,1,0,0,0,1,0,0,1,11003,3,3,6,10,11,1490,1
0,1,1,1,0,0,1,1,0,1,4668,12,6,2,21,23,170,0
0,0,1,1,0,1,0,0,1,0,13941,9,5,3,6,4,1330,1
0,1,1,1,0,1,0,0,1,0,8820,12,5,6,7,18,700,1
0,0,1,0,0,1,1,0,1,1,9064,9,3,5,17,23,315,1
0,0,1,1,0,1,0,0,1,0,10844,6,6,3,8,19,685,1
0,0,1,1,0,1,1,0,1,1,15129,18,5,5,5,19,810,2
0,1,0,1,0,1,1,0,1,1,6513,9,5,3,7,16,540,1
0,0,1,1,0,1,0,0,1,0,14676,9,6,6,17,23,395,1
0,0,0,1,0,0,1,1,0,1,4823,18,5,5,7,10,175,0
0,0,0,1,0,1,0,0,1,0,4174,12,4,4,15,17,150,0
0,0,1,1,0,1,1,0,1,1,19172,9,3,5,15,4,750,2
0,1,0,0,0,0,1,1,0,1,4423,12,4,4,5,8,160,0
0,1,0,0,0,1,0,0,1,0,3873,12,6,2,6,9,155,0
0,0,0,1,0,1,1,0,1,1,7189,3,6,0,21,3,345,1
0,0,1,1,0,1,0,0,1,0,13731,6,6,3,6,4,1330,1
0,0,1,1,0,1,0,0,1,0,14151,12,5,6,9,10,1520,1
0,0,1,0,1,0,0,1,0,0,4667,21,5,1,11,13,135,0
0,0,1,1,0,1,0,0,1,0,11467,1,5,2,20,19,1365,1
0,1,1,1,1,0,1,1,1,0,12395,6,3,2,8,16,480,1
0,1,0,1,0,1,1,0,1,1,7858,21,5,1,17,0,460,1
0,0,0,1,0,1,0,0,1,0,4804,24,5,4,20,22,155,0
0,0,1,1,0,1,0,0,1,0,13469,9,6,6,20,9,800,1
0,0,0,1,0,1,1,0,1,1,7673,6,3,2,14,17,185,0
0,0,1,1,0,1,0,0,1,0,14151,9,6,6,17,18,1500,1
0,0,1,1,0,1,1,0,1,1,10262,24,6,0,15,12,1295,1
0,0,1,1,0,1,1,0,1,1,13014,24,6,0,9,12,1615,2
0,0,1,1,0,1,1,0,1,1,12373,9,5,3,13,19,360,1
0,0,1,1,0,1,1,0,1,1,11399,18,5,5,10,19,540,1
0,1,0,0,0,0,1,1,0,1,3971,6,5,0,9,12,170,0
0,1,0,1,0,1,1,0,1,1,6007,27,6,3,6,21,900,1
0,0,1,0,0,0,1,0,0,1,6383,15,3,4,10,22,745,1
0,0,0,1,0,0,1,1,0,1,5740,12,5,6,8,11,170,0
0,1,0,0,1,0,1,1,1,0,1965,15,6,5,13,14,90,0
0,1,0,1,0,1,1,0,1,1,5935,21,3,3,7,21,850,2
0,0,0,1,0,1,0,0,1,0,4174,6,4,5,9,12,165,0
0,0,0,1,0,1,1,0,1,1,7738,21,3,3,4,13,515,1
0,0,1,0,0,1,1,0,1,1,10441,24,5,4,22,19,1275,2
0,0,1,0,1,0,1,1,1,0,3100,15,3,4,21,22,80,0
0,0,1,1,0,1,1,0,1,1,14714,6,6,3,17,19,1530,1
0,1,1,1,0,1,0,0,1,0,9135,9,6,6,17,18,1550,1
0,0,1,0,0,1,0,0,1,0,7893,1,4,0,16,18,1540,1
0,0,1,1,0,1,0,0,1,0,12121,6,5,0,17,23,395,1
0,0,1,0,0,1,1,0,1,1,6094,9,6,6,14,17,180,0
0,0,0,1,0,0,1,1,0,1,4423,9,6,6,10,13,170,0
0,0,1,1,0,0,1,0,0,1,7832,21,3,3,20,7,665,1
0,1,1,1,0,0,1,1,0,1,5403,3,4,2,11,14,170,0
0,1,0,0,0,1,0,0,1,0,3841,1,4,0,9,11,145,0
0,0,1,1,0,1,1,0,1,1,11093,21,3,3,10,4,1060,2
0,0,1,1,0,0,1,1,0,1,7229,24,4,2,19,22,180,0
0,0,0,1,0,0,1,1,0,1,4823,27,5,0,16,19,180,0
0,0,1,1,0,1,0,0,1,0,11467,1,5,2,9,19,575,1
0,0,0,1,0,1,0,0,1,0,6111,1,5,2,7,12,330,1
0,0,1,1,0,1,0,0,1,0,8066,9,5,3,17,10,1075,1
0,0,0,1,0,1,1,0,1,1,7258,27,3,2,4,21,975,1
0,0,1,0,0,1,1,0,1,1,4729,27,3,2,5,8,170,0
0,1,0,1,0,1,1,0,1,1,15135,6,3,2,9,18,580,1
0,0,1,0,0,1,0,0,1,0,12718,24,5,4,9,1,955,2
0,0,1,1,1,0,1,1,1,0,5678,18,6,1,2,4,85,0
0,0,0,1,0,1,1,0,1,1,5298,24,6,0,6,12,320,1
0,0,1,1,0,0,1,0,0,1,14815,6,3,2,11,0,785,1
0,1,0,0,0,1,0,0,1,0,4491,18,5,5,9,11,145,0
0,1,0,1,0,1,1,0,1,1,11421,27,3,2,10,18,510,1
0,0,1,1,0,0,1,0,0,1,12284,18,3,0,8,7,1420,1
0,0,1,1,0,0,1,1,0,1,7229,12,5,6,6,8,165,0
0,0,0,1,0,0,1,1,0,1,4823,15,4,0,7,10,175,0
0,0,1,1,0,1,1,0,1,1,12898,27,6,3,20,4,450,1
0,1,0,1,0,1,1,0,1,1,13587,27,6,3,7,21,835,1
0,0,1,1,0,1,1,0,1,1,12373,18,5,5,9,4,1165,1
0,1,0,1,0,1,1,0,1,1,5999,21,3,3,7,22,910,1
0,0,1,0,0,1,0,0,1,0,10907,18,5,5,8,18,610,2
0,0,1,1,0,1,0,0,1,0,14151,6,6,3,9,21,690,1
0,0,0,1,0,0,1,1,0,1,4591,12,5,6,23,2,170,0
0,0,1,1,0,0,1,0,0,1,19225,6,3,2,14,20,375,1
0,0,1,1,0,1,0,0,1,0,9663,6,5,0,14,12,1315,1
0,0,1,1,0,1,0,0,1,0,10844,1,5,2,6,18,705,1
0,1,0,1,0,1,1,0,1,1,13727,9,5,3,13,21,480,1
0,0,1,1,0,1,0,0,1,0,14151,18,5,5,9,21,690,1
0,0,1,1,0,1,1,0,1,1,10262,27,6,3,18,12,1100,1
0,1,0,0,0,1,0,0,1,0,3873,12,6,2,9,11,145,0
0,0,1,1,0,1,1,0,1,1,13014,24,6,0,19,4,535,2
0,0,1,0,0,1,0,0,1,0,5510,21,6,4,14,16,150,0
0,0,1,1,0,1,1,0,1,1,17282,9,3,5,10,4,1060,2
0,1,0,1,0,1,1,0,1,1,6653,27,3,2,9,21,695,2
0,0,0,1,0,1,1,0,1,1,12214,3,3,6,9,15,315,1
0,0,1,0,1,0,1,1,1,0,3625,1,5,2,13,15,90,0
0,0,0,1,0,0,1,0,0,1,6860,3,3,6,8,11,180,0
0,1,1,0,0,1,1,0,1,1,3876,24,6,0,10,19,540,1
0,1,1,1,0,0,1,1,0,1,5613,27,4,5,19,22,165,0
0,0,1,0,0,1,1,0,1,1,8971,27,3,2,5,7,1545,2
0,0,1,1,0,0,1,1,0,1,4030,21,5,1,19,22,180,0
0,0,0,1,0,1,1,0,1,1,8075,27,3,2,15,1,635,1
0,1,0,1,0,1,1,0,1,1,7005,15,6,5,6,21,900,1
0,0,0,1,0,1,0,0,1,0,4778,6,3,2,22,0,165,0
0,1,1,1,1,0,0,1,0,0,3687,9,5,3,7,9,135,0
0,0,1,1,0,1,1,0,1,1,10262,9,6,6,11,4,1015,1
0,0,0,1,0,1,1,0,1,1,6979,6,5,0,10,1,895,1
0,1,0,1,0,1,1,0,1,1,6717,21,3,3,7,16,545,1
0,0,1,1,0,0,1,0,0,1,16736,6,3,2,8,23,845,1
0,0,1,0,0,0,1,0,0,1,7192,15,3,4,11,19,480,1
0,0,0,1,0,1,0,0,1,0,4226,15,4,0,6,10,250,1
0,1,0,1,0,1,1,0,1,1,9627,21,5,1,8,19,630,1
0,0,1,1,0,1,1,0,1,1,4757,3,4,2,2,19,1005,1
0,0,1,1,0,1,0,0,1,0,14571,24,5,4,14,22,510,1
1,0,0,0,0,1,0,0,1,0,5162,1,4,0,6,10,220,1
0,0,1,1,0,1,0,0,1,0,10844,18,5,5,16,16,1430,1
0,1,0,0,0,1,0,0,1,0,3815,21,3,3,9,11,150,0
0,0,1,1,0,0,1,0,0,1,17261,6,3,2,11,9,1310,1
0,0,1,1,0,0,1,0,0,1,16736,6,3,2,21,7,615,1
0,1,0,0,0,1,0,0,1,0,3841,21,6,4,9,11,145,0
0,0,1,1,0,1,0,0,1,0,10844,24,5,4,14,20,400,1
0,0,0,1,0,1,1,0,1,1,6838,21,3,3,10,21,615,1
0,0,1,0,0,1,0,0,1,0,6612,12,5,6,12,13,1515,1
0,0,1,0,0,0,1,0,0,1,8851,9,3,5,13,16,170,0
0,1,1,1,1,0,1,1,1,0,12395,6,3,2,8,19,670,1
1,0,0,0,0,0,1,1,0,1,4282,24,6,0,4,7,170,0
0,0,1,1,0,1,0,0,1,0,14781,21,5,1,20,9,800,1
0,1,0,1,0,1,1,0,1,1,9646,12,6,2,9,22,765,1
0,0,0,1,0,1,1,0,1,1,6628,27,5,0,15,1,630,1
0,1,1,1,0,0,1,1,0,1,4668,18,6,1,7,9,160,0
0,1,0,1,0,1,1,0,1,1,16863,6,3,2,18,1,455,1
0,1,0,1,0,1,1,0,1,1,12192,9,6,6,7,19,720,1
0,0,1,1,0,1,1,0,1,1,12719,21,3,3,2,4,1570,1
0,0,1,1,0,1,1,0,1,1,12898,21,5,1,21,12,885,1
0,0,1,1,0,1,1,0,1,1,10262,3,6,0,19,19,1395,1
0,1,0,0,0,1,0,0,1,0,7804,24,5,4,15,21,330,1
0,0,0,1,0,1,0,0,1,0,4174,18,4,3,4,7,155,0
0,0,0,1,1,0,1,1,1,0,2227,27,6,3,20,21,95,0
0,0,1,1,0,0,1,0,0,1,11087,18,3,0,22,9,610,1
0,1,0,1,0,1,1,0,1,1,11667,21,3,3,8,18,650,1
0,0,1,0,0,1,1,0,1,1,7931,6,3,2,18,21,185,0
0,0,0,1,1,0,0,1,0,0,5277,12,6,2,22,0,140,0
0,0,1,1,0,1,0,0,1,0,13626,12,6,2,6,18,705,1
0,0,1,1,0,1,1,0,1,1,12373,18,5,5,18,4,610,1
0,0,1,1,0,1,0,0,1,0,10031,24,3,6,6,18,700,1
0,0,1,1,0,1,0,0,1,0,10844,12,5,6,16,20,1695,1
0,1,1,0,0,1,1,0,1,1,6591,9,5,3,10,19,540,1
0,0,1,1,0,1,1,0,1,1,5406,1,4,0,18,19,1485,1
0,0,1,1,0,1,0,0,1,0,10844,15,5,2,21,16,1150,1
0,1,0,0,1,0,1,1,1,0,2017,27,5,0,22,0,90,0
0,0,1,1,0,1,1,0,1,1,12373,9,5,3,10,12,1595,1
0,0,1,0,0,1,1,0,1,1,8669,6,6,3,7,19,735,1
1,0,0,0,0,1,1,0,1,1,6151,27,3,2,7,15,470,1
0,1,0,1,0,1,1,0,1,1,10348,18,5,5,9,22,765,1
0,0,1,1,0,0,1,0,0,1,8016,24,3,6,19,22,160,0
0,0,0,1,0,0,1,1,0,1,4823,12,6,2,8,11,170,0
0,0,1,0,0,1,0,0,1,0,5510,21,5,1,14,16,150,0
0,0,1,0,1,0,1,1,1,0,3100,18,3,0,6,7,80,0
0,0,1,1,0,1,1,0,1,1,10262,27,6,3,18,19,1485,1
0,0,1,1,0,1,1,0,1,1,14714,1,6,5,11,19,450,1
0,0,1,1,0,1,1,0,1,1,10262,15,6,5,10,19,540,1
0,0,1,0,0,0,1,1,0,1,6961,18,6,1,17,19,170,0
0,0,0,1,0,1,1,0,1,1,6206,27,5,0,17,1,480,1
0,0,1,0,0,0,1,0,0,1,7904,15,3,4,8,22,880,2
0,0,1,1,0,1,1,0,1,1,12819,27,6,3,19,12,1045,2
0,0,1,1,0,1,1,0,1,1,10262,15,6,5,21,12,885,1
0,0,0,1,0,0,1,1,0,1,4591,21,4,6,1,4,165,0
0,0,1,1,0,1,1,0,1,1,10368,24,6,0,9,12,1615,2
0,1,0,1,0,1,1,0,1,1,11142,9,5,3,7,19,730,1
0,0,1,0,0,1,1,0,1,1,4729,6,4,5,5,8,170,0
0,1,0,1,0,1,1,0,1,1,9424,9,5,3,13,1,750,1
0,1,0,1,0,1,1,0,1,1,15136,6,3,2,9,15,390,1
0,0,1,0,0,1,1,0,1,1,12199,18,5,5,17,7,865,2
0,0,1,1,0,1,1,0,1,1,10262,12,6,2,11,4,1015,1
0,0,0,1,0,1,1,0,1,1,4729,3,4,2,14,17,195,0
0,1,0,0,0,1,0,0,1,0,3841,9,6,6,17,19,150,0
0,0,1,1,0,1,0,0,1,0,14388,18,5,5,18,9,865,1
0,0,0,1,1,0,1,1,1,0,2754,27,6,3,2,4,90,0
0,0,1,0,0,0,1,0,0,1,12358,3,3,6,8,10,1545,2
0,0,1,0,0,1,0,0,1,0,6117,15,5,2,9,4,1170,2
0,0,1,1,0,1,1,0,1,1,15129,24,5,4,5,4,1375,2
0,0,1,1,0,1,0,0,1,0,14388,15,5,2,21,8,665,1
0,0,1,0,0,1,1,0,1,1,7480,24,6,0,12,9,1255,1
0,1,0,1,0,1,1,0,1,1,10791,27,6,3,6,12,395,1
0,0,1,1,0,1,1,0,1,1,12452,27,3,2,7,4,1280,1
0,0,0,1,0,1,0,0,1,0,4226,21,5,1,19,23,235,1
0,1,1,1,0,0,1,1,0,1,5403,15,4,0,21,23,170,0
0,1,0,1,0,1,1,0,1,1,9646,1,6,5,9,22,765,1
1,0,0,0,0,0,1,1,0,1,4282,3,6,0,4,7,170,0
0,1,0,1,0,1,1,0,1,1,7845,27,3,2,8,15,395,1
0,0,0,1,1,0,0,1,0,0,3384,21,3,3,19,21,140,0
0,0,0,1,0,0,1,1,0,1,4823,6,5,0,18,21,175,0
0,0,0,1,1,0,0,1,0,0,3597,15,6,5,19,21,140,0
0,1,0,1,0,1,1,0,1,1,13587,15,6,5,9,21,720,1
1,0,0,0,0,1,1,0,1,1,13474,3,3,6,16,7,865,1
0,0,0,1,1,0,0,1,0,0,3384,21,3,3,13,15,135,0
0,0,1,1,0,1,1,0,1,1,15129,27,5,0,5,19,810,2
0,0,1,1,0,1,0,0,1,0,8586,21,5,1,6,8,1545,1
0,0,0,1,0,0,1,1,0,1,4591,9,6,6,23,2,170,0
0,0,1,1,0,1,1,0,1,1,13882,27,6,3,11,12,1490,2
0,1,0,1,0,1,1,0,1,1,18286,3,3,6,13,1,755,1
1,0,0,0,0,1,0,0,1,0,5192,15,5,2,7,19,710,1
0,0,1,1,0,1,1,0,1,1,11118,27,6,3,9,12,1615,2
0,0,0,1,0,1,1,0,1,1,14871,3,3,6,6,15,530,1
0,0,1,0,0,1,0,0,1,0,15107,24,5,4,10,5,1165,2
0,0,1,0,0,1,1,0,1,1,8669,12,6,2,7,19,735,1
0,1,1,0,0,1,0,0,1,0,5171,1,4,0,16,0,455,1
0,0,1,1,0,1,0,0,1,0,8529,12,6,2,16,12,1170,1
0,0,1,1,0,1,1,0,1,1,7438,27,3,2,23,4,320,1
0,0,0,1,0,1,1,0,1,1,6206,9,6,6,17,1,500,1
0,0,1,0,0,0,1,1,0,1,7171,9,6,6,17,19,165,0
0,0,1,1,0,1,0,0,1,0,14151,9,6,6,9,14,1730,1
0,0,1,1,0,1,0,0,1,0,14939,9,6,6,18,8,800,1
0,0,1,1,0,0,1,0,0,1,25735,1,3,4,11,11,1425,1
0,0,1,1,0,1,1,0,1,1,13882,12,6,2,9,4,1140,2
0,1,1,1,0,1,0,0,1,0,9555,18,5,5,20,18,1350,1
0,0,0,1,0,1,0,0,1,0,4804,27,4,5,20,22,155,0
0,1,1,1,1,0,0,1,0,0,6627,15,3,4,7,9,135,0
0,0,1,1,0,1,0,0,1,0,8586,12,5,6,6,12,330,1
0,0,0,1,0,1,0,0,1,0,4804,9,5,3,22,0,155,0
0,0,1,0,0,0,1,0,0,1,17135,1,3,4,8,23,2345,2
0,0,1,1,0,1,1,0,1,1,15554,9,5,3,10,19,540,1
0,0,0,1,0,1,1,0,1,1,6838,27,5,0,8,21,750,1
0,0,0,1,0,1,1,0,1,1,8258,3,3,6,7,12,265,1
0,1,1,0,0,1,1,0,1,1,8213,6,3,2,10,19,535,1
0,1,0,1,0,1,1,0,1,1,12192,6,6,3,7,19,720,1
0,1,0,1,0,1,1,0,1,1,14848,3,6,0,10,19,555,1
0,0,0,1,0,1,0,0,1,0,4148,21,3,3,15,17,155,0
0,0,1,1,0,1,0,0,1,0,10844,6,6,3,20,12,960,1
0,0,1,1,0,1,0,0,1,0,10844,18,5,5,18,22,1660,1
0,1,0,1,0,1,1,0,1,1,6795,24,6,0,19,1,390,1
0,0,1,1,0,1,0,0,1,0,14781,15,5,2,16,4,730,1
0,0,0,1,0,1,1,0,1,1,6582,27,6,3,7,12,315,1
0,1,0,0,0,0,1,1,0,1,3919,24,4,2,9,12,170,0
0,1,0,1,0,1,1,0,1,1,9646,27,6,3,9,22,765,1
0,1,0,0,0,0,1,0,0,1,7744,1,3,4,15,23,485,1
0,0,1,1,0,1,1,0,1,1,11733,6,6,3,9,12,1615,2
0,0,1,1,0,1,1,0,1,1,10262,15,6,5,9,4,1165,1
0,0,1,1,0,0,1,0,0,1,17524,12,3,1,5,12,390,1
0,1,0,0,1,0,1,1,1,0,3603,9,3,5,22,0,85,0
0,1,0,1,0,1,1,0,1,1,7564,18,5,5,7,19,705,1
0,1,0,1,0,1,1,0,1,1,7005,9,6,6,10,21,640,1
0,0,0,1,0,1,1,0,1,1,14871,3,3,6,9,1,985,1
1,0,0,0,0,0,1,1,0,1,4282,18,4,3,4,7,170,0
0,0,1,1,0,1,1,0,1,1,15129,27,5,0,23,12,810,2
1,0,0,0,0,1,1,0,1,1,6752,24,6,0,16,22,340,1
0,0,1,0,0,1,1,0,1,1,6094,21,5,1,14,17,230,0
0,0,0,1,1,0,1,1,1,0,3175,1,5,2,16,18,90,0
0,1,0,1,0,1,1,0,1,1,8266,27,6,3,8,19,630,1
0,1,1,0,0,0,1,1,0,1,6722,12,4,4,20,23,165,0
0,1,0,0,0,1,0,0,1,0,3873,24,6,0,6,9,155,0
0,0,1,0,1,0,1,1,1,0,2575,3,4,2,13,15,90,0
0,1,0,1,0,1,1,0,1,1,7787,21,5,1,6,19,755,1
0,0,0,1,0,1,1,0,1,1,9257,3,3,6,2,7,345,1
0,0,1,1,0,0,1,1,0,1,4030,12,5,6,18,22,185,0
0,1,0,0,0,0,1,1,0,1,4991,3,5,4,21,0,175,0
0,0,0,1,0,1,1,0,1,1,9861,21,3,3,7,13,350,1
0,0,0,1,0,0,1,0,0,1,10406,15,3,4,16,21,285,1
0,0,1,1,0,0,1,1,0,1,7229,9,6,6,15,18,175,0
0,1,0,1,0,1,1,0,1,1,7670,15,5,2,8,21,735,1
0,0,1,1,0,1,1,0,1,1,14300,24,6,0,20,4,505,2
0,1,1,1,0,1,0,0,1,0,8452,15,5,2,7,10,1655,1
0,1,0,0,0,1,0,0,1,0,3873,6,4,5,14,17,150,0
0,1,0,0,0,1,0,0,1,0,6853,9,6,6,8,17,520,1
0,0,1,1,0,0,1,1,0,1,7229,6,4,5,11,14,175,0
0,0,1,1,0,0,1,1,0,1,7229,15,4,0,19,22,180,0
0,0,1,1,0,1,1,0,1,1,14714,3,6,0,19,12,1040,1
0,0,0,1,0,1,0,0,1,0,4804,12,6,2,17,19,155,0
0,0,0,1,0,1,0,0,1,0,11465,9,5,3,9,14,295,1
0,0,0,1,0,0,1,1,0,1,4591,21,4,6,23,2,170,0
0,0,0,1,0,1,1,0,1,1,6628,9,6,6,9,1,975,1
0,0,0,1,0,1,1,0,1,1,8025,6,3,2,2,7,345,1
1,0,0,0,0,1,1,0,1,1,6152,12,6,2,7,15,470,1
0,0,0,1,0,0,1,1,0,1,3943,3,4,2,10,13,170,0
0,1,1,1,0,1,0,0,1,0,9187,6,6,3,7,10,1655,1
0,1,1,1,0,1,0,0,1,0,9187,21,5,1,20,10,865,1
0,1,0,1,0,1,1,0,1,1,10276,6,3,2,9,16,385,1
0,1,0,1,0,1,1,0,1,1,12192,1,6,5,3,19,910,1
1,0,0,0,0,1,0,0,1,0,5554,24,3,6,19,23,215,1
0,0,1,0,0,1,1,0,1,1,6377,27,3,2,7,19,735,1
0,0,0,1,0,1,1,0,1,1,6232,21,3,3,20,1,305,1
0,0,0,1,0,1,1,0,1,1,6496,9,5,3,5,10,295,1
0,0,0,1,0,0,1,1,0,1,4823,24,6,0,18,21,185,0
0,0,0,1,0,1,0,0,1,0,6116,6,6,3,19,23,220,1
0,0,1,1,0,1,0,0,1,0,7757,9,5,3,20,18,1335,1
0,1,0,1,0,1,1,0,1,1,8266,21,5,1,8,19,630,1
0,1,0,0,0,1,0,0,1,0,3873,21,5,1,6,9,155,0
0,0,1,1,0,1,0,0,1,0,11841,15,5,2,21,10,775,1
0,0,0,1,0,1,0,0,1,0,4804,24,5,4,15,18,155,0
0,0,0,1,0,0,1,1,0,1,3943,1,6,5,10,13,170,0
0,1,0,1,0,1,1,0,1,1,15898,27,5,0,11,19,465,1
0,0,1,1,0,1,0,0,1,0,14151,15,5,2,17,21,1685,1
0,0,1,1,0,1,1,0,1,1,10577,9,6,6,16,4,745,1
0,0,1,0,0,0,1,1,0,1,4441,3,4,2,6,8,165,0
0,0,1,1,0,1,1,0,1,1,5177,6,4,5,11,12,1505,1
0,0,1,0,0,1,0,0,1,0,4460,1,4,0,20,23,155,0
0,1,0,1,0,1,1,0,1,1,13727,18,5,5,8,21,780,1
0,0,1,1,0,1,1,0,1,1,14714,3,6,0,16,12,1235,1
0,0,1,1,0,1,1,0,1,1,10588,6,6,3,21,19,1295,2
0,0,1,1,0,1,1,0,1,1,7438,21,3,3,9,18,590,1
0,0,1,0,0,1,1,0,1,1,12677,6,3,2,20,9,765,1
0,0,1,1,0,1,1,0,1,1,14714,6,6,3,18,19,1485,1
0,0,0,1,1,0,1,1,1,0,2754,24,6,0,12,13,90,0
0,0,0,1,0,1,1,0,1,1,6494,21,3,3,7,21,825,2
0,0,0,1,0,0,1,0,0,1,5607,15,3,4,16,20,260,1
0,0,1,1,0,0,1,0,0,1,25735,1,3,4,22,21,1350,1
0,0,0,1,0,0,1,1,0,1,4823,3,5,4,7,10,175,0
0,0,1,0,1,0,1,1,1,0,2050,21,3,3,21,22,80,0
0,0,1,0,0,0,1,0,0,1,12127,12,3,1,8,23,865,1
0,1,0,1,0,1,1,0,1,1,13377,12,6,2,18,1,435,1
0,0,1,1,0,0,1,1,0,1,7229,6,5,0,19,22,180,0
0,1,1,1,0,1,1,0,1,1,6216,24,4,2,6,9,190,0
0,0,1,0,0,1,1,0,1,1,8456,9,6,6,18,21,185,0
0,0,1,1,0,1,1,0,1,1,15129,18,5,5,19,12,1045,2
0,0,1,1,0,0,1,0,0,1,13817,12,3,1,16,7,885,1
0,1,1,0,0,1,1,0,1,1,6296,6,5,0,7,13,370,1
0,0,1,0,0,1,0,0,1,0,5170,21,3,3,14,16,150,0
0,1,0,0,0,0,1,1,0,1,3919,24,5,4,21,0,175,0
0,0,0,1,0,0,1,1,0,1,4823,3,4,2,7,10,175,0
0,0,1,1,0,1,1,0,1,1,10262,24,6,0,10,4,1105,1
0,0,1,1,0,1,1,0,1,1,13882,9,6,6,14,12,1350,2
0,1,0,1,0,1,1,0,1,1,13587,6,6,3,13,21,480,1
0,0,1,1,0,1,1,0,1,1,11848,9,3,5,0,4,1685,1
0,0,1,0,1,0,1,1,1,0,11678,6,3,2,10,23,825,1
0,0,0,1,0,0,1,1,0,1,4823,18,5,5,18,21,175,0
0,1,0,0,0,0,1,1,0,1,3919,15,4,0,21,0,175,0
0,1,1,1,1,0,0,1,0,0,11982,12,6,2,17,20,140,0
0,0,1,1,0,1,0,0,1,0,10703,1,5,2,9,18,505,1
0,0,1,1,0,1,0,0,1,0,10844,18,5,5,18,23,1720,1
0,0,1,1,0,1,0,0,1,0,10844,15,5,2,18,19,1495,1
0,0,0,1,1,0,1,1,1,0,3175,27,6,3,16,18,90,0
0,0,1,0,0,1,1,0,1,1,9929,1,6,5,8,19,675,1
0,0,1,1,0,0,1,0,0,1,19225,6,3,2,14,19,305,1
0,1,0,0,1,0,1,1,1,0,2017,24,5,4,5,7,90,0
0,0,1,1,0,0,1,0,0,1,7832,21,3,3,11,12,1475,1
0,0,1,1,0,1,0,0,1,0,9663,1,5,2,6,9,1610,1
0,1,0,1,0,1,1,0,1,1,7005,9,6,6,11,21,560,1
0,0,0,1,1,0,1,1,1,0,3175,12,5,6,2,4,90,0
0,0,1,0,0,1,0,0,1,0,5006,1,4,0,14,15,1485,1
0,1,0,1,0,1,1,0,1,1,9526,15,6,5,8,19,630,1
0,0,1,1,0,1,1,0,1,1,13292,6,6,3,5,19,810,2
0,0,0,1,0,1,1,0,1,1,6058,9,5,3,21,3,345,1
0,0,1,0,0,1,1,0,1,1,10493,24,6,0,5,7,1585,3
0,0,1,1,0,1,0,0,1,0,10844,9,6,6,16,22,365,1
0,0,1,1,0,1,0,0,1,0,10953,1,4,0,9,21,690,1
0,0,1,1,0,1,0,0,1,0,10844,21,5,1,20,12,960,1
0,0,1,1,0,1,0,0,1,0,10539,6,6,3,20,9,800,1
0,1,1,1,0,1,1,0,1,1,6741,18,5,5,6,9,190,0
0,0,1,1,0,1,0,0,1,0,14571,6,6,3,20,9,800,1
0,0,1,1,0,1,0,0,1,0,14781,9,5,3,8,18,590,1
0,0,0,1,1,0,1,1,1,0,3838,18,5,5,16,18,90,0
0,0,1,0,0,1,1,0,1,1,5201,18,6,1,14,17,230,0
1,0,0,0,0,1,1,0,1,1,8759,9,6,6,7,15,470,1
0,1,1,0,0,1,1,0,1,1,6195,24,4,2,7,12,355,1
0,0,1,0,1,0,1,1,1,0,3100,15,3,4,19,20,75,0
0,1,0,0,0,1,1,0,1,1,5975,18,5,5,17,22,295,1
0,0,1,1,0,1,0,0,1,0,10844,9,6,6,14,23,570,1
0,0,1,1,0,1,1,0,1,1,16079,27,5,0,20,4,450,1
0,1,0,0,1,0,0,1,0,0,3543,27,5,0,8,10,135,0
0,1,0,0,0,1,0,0,1,0,3841,3,5,4,17,19,150,0
0,0,1,1,0,1,1,0,1,1,10262,15,6,5,19,12,1040,1
0,0,1,1,0,1,0,0,1,0,12692,12,6,2,9,23,840,1
0,0,0,1,1,0,0,1,0,0,3850,1,6,5,7,10,140,0
0,0,1,1,0,1,1,0,1,1,12373,18,5,5,8,4,1225,1
0,0,1,0,1,0,1,1,1,0,3100,21,3,3,13,15,90,0
0,1,1,1,0,0,1,1,0,1,4878,18,5,5,19,22,165,0
1,0,1,1,0,1,1,0,1,1,9845,21,3,3,8,21,725,1
0,0,0,1,0,0,1,1,0,1,4077,1,5,2,1,4,165,0
0,1,0,1,0,1,1,0,1,1,9315,21,5,1,7,19,690,1
0,0,1,1,0,1,0,0,1,0,14781,9,5,3,14,23,570,1
0,0,1,0,1,0,1,1,1,0,17327,6,3,2,16,16,5,2
0,0,1,0,0,0,1,0,0,1,9481,9,3,5,17,19,170,0
0,0,1,1,0,1,1,0,1,1,8938,27,3,2,5,19,2315,2
0,0,1,1,0,1,0,0,1,0,14388,9,5,3,6,12,330,1
0,0,1,0,0,1,1,0,1,1,5704,21,3,3,20,23,1590,1
0,1,1,0,0,0,1,1,0,1,3898,9,6,6,7,10,175,0
0,0,1,1,1,0,1,1,1,0,5678,27,3,2,2,4,90,0
0,0,0,1,0,1,1,0,1,1,6937,9,3,5,7,12,265,1
0,0,0,1,1,0,1,1,1,0,2754,21,3,3,19,20,85,0
0,1,0,0,1,0,1,1,1,0,2647,15,3,4,22,0,85,0
0,0,0,1,0,1,0,0,1,0,4226,21,5,1,6,10,240,1
0,1,1,0,0,0,1,1,0,1,4239,18,5,5,7,10,175,0
0,0,0,1,0,1,1,0,1,1,9165,27,6,3,23,4,305,1
0,0,1,1,0,0,1,0,0,1,18308,1,3,4,19,22,160,0
0,1,0,1,0,1,1,0,1,1,14486,21,3,3,7,15,505,1
1,0,0,0,0,0,1,1,0,1,4282,9,4,1,4,7,170,0
0,1,0,1,0,1,1,0,1,1,13587,27,6,3,8,21,780,1
0,1,0,1,0,1,1,0,1,1,13587,3,6,0,11,21,570,1
0,0,1,1,0,1,1,0,1,1,6645,27,3,2,8,4,1225,1
0,1,0,0,0,0,1,1,0,1,4423,15,4,0,5,8,160,0
0,0,1,0,0,0,1,0,0,1,11518,18,3,0,17,23,1800,2
0,0,1,1,0,1,0,0,1,0,13759,24,3,6,13,4,890,1
0,1,0,0,0,0,1,1,0,1,3625,18,6,1,5,8,160,0
0,0,0,1,0,1,0,0,1,0,4148,15,3,4,5,8,170,0
0,1,1,1,0,0,1,1,0,1,5613,24,4,2,17,19,155,0
0,0,1,0,0,1,0,0,1,0,14298,6,5,0,10,10,1440,2
0,0,1,1,0,0,1,0,0,1,7832,21,3,3,8,21,800,1
0,0,0,1,0,1,1,0,1,1,6442,21,5,1,8,18,575,1
0,0,1,1,1,0,1,1,1,0,5678,1,4,0,2,4,85,0
0,0,1,1,0,1,0,0,1,0,7064,1,4,0,18,4,585,1
0,0,1,1,0,1,0,0,1,0,14151,18,5,5,17,9,1005,1
0,1,1,0,0,0,1,1,0,1,3419,24,6,0,20,23,165,0
0,0,1,1,0,1,1,0,1,1,15554,9,3,5,17,4,660,1
0,0,1,0,0,0,1,0,0,1,13859,18,3,0,0,8,495,1
0,1,0,0,0,1,0,0,1,0,3847,15,3,4,22,0,140,0
0,1,1,0,0,0,1,0,0,1,7657,9,3,5,15,20,265,1
0,0,1,1,0,0,1,1,0,1,7229,27,5,0,7,10,180,0
0,0,0,1,1,0,1,1,1,0,2227,18,6,1,20,21,95,0
0,1,0,0,0,0,1,1,0,1,3971,21,6,4,5,8,160,0
0,0,0,1,0,1,1,0,1,1,6628,27,6,3,9,1,975,1
0,0,1,1,0,1,0,0,1,0,13584,6,5,0,21,10,775,1
0,1,0,0,0,1,0,0,1,0,4148,21,3,3,6,9,160,0
0,0,1,1,0,1,0,0,1,0,14571,9,6,6,6,18,705,1
0,1,0,0,0,1,0,0,1,0,3841,21,5,1,22,0,140,0
0,0,1,1,0,0,1,1,0,1,5198,12,4,4,6,8,165,0
1,0,0,0,0,0,1,1,0,1,3383,24,4,2,4,7,170,0
0,0,1,1,0,1,1,0,1,1,7202,6,6,3,11,14,195,0
0,0,0,1,0,1,1,0,1,1,5021,3,4,2,21,0,195,0
0,1,1,0,0,0,1,1,0,1,4239,3,5,4,20,23,165,0
0,0,1,1,0,1,1,0,1,1,15129,27,5,0,19,12,1025,2
0,1,1,1,0,0,1,0,0,1,21520,1,3,4,7,9,160,0
0,0,0,1,0,1,1,0,1,1,7673,3,3,6,5,8,195,0
0,0,0,1,0,0,1,1,0,1,4823,18,6,1,20,22,170,0
0,0,1,1,0,1,1,0,1,1,15190,1,6,5,7,19,715,1
0,0,1,1,0,1,0,0,1,0,14781,18,5,5,8,22,850,1
0,0,0,1,0,1,0,0,1,0,4804,18,5,5,15,18,155,0
0,0,1,1,0,1,1,0,1,1,10262,1,6,5,13,12,1415,1
0,0,0,1,0,1,1,0,1,1,7503,15,5,2,9,21,705,1
0,0,1,1,0,0,1,1,0,1,8016,15,6,5,11,14,175,0
0,0,0,1,1,0,1,1,1,0,4049,9,6,6,6,7,90,0
0,0,1,0,0,0,1,0,0,1,12389,3,3,6,5,12,425,1
0,1,0,0,1,0,0,1,0,0,3597,12,5,6,17,20,140,0
0,1,0,1,0,1,1,0,1,1,13727,15,5,2,11,1,840,1
0,0,1,1,1,0,1,1,1,0,5678,1,5,2,2,4,85,0
0,1,0,1,0,1,1,0,1,1,7670,9,5,3,10,21,640,1
0,0,1,1,0,1,0,0,1,0,10844,18,5,5,14,23,570,1
0,0,1,1,0,1,0,0,1,0,7064,1,4,0,16,18,1545,1
0,1,0,1,0,1,1,0,1,1,8930,3,6,0,9,21,720,1
1,0,0,0,0,0,1,1,0,1,4282,1,4,0,4,7,170,0
0,0,0,1,0,0,1,1,0,1,4823,21,6,4,8,11,170,0
0,0,1,1,0,1,1,0,1,1,12373,9,5,3,7,4,1280,1
0,0,1,1,0,0,1,0,0,1,11087,9,3,5,7,20,800,1
0,0,1,1,0,1,1,0,1,1,16079,3,6,0,21,4,395,1
0,0,0,1,0,1,1,0,1,1,5601,12,6,2,5,8,195,0
0,1,0,0,1,0,1,1,1,0,2753,9,6,6,5,7,90,0
0,0,1,1,0,1,1,0,1,1,12898,27,6,3,22,4,335,1
0,1,0,1,0,1,1,0,1,1,15603,6,3,2,13,21,480,1
0,0,0,1,0,1,0,0,1,0,4174,12,4,4,9,12,165,0
0,0,0,1,0,0,1,0,0,1,6144,24,3,6,20,22,175,0
0,0,1,1,0,1,0,0,1,0,14781,6,5,0,8,18,590,1
0,0,0,1,0,1,1,0,1,1,6195,15,6,5,21,3,345,1
0,0,1,1,0,1,0,0,1,0,8586,6,5,0,6,8,1545,1
0,0,0,1,0,0,1,0,0,1,11934,1,3,4,22,1,170,0
0,0,1,0,0,1,0,0,1,0,14424,15,5,2,7,5,1345,2
0,0,1,1,0,1,1,0,1,1,18581,24,6,0,7,19,715,1
0,0,1,1,0,1,0,0,1,0,13941,12,5,6,21,4,450,1
0,0,1,1,0,0,1,1,0,1,7229,6,5,0,18,22,185,0
0,1,0,0,0,1,0,0,1,0,3873,15,5,2,6,9,155,0
0,0,1,1,0,1,1,0,1,1,14714,12,6,2,11,19,450,1
1,0,0,0,0,1,0,0,1,0,11245,24,3,6,15,22,450,2
0,0,0,1,0,1,1,0,1,1,6104,27,5,0,11,1,845,1
0,0,0,1,0,1,1,0,1,1,7094,6,3,2,7,22,885,1
0,0,1,1,0,1,0,0,1,0,10031,24,3,6,6,4,1335,1
0,0,1,1,0,1,0,0,1,0,13941,18,5,5,5,12,375,1
0,1,0,1,0,1,1,0,1,1,7198,24,6,0,19,1,390,1
0,1,0,0,0,0,1,0,0,1,3873,24,3,6,9,12,175,0
0,0,1,0,0,1,0,0,1,0,5747,12,3,1,14,16,150,0
0,0,1,0,1,0,1,1,1,0,3100,15,6,5,19,20,75,0
0,0,1,0,0,1,0,0,1,0,8996,6,5,0,9,13,245,1
0,1,0,1,0,1,1,0,1,1,9103,15,5,2,10,19,505,1
0,0,1,1,0,0,1,0,0,1,31825,1,3,4,18,9,890,1
0,0,1,1,0,1,0,0,1,0,14781,15,5,2,16,10,1055,1
0,0,1,1,0,0,1,1,0,1,7229,18,5,5,8,11,180,0
0,0,0,1,0,0,1,0,0,1,10067,1,3,4,23,2,170,0
0,0,1,1,0,1,1,0,1,1,10909,9,4,1,9,4,1125,2
0,0,0,1,0,1,0,0,1,0,4804,27,4,5,15,18,155,0
0,0,1,1,1,0,1,1,1,0,4050,1,6,5,2,4,85,0
0,0,1,1,0,1,0,0,1,0,14151,15,5,2,20,23,1630,1
0,1,0,0,0,1,0,0,1,0,3841,1,6,5,6,9,155,0
0,0,1,1,0,1,0,0,1,0,14781,9,5,3,14,19,345,1
0,1,1,1,0,1,0,0,1,0,9870,9,6,6,17,23,385,1
0,0,1,0,0,1,1,0,1,1,8907,27,5,0,13,23,570,1
0,0,1,1,0,0,1,0,0,1,26890,1,3,4,22,7,530,1
0,1,1,0,0,1,1,0,1,1,6195,15,4,0,7,12,355,1
0,0,1,1,0,0,1,0,0,1,7832,21,3,3,14,19,305,1
1,0,1,1,0,1,1,0,1,1,11269,21,3,3,8,15,395,1
0,1,1,1,0,0,1,0,0,1,5613,24,3,6,16,18,155,0
0,0,0,1,0,0,1,1,0,1,4284,1,5,2,0,3,175,0
0,1,1,1,0,0,1,1,0,1,4668,6,5,0,21,23,170,0
0,0,1,0,0,1,1,0,1,1,15197,3,3,6,8,19,675,1
0,0,1,1,0,1,0,0,1,0,9899,12,6,2,8,16,475,1
0,1,1,0,0,1,1,0,1,1,3948,27,6,3,10,19,540,1
0,0,1,1,0,0,1,0,0,1,10405,15,3,4,8,8,1400,1
0,1,0,1,0,1,1,0,1,1,15419,9,6,6,11,1,835,3
0,1,0,1,0,1,1,0,1,1,15135,3,3,6,8,18,625,1
1,0,1,1,0,1,1,0,1,1,13369,21,3,3,6,12,395,1
0,0,1,1,0,1,1,0,1,1,18804,27,6,3,11,19,440,2
1,0,0,0,0,1,1,0,1,1,6751,9,5,3,20,7,625,1
0,0,1,0,0,1,0,0,1,0,10203,9,5,3,20,8,745,1
0,0,1,1,0,0,1,0,0,1,27992,1,3,4,7,21,860,1
0,0,1,0,0,1,1,0,1,1,12488,12,6,2,7,19,725,2
0,0,1,1,0,0,1,1,0,1,5198,12,4,4,7,10,180,0
0,0,1,1,0,0,1,1,0,1,7229,1,5,2,17,20,180,0
0,0,1,0,0,1,0,0,1,0,12723,12,6,2,5,23,1045,2
0,0,1,0,1,0,1,1,1,0,13169,6,3,2,6,9,1630,2
0,0,1,0,0,1,0,0,1,0,8366,15,5,2,9,18,535,2
0,1,0,1,0,1,1,0,1,1,7670,9,5,3,6,21,900,1
0,0,1,1,0,0,1,1,0,1,7229,1,4,0,6,8,165,0
0,1,1,1,0,0,1,1,0,1,4668,1,6,5,21,23,170,0
1,0,0,0,0,1,1,0,1,1,8327,9,3,5,20,7,660,1
0,0,1,1,0,1,1,0,1,1,12898,21,5,1,20,12,940,1
0,0,0,1,0,1,0,0,1,0,4226,6,5,0,6,10,240,1
0,0,1,1,0,1,1,0,1,1,10262,27,6,3,19,19,1425,1
0,1,0,1,0,1,1,0,1,1,10678,24,6,0,4,19,845,1
0,0,1,0,0,1,1,0,1,1,8052,21,3,3,17,7,865,2
0,1,1,0,0,0,1,0,0,1,3898,24,3,6,11,14,175,0
1,0,0,0,0,1,0,0,1,0,3807,12,6,2,10,12,155,0
0,0,0,1,0,1,1,0,1,1,6838,3,6,0,9,21,705,1
0,0,1,1,0,1,1,0,1,1,13014,24,6,0,5,19,810,2
0,0,0,1,0,1,0,0,1,0,5224,12,4,4,14,16,150,0
0,1,0,1,0,1,1,0,1,1,13377,6,6,3,13,1,750,1
0,1,1,0,0,1,1,0,1,1,6633,21,5,1,7,12,355,1
1,0,0,0,0,1,0,0,1,0,5192,24,5,4,7,23,955,1
0,0,0,1,0,0,1,1,0,1,4591,18,4,3,22,1,170,0
0,0,1,0,0,1,0,0,1,0,4880,12,5,6,20,23,155,0
0,0,1,1,0,0,1,1,0,1,7229,27,4,5,17,20,180,0
0,0,1,1,0,1,1,0,1,1,12373,9,5,3,19,4,520,1
0,0,1,0,0,1,1,0,1,1,6094,27,4,5,14,17,180,0
0,0,1,1,0,1,1,0,1,1,10262,12,6,2,20,12,940,1
0,0,1,1,0,1,1,0,1,1,15439,9,4,1,11,19,440,2
0,0,0,1,0,0,1,1,0,1,4077,6,5,0,23,2,170,0
0,1,1,0,0,0,1,1,0,1,4632,18,5,5,20,23,165,0
0,0,1,1,0,1,0,0,1,0,12692,6,6,3,9,18,505,1
0,0,0,1,0,1,0,0,1,0,3480,24,4,2,19,23,265,1
0,1,0,1,0,1,1,0,1,1,19360,18,5,5,17,1,460,2
0,0,1,1,0,0,1,0,0,1,9134,15,3,4,11,8,1235,1
0,1,0,1,0,1,1,0,1,1,13587,24,6,0,14,21,420,1
0,0,1,1,0,1,1,0,1,1,15554,9,5,3,17,19,1530,1
0,0,1,1,0,0,1,0,0,1,7229,9,3,5,19,22,160,0
0,0,0,1,0,1,1,0,1,1,7514,6,3,2,8,22,825,1
0,1,0,1,0,1,1,0,1,1,13587,6,6,3,8,21,780,1
0,0,1,1,0,0,1,1,0,1,7229,9,6,6,7,10,180,0
0,0,1,1,0,1,1,0,1,1,10262,1,6,5,2,4,1570,1
0,0,0,1,0,1,1,0,1,1,14871,3,3,6,7,21,810,1
0,1,0,1,0,1,1,0,1,1,10529,27,5,0,8,19,615,1
0,0,0,1,0,1,1,0,1,1,6442,12,6,2,7,22,895,1
0,0,0,1,0,1,0,0,1,0,5170,21,5,1,15,20,290,1
0,0,0,1,0,1,1,0,1,1,6442,15,5,2,7,22,895,1
0,0,0,1,0,0,1,1,0,1,3419,27,5,0,0,3,175,0
0,0,1,1,0,0,1,0,0,1,17261,6,3,2,20,10,830,1
0,1,0,0,1,0,0,1,0,0,3543,24,6,0,8,10,135,0
1,0,0,0,0,0,1,1,0,1,3383,12,5,6,11,13,165,0
0,0,1,1,0,0,1,0,0,1,11087,12,3,1,18,11,990,1
0,0,1,1,0,0,1,1,0,1,7229,18,4,3,7,10,180,0
0,1,0,1,0,1,1,0,1,1,11249,9,3,5,4,19,870,1
0,0,1,1,0,0,1,0,0,1,16736,6,3,2,7,23,960,1
0,0,1,1,0,1,1,0,1,1,10262,24,6,0,17,4,655,1
0,0,1,1,0,1,1,0,1,1,10262,1,6,5,14,19,300,1
0,0,1,1,1,0,1,1,1,0,5678,15,5,2,2,4,85,0
0,1,0,1,0,1,1,0,1,1,8307,21,3,3,9,15,390,1
0,0,1,0,0,1,1,0,1,1,7690,18,5,5,17,9,965,1
0,0,1,1,0,1,1,0,1,1,16704,18,5,5,13,12,1390,2
0,0,1,0,0,1,1,0,1,1,10315,9,3,5,4,7,1660,1
0,0,1,0,0,1,0,0,1,0,12173,24,3,6,7,8,1555,1
0,0,1,0,0,1,0,0,1,0,4227,3,4,2,19,11,965,1
0,0,0,1,0,0,1,1,0,1,3943,12,6,2,6,8,165,0
0,0,1,1,0,0,1,1,0,1,7229,1,6,5,11,14,175,0
0,1,1,1,0,1,0,0,1,0,8610,15,5,2,7,20,790,1
0,0,0,1,0,0,1,0,0,1,7303,9,3,5,7,10,175,0
0,0,1,1,0,0,1,0,0,1,10972,18,3,0,18,7,780,1
0,1,0,1,0,1,1,0,1,1,7670,18,5,5,10,21,640,1
0,0,1,0,0,1,1,0,1,1,8372,15,5,2,10,19,555,1
0,0,0,1,0,1,1,0,1,1,6628,1,6,5,15,1,630,1
0,0,1,1,0,1,1,0,1,1,10262,9,6,6,13,12,1415,1
0,0,1,1,0,1,0,0,1,0,14178,24,5,4,16,9,1010,1
0,0,1,1,0,1,1,0,1,1,8518,27,3,2,5,18,820,2
0,0,1,1,0,1,1,0,1,1,13376,24,6,0,14,12,1320,2
0,1,1,1,0,1,0,0,1,0,8452,12,6,2,17,10,1065,1
0,0,1,1,0,1,1,0,1,1,18371,24,6,0,2,12,620,1
0,1,0,0,1,0,1,1,1,0,1965,3,4,2,13,14,90,0
0,0,1,1,0,1,1,0,1,1,10368,1,6,5,19,12,1025,2
0,0,1,1,0,1,0,0,1,0,11467,6,5,0,20,18,1295,1
0,0,1,1,0,1,0,0,1,0,14781,9,5,3,16,4,730,1
0,0,1,0,1,0,1,1,1,0,9535,6,3,2,20,9,780,1
0,0,1,0,1,0,1,1,1,0,2050,3,4,2,21,22,80,0
0,0,1,1,0,1,1,0,1,1,10368,12,6,2,19,4,535,2
0,0,1,1,0,1,0,0,1,0,10031,24,3,6,8,22,850,1
0,1,0,0,0,1,0,0,1,0,4491,21,4,6,9,11,145,0
0,0,1,1,0,0,1,1,0,1,7229,15,5,2,17,20,180,0
0,1,0,0,0,0,1,0,0,1,11401,3,3,6,10,18,475,1
0,0,0,1,1,0,0,1,0,0,3597,27,6,3,14,17,140,0
0,1,1,1,0,1,0,0,1,0,7927,12,6,2,17,9,965,1
0,1,0,0,0,1,0,0,1,0,4174,1,5,2,9,11,145,0
0,0,1,0,0,1,0,0,1,0,10203,1,5,2,7,16,555,1
0,1,1,1,0,1,0,0,1,0,8610,9,5,3,7,20,790,1
0,0,1,1,0,0,1,1,0,1,5769,12,6,2,15,18,175,0
0,0,0,1,0,1,0,0,1,0,5644,1,5,2,11,14,155,0
0,0,1,1,0,0,1,1,0,1,5769,3,6,0,7,10,180,0
0,0,1,1,0,0,1,1,0,1,7229,15,5,2,6,8,165,0
0,0,0,1,0,1,0,0,1,0,4226,9,6,6,6,10,240,1
0,0,0,1,0,0,1,0,0,1,4588,9,3,5,12,17,300,1
0,0,1,1,1,0,1,1,1,0,4995,21,5,1,10,11,90,0
0,0,1,1,0,1,1,0,1,1,5406,1,4,0,17,12,1145,1
0,1,0,0,0,1,0,0,1,0,3873,24,6,0,17,19,150,0
0,0,1,1,0,1,1,0,1,1,17024,6,3,2,11,18,440,1
0,1,0,0,0,1,1,0,1,1,5158,9,6,6,8,13,270,1
0,0,1,1,1,0,1,1,1,0,8040,1,5,2,10,11,90,0
0,0,1,1,0,1,0,0,1,0,10844,18,5,5,5,16,635,1
0,0,1,0,1,0,0,1,0,0,4667,12,5,6,11,13,135,0
0,0,1,1,1,0,1,1,1,0,5678,3,4,2,19,21,90,0
0,0,1,0,0,1,0,0,1,0,12513,12,5,6,5,20,875,2
0,0,1,1,0,0,1,1,0,1,8016,27,6,3,7,10,180,0
0,1,0,0,1,0,0,1,0,0,3543,1,6,5,17,20,140,0
0,0,1,1,0,1,1,0,1,1,5963,21,3,3,17,4,655,1
0,0,1,1,0,1,0,0,1,0,14781,18,5,5,8,16,475,1
0,0,1,1,0,1,1,0,1,1,12373,18,5,5,9,12,1655,1
0,0,1,1,1,0,1,1,1,0,3210,1,6,5,19,21,90,0
0,0,1,1,0,0,1,0,0,1,9134,15,3,4,5,18,760,1
0,0,1,1,0,1,1,0,1,1,10919,6,6,3,14,4,830,2
0,0,0,1,1,0,1,1,1,0,4575,1,5,2,9,10,90,0
0,0,0,1,0,1,1,0,1,1,5601,15,6,5,5,8,195,0
0,0,1,1,0,1,0,0,1,0,14151,18,5,5,17,23,395,1
0,0,1,0,0,1,0,0,1,0,10151,6,5,0,12,7,1195,2
0,1,1,1,0,0,1,1,0,1,5403,18,4,3,9,12,170,0
0,0,0,1,0,1,1,0,1,1,6147,27,5,0,2,7,345,1
0,0,0,1,0,1,0,0,1,0,4804,27,6,3,14,16,150,0
0,1,0,1,0,1,1,0,1,1,8371,27,3,2,8,19,620,1
0,0,1,1,0,1,1,0,1,1,13014,9,6,6,19,4,535,2
1,0,0,0,0,0,1,1,0,1,3383,24,5,4,4,7,170,0
0,1,0,0,1,0,0,1,0,0,7298,6,3,2,17,20,140,0
0,0,1,1,0,0,1,1,0,1,4544,3,4,2,7,10,180,0
0,1,0,1,0,1,1,0,1,1,15147,6,3,2,8,15,395,1
0,1,0,1,0,1,1,0,1,1,10782,9,3,5,4,19,900,1
0,0,0,1,0,1,1,0,1,1,6027,15,5,2,15,20,290,1
0,0,1,0,0,1,1,0,1,1,6681,27,3,2,6,8,1565,1
0,0,0,1,0,0,1,1,0,1,3943,24,6,0,23,2,170,0
0,0,1,1,0,1,1,0,1,1,12898,27,5,0,21,12,885,1
0,0,0,1,0,1,1,0,1,1,6628,6,6,3,18,1,415,1
0,0,1,0,0,1,1,0,1,1,5022,3,4,2,20,23,1590,1
0,0,1,0,0,1,1,0,1,1,12698,3,6,0,7,7,1470,2
1,0,0,0,0,1,1,0,1,1,10794,9,6,6,20,7,625,1
0,0,0,1,0,1,1,0,1,1,6416,9,6,6,11,21,575,1
0,1,0,0,0,1,0,0,1,0,4622,9,3,5,22,0,140,0
0,0,0,1,0,0,1,1,0,1,3943,27,5,0,13,15,170,0
1,0,0,0,0,1,0,0,1,0,4508,6,6,3,19,22,150,0
0,1,1,1,0,1,0,0,1,0,8452,12,6,2,7,22,930,1
0,0,1,0,0,1,0,0,1,0,13437,12,5,6,16,8,970,2
0,1,1,1,1,0,0,1,0,0,11982,18,5,5,17,20,140,0
0,0,1,1,0,1,0,0,1,0,10844,24,5,4,18,12,1025,1
0,0,1,1,0,1,1,0,1,1,14714,27,6,3,14,19,300,1
0,0,0,1,0,1,1,0,1,1,6093,27,6,3,6,21,860,1
0,0,0,1,0,1,1,0,1,1,5307,6,4,5,4,13,505,1
0,1,1,0,0,1,1,0,1,1,10188,15,5,2,14,19,310,1
0,0,1,1,0,1,0,0,1,0,14571,6,6,3,20,8,735,1
0,0,1,1,0,1,1,0,1,1,10976,27,3,2,19,4,555,2
0,0,1,1,0,1,0,0,1,0,10844,24,5,4,6,16,590,1
0,0,0,1,0,1,0,0,1,0,4488,9,4,1,20,22,155,0
0,0,1,0,0,1,1,0,1,1,8582,24,5,4,23,19,1215,1
0,0,1,1,0,1,1,0,1,1,10262,24,6,0,19,12,1010,1
0,1,1,1,0,1,0,0,1,0,8662,6,5,0,17,10,1065,1
0,0,1,1,1,0,1,1,1,0,2071,27,3,2,15,17,90,0
0,0,1,1,0,0,1,0,0,1,11087,12,3,1,22,15,980,1
0,0,1,0,0,0,1,1,0,1,5228,18,4,3,21,23,170,0
0,0,1,1,0,1,0,0,1,0,12996,1,4,0,6,16,590,1
0,0,1,1,0,0,1,0,0,1,16736,6,3,2,8,23,900,1
0,0,1,1,0,1,0,0,1,0,13941,1,5,2,18,10,910,1
0,0,1,0,0,0,1,0,0,1,9166,15,3,4,13,22,500,1
0,0,1,0,0,1,1,0,1,1,12677,3,3,6,5,6,1535,1
0,0,1,0,1,0,0,1,0,0,4405,24,3,6,11,13,135,0
0,0,1,1,0,1,0,0,1,0,12121,6,5,0,9,23,840,1
0,0,1,0,0,0,1,1,0,1,6121,6,6,3,21,23,170,0
0,0,1,1,0,1,0,0,1,0,14388,18,5,5,8,9,1495,1
0,0,1,1,0,1,0,0,1,0,11467,1,4,0,20,10,870,1
0,0,1,1,0,0,1,0,0,1,13817,12,3,1,21,10,780,1
0,0,1,0,1,0,1,1,1,0,3100,6,5,0,19,20,75,0
0,1,0,1,0,1,1,0,1,1,8266,21,5,1,11,19,455,1
0,0,1,1,0,1,0,0,1,0,13759,24,3,6,19,23,1660,1
0,0,0,1,0,0,1,1,0,1,3943,9,6,6,0,3,170,0
0,1,0,1,0,1,1,0,1,1,12327,27,3,2,18,1,440,1
0,0,0,1,1,0,1,1,1,0,4049,12,6,2,6,7,90,0
0,1,0,0,0,0,1,1,0,1,3573,1,6,5,21,0,175,0
1,0,0,0,0,1,0,0,1,0,4409,15,5,2,19,22,150,0
0,0,1,0,0,1,1,0,1,1,6565,27,3,2,7,9,1580,2
0,0,0,1,0,1,0,0,1,0,4174,15,4,0,21,0,160,0
0,0,1,1,0,0,1,1,0,1,4030,24,5,4,7,10,180,0
1,0,0,0,0,1,0,0,1,0,4082,21,3,3,10,12,155,0
0,0,1,0,0,1,0,0,1,0,6117,24,5,4,9,11,1555,2
0,0,1,1,0,0,1,0,0,1,6163,21,3,3,5,12,390,1
0,0,1,1,0,1,1,0,1,1,6540,27,3,2,16,4,745,1
0,1,0,0,0,1,0,0,1,0,4649,12,5,6,15,20,315,1
0,0,1,1,0,1,1,0,1,1,10262,9,6,6,21,19,1270,1
0,1,1,1,0,0,1,1,0,1,5613,6,4,5,19,22,165,0
0,0,0,1,0,0,1,0,0,1,6144,24,3,6,8,11,180,0
0,0,1,1,0,1,0,0,1,0,13067,12,5,6,17,22,1745,1
0,1,1,1,0,0,1,0,0,1,7608,3,3,6,21,0,175,0
0,1,0,1,0,1,1,0,1,1,7198,9,6,6,10,1,930,1
0,0,1,1,0,1,0,0,1,0,13941,15,5,2,16,23,425,1
0,0,1,1,0,1,1,0,1,1,10368,9,6,6,9,4,1125,2
0,1,0,0,1,0,0,1,0,0,3543,27,6,3,8,10,135,0
0,0,0,1,0,1,0,0,1,0,4462,27,3,2,20,23,160,0
0,0,1,0,0,1,0,0,1,0,8005,24,3,6,5,13,470,2
0,0,1,1,0,1,0,0,1,0,7064,1,4,0,18,22,1660,1
0,0,1,1,0,1,0,0,1,0,12121,1,5,2,20,21,1480,1
0,0,1,0,0,1,1,0,1,1,8918,9,5,3,12,19,435,2
0,0,1,0,0,1,0,0,1,0,8891,12,5,6,9,21,745,1
0,0,1,0,0,1,0,0,1,0,10203,1,5,2,10,16,375,1
0,1,0,1,0,1,1,0,1,1,8073,15,5,2,13,21,480,1
0,0,0,1,0,1,1,0,1,1,11237,3,3,6,16,22,370,1
0,0,1,1,0,1,1,0,1,1,13376,12,6,2,6,4,1300,2
0,1,0,1,0,1,1,0,1,1,6513,9,6,6,7,22,920,1
0,0,1,1,0,1,0,0,1,0,13731,24,5,4,18,4,585,1
0,0,1,1,0,1,0,0,1,0,7064,1,4,0,20,19,1430,1
0,0,1,1,0,0,1,0,0,1,16736,6,3,2,5,19,805,1
0,0,1,1,0,1,0,0,1,0,8586,15,5,2,20,10,845,1
0,1,0,1,0,1,1,0,1,1,11789,15,6,5,6,19,780,1
0,0,0,1,0,1,0,0,1,0,5224,24,5,4,11,14,155,0
0,0,0,1,0,1,1,0,1,1,6834,15,5,2,21,0,195,0
0,0,0,1,0,1,1,0,1,1,6316,15,6,5,16,1,570,1
0,0,1,1,0,1,1,0,1,1,11869,21,3,3,10,18,1925,2
1,0,0,0,0,1,0,0,1,0,4384,6,3,2,22,1,150,0
0,0,0,1,0,1,0,0,1,0,5644,21,4,6,14,16,150,0
0,0,1,0,0,1,1,0,1,1,19681,9,3,5,20,19,1380,2
0,1,0,1,0,1,1,0,1,1,13377,6,6,3,10,1,930,1
0,1,0,1,0,1,1,0,1,1,10090,9,3,5,9,21,695,2
0,0,1,1,1,0,1,1,1,0,20845,6,3,2,17,16,1380,2
0,1,1,1,0,0,1,1,0,1,4878,24,6,0,17,19,155,0
0,0,0,1,1,0,1,1,1,0,2227,1,6,5,21,22,90,0
0,0,0,1,0,1,1,0,1,1,6442,18,5,5,7,16,515,1
0,1,0,0,0,0,1,1,0,1,3257,27,5,0,21,0,175,0
0,0,1,1,0,0,1,1,0,1,7229,15,6,5,6,8,165,0
0,0,1,0,0,1,0,0,1,0,15164,1,5,2,20,13,1035,2
0,0,0,1,0,0,1,0,0,1,10067,24,3,6,10,13,170,0
0,0,1,0,0,1,1,0,1,1,5674,15,3,4,14,17,180,0
0,0,1,1,0,0,1,0,0,1,20800,1,3,4,14,10,1220,1
0,0,0,1,0,1,1,0,1,1,7144,18,5,5,6,22,940,1
0,0,1,0,0,1,1,0,1,1,6094,27,5,0,5,8,170,0
0,0,1,1,1,0,1,1,1,0,4050,18,5,5,10,11,90,0
0,1,0,0,1,0,0,1,0,0,3859,24,6,0,9,12,135,0
0,0,1,1,0,1,1,0,1,1,11664,21,3,3,10,18,1950,2
0,1,0,1,0,1,1,0,1,1,7731,6,3,2,7,21,850,2
0,0,1,1,0,1,0,0,1,0,12692,12,6,2,9,19,575,1
0,0,1,0,0,1,1,0,1,1,11307,18,5,5,13,9,1210,2
0,0,1,1,0,1,0,0,1,0,8586,9,6,6,21,4,450,1
0,0,0,1,0,0,1,0,0,1,5746,21,3,3,11,15,245,1
0,1,0,1,0,1,1,0,1,1,13378,21,3,3,8,19,675,1
0,0,1,0,0,0,1,0,0,1,7486,24,3,6,17,19,165,0
0,1,0,0,1,0,0,1,0,0,7298,6,3,2,9,12,155,0
0,1,0,1,0,1,1,0,1,1,7005,12,6,2,11,21,560,1
0,0,0,1,0,1,0,0,1,0,4804,12,5,6,17,19,155,0
0,0,0,1,0,1,1,0,1,1,16162,9,3,5,4,12,490,1
0,0,0,1,0,0,1,1,0,1,3419,24,4,2,0,3,175,0
1,0,0,0,0,1,0,0,1,0,5192,1,5,2,15,23,500,2
1,0,0,0,0,1,0,0,1,0,4409,15,4,0,10,12,155,0
0,0,1,1,0,0,1,1,0,1,7229,18,4,3,8,11,180,0
0,0,0,1,0,0,1,0,0,1,5397,15,3,4,16,21,295,1
0,0,1,1,0,1,1,0,1,1,6542,15,4,0,14,19,300,1
0,1,1,0,0,1,1,0,1,1,5281,27,3,2,10,19,535,1
0,1,0,1,0,1,1,0,1,1,8266,6,6,3,12,19,385,1
0,0,1,1,0,1,1,0,1,1,10262,12,6,2,14,19,300,1
0,1,1,1,0,1,0,0,1,0,11105,24,3,6,20,20,1445,1
0,0,1,1,0,0,1,1,0,1,4544,3,4,2,8,11,180,0
0,0,1,0,0,1,0,0,1,0,4960,6,3,2,14,16,150,0
0,0,1,1,0,0,1,0,0,1,16736,6,3,2,8,5,1210,1
0,1,0,1,0,1,1,0,1,1,13377,1,6,5,10,1,930,1
0,1,0,0,1,0,1,1,1,0,2227,18,5,5,13,14,90,0
0,0,1,0,1,0,1,1,1,0,3100,15,3,4,6,7,80,0
0,0,1,0,1,0,1,1,1,0,3100,9,6,6,21,22,80,0
0,1,0,0,0,1,0,0,1,0,3873,18,5,5,6,9,155,0
0,0,0,1,1,0,1,1,1,0,5232,3,3,6,20,21,90,0
0,0,1,1,0,0,1,1,0,1,3359,27,5,0,18,22,185,0
0,0,0,1,0,1,1,0,1,1,7725,6,3,2,7,12,265,1
0,0,1,0,0,0,1,0,0,1,4441,24,3,6,21,23,170,0
0,0,1,1,0,1,0,0,1,0,8529,12,6,2,21,10,775,1
0,1,0,1,0,1,1,0,1,1,14973,3,3,6,4,13,560,1
0,0,1,1,0,1,0,0,1,0,14571,24,5,4,8,19,685,1
0,1,0,0,0,0,1,1,0,1,3257,3,6,0,21,0,175,0
0,0,1,1,0,0,1,0,0,1,11087,18,3,0,16,23,365,1
0,1,0,0,0,1,0,0,1,0,3873,1,4,0,6,9,155,0
0,1,0,0,0,0,1,1,0,1,4423,15,4,0,9,12,170,0
0,0,1,0,0,1,1,0,1,1,11753,3,6,0,10,7,1245,2
0,0,1,1,0,1,0,0,1,0,14571,24,5,4,16,23,425,1
0,1,0,1,0,1,1,0,1,1,8475,3,6,0,6,21,900,1
0,0,1,1,0,1,0,0,1,0,13941,1,5,2,20,10,845,1
0,0,1,1,0,1,1,0,1,1,16079,21,5,1,19,19,1395,1
0,1,0,1,0,1,1,0,1,1,13399,6,3,2,4,18,890,1
0,0,1,1,0,1,1,0,1,1,14714,6,6,3,10,19,540,1
1,0,0,0,0,0,1,1,0,1,3383,18,6,1,11,13,165,0
0,0,1,1,0,0,1,0,0,1,22270,1,3,4,14,8,1090,1
0,1,1,1,1,0,0,1,0,0,5944,3,3,6,7,9,135,0
0,0,1,1,0,1,0,0,1,0,9663,12,5,6,18,8,800,1
0,1,0,1,0,1,1,0,1,1,7740,1,6,5,11,21,560,1
0,0,1,0,0,1,0,0,1,0,7211,1,4,0,20,23,1605,1
0,0,1,1,0,0,1,1,0,1,7229,1,4,0,18,22,185,0
0,0,0,1,0,1,0,0,1,0,4174,6,4,5,11,14,155,0
0,0,1,0,0,1,0,0,1,0,5170,15,3,4,14,16,150,0
0,1,0,1,0,1,1,0,1,1,15135,3,3,6,9,18,580,1
0,1,0,0,0,1,0,0,1,0,4649,9,4,1,15,20,315,1
0,1,1,1,0,0,1,1,0,1,4668,1,5,2,7,9,160,0
0,0,1,0,0,1,1,0,1,1,7480,12,6,2,20,9,765,1
0,0,1,0,0,0,1,1,0,1,6121,18,4,3,17,19,165,0
0,0,1,1,0,1,1,0,1,1,15129,27,5,0,23,19,1195,2
0,0,1,0,0,1,0,0,1,0,7452,6,5,0,9,21,675,1
0,0,1,1,0,1,0,0,1,0,10539,6,6,3,9,10,1520,1
0,0,0,1,0,0,1,0,0,1,7648,3,3,6,22,1,170,0
0,1,0,0,0,0,1,0,0,1,3925,24,3,6,9,12,175,0
0,0,0,1,1,0,0,1,0,0,3597,15,6,5,13,15,140,0
0,0,1,1,0,1,0,0,1,0,8586,1,5,2,18,10,910,1
0,0,1,0,0,1,1,0,1,1,13591,27,6,3,16,19,1580,2
0,1,0,1,0,1,1,0,1,1,9646,1,6,5,7,16,545,1
0,1,1,1,0,0,1,1,0,1,4668,6,5,0,9,12,170,0
0,0,1,0,0,1,0,0,1,0,10203,9,5,3,10,20,625,1
0,0,1,0,0,0,1,0,0,1,7932,24,3,6,6,13,385,1
0,0,1,0,0,1,0,0,1,0,7893,1,4,0,16,7,905,1
0,0,1,1,0,1,1,0,1,1,13029,9,5,3,5,19,810,2
0,0,1,1,0,1,1,0,1,1,10262,12,6,2,9,12,1655,1
0,0,0,1,0,1,0,0,1,0,3574,12,6,2,19,23,265,1
1,0,0,0,0,1,1,0,1,1,8759,3,6,0,7,22,870,1
0,0,1,1,0,0,1,0,0,1,13502,3,3,6,8,7,1420,1
0,0,1,0,0,1,0,0,1,0,6528,18,5,5,14,14,1440,1
0,0,1,1,0,1,1,0,1,1,6017,27,3,2,15,4,800,1
0,1,1,1,0,0,1,1,0,1,5613,9,4,1,19,22,165,0
0,0,1,1,1,0,1,1,1,0,8040,27,6,3,8,10,90,0
0,0,0,1,0,0,1,0,0,1,5694,24,3,6,4,6,170,0
0,0,1,1,0,1,1,0,1,1,12898,21,5,1,17,19,1530,1
1,0,0,0,0,1,0,0,1,0,5192,12,6,2,7,19,710,1
0,0,1,1,0,1,1,0,1,1,14714,1,6,5,15,19,1680,1
0,0,1,1,0,0,1,0,0,1,13817,12,3,1,5,23,1035,1
0,0,1,1,0,1,1,0,1,1,14714,15,6,5,9,19,600,1
0,0,0,1,1,0,0,1,0,0,3597,12,5,6,19,21,140,0
0,0,1,0,0,0,1,1,0,1,6121,9,5,3,13,16,170,0
0,0,1,0,0,1,0,0,1,0,11642,9,6,6,16,5,765,2
0,0,1,1,0,1,1,0,1,1,15764,6,3,2,16,4,745,1
0,0,0,1,0,1,0,0,1,0,4804,1,6,5,4,7,155,0
0,0,1,0,0,1,1,0,1,1,13223,27,5,0,10,19,500,2
0,0,0,1,1,0,0,1,0,0,3858,24,6,0,11,14,145,0
0,1,0,1,0,1,1,0,1,1,6795,3,6,0,10,1,910,1
1,0,0,0,0,1,1,0,1,1,8327,9,3,5,16,22,330,1
0,0,1,0,0,1,1,0,1,1,8907,21,5,1,9,23,810,1
0,0,0,1,0,1,0,0,1,0,7095,9,6,6,15,20,320,1
0,0,1,0,0,1,1,0,1,1,6902,21,3,3,21,7,640,1
0,0,1,1,0,1,1,0,1,1,13029,21,5,1,19,12,1025,2
0,0,1,0,0,1,1,0,1,1,8372,9,5,3,10,19,555,1
0,0,1,1,0,1,0,0,1,0,10844,24,5,4,8,19,685,1
1,0,0,0,0,1,0,0,1,0,4384,6,3,2,19,22,150,0
0,0,1,1,0,1,0,0,1,0,12121,15,5,2,9,22,750,1
0,0,1,1,0,1,0,0,1,0,11467,21,5,1,9,14,1730,1
0,0,0,1,0,0,1,0,0,1,6860,3,3,6,20,22,175,0
0,0,1,0,0,1,1,0,1,1,11241,15,6,5,10,19,555,1
0,0,1,1,0,1,0,0,1,0,13759,24,3,6,19,20,1495,1
0,0,0,1,0,1,0,0,1,0,4226,1,5,2,19,23,220,1
0,0,0,1,0,1,1,0,1,1,9274,9,5,3,16,1,570,1
0,1,0,1,0,1,1,0,1,1,12192,27,6,3,8,19,660,1
0,0,0,1,0,1,0,0,1,0,4804,9,6,6,9,12,165,0
0,0,1,1,0,1,1,0,1,1,10262,27,6,3,11,12,1505,1
0,0,1,1,0,1,1,0,1,1,10262,15,6,5,13,12,1415,1
0,0,0,1,1,0,1,1,1,0,3175,9,6,6,16,18,90,0
0,0,1,1,0,1,1,0,1,1,12898,27,5,0,17,12,1145,1
0,0,1,1,0,1,1,0,1,1,9564,21,6,4,11,14,195,0
0,0,1,0,0,1,0,0,1,0,15187,24,3,6,9,7,1365,2
0,0,1,0,0,1,0,0,1,0,12802,24,5,4,9,13,1700,2
0,0,0,1,0,1,0,0,1,0,4804,3,6,0,9,12,155,0
0,1,0,0,1,0,0,1,0,0,6300,9,3,5,17,20,140,0
0,1,0,0,0,1,0,0,1,0,3873,27,5,0,17,19,150,0
0,0,0,1,0,1,0,0,1,0,5224,1,6,5,17,19,155,0
0,0,1,0,0,0,1,1,0,1,5228,15,4,0,21,23,170,0
0,0,1,0,1,0,1,1,1,0,8065,12,3,1,9,9,1440,1
0,0,1,0,0,0,1,1,0,1,4441,3,4,2,21,23,170,0
0,1,0,1,0,1,1,0,1,1,7354,3,6,0,10,19,520,1
0,0,1,0,0,1,1,0,1,1,6094,21,5,1,5,8,170,0
0,0,1,1,0,1,0,0,1,0,7064,1,4,0,20,12,960,1
0,0,1,1,0,1,1,0,1,1,13292,9,6,6,9,4,1130,2
0,0,1,1,0,1,1,0,1,1,7791,21,3,3,10,18,1925,2
0,0,1,0,0,1,1,0,1,1,7480,12,6,2,12,9,1255,1
0,0,0,1,0,1,0,0,1,0,5069,15,5,2,8,13,290,1
0,1,0,0,0,0,1,1,0,1,3257,18,6,1,9,12,170,0
0,1,0,1,0,1,1,0,1,1,34273,9,5,3,12,1,760,1
0,0,1,1,0,1,1,0,1,1,16704,18,5,5,19,19,1430,2
0,0,1,0,0,1,0,0,1,0,11432,9,5,3,8,23,895,2
0,0,1,0,1,0,1,1,1,0,4307,12,3,1,21,22,80,0
0,0,1,1,0,1,1,0,1,1,13029,27,5,0,19,12,1025,2
0,0,1,0,1,0,1,1,1,0,3100,21,5,1,15,16,85,0
0,0,1,1,0,1,0,0,1,0,10031,24,3,6,19,22,1610,1
0,1,0,0,0,1,0,0,1,0,3841,6,6,3,6,9,155,0
0,0,1,1,0,0,1,1,0,1,4030,15,5,2,19,22,180,0
0,0,1,0,0,1,1,0,1,1,10441,15,6,5,22,19,1275,2
0,0,1,0,0,1,0,0,1,0,14221,24,3,6,12,23,2115,3
0,0,1,1,0,1,1,0,1,1,10262,3,6,0,11,19,450,1
0,0,1,1,0,0,1,1,0,1,7229,15,4,0,11,14,175,0
0,0,0,1,0,0,1,0,0,1,8033,24,3,6,13,15,170,0
0,0,0,1,0,1,1,0,1,1,6818,15,6,5,5,12,425,1
0,1,0,1,0,1,1,0,1,1,7485,21,5,1,8,21,735,1
0,1,0,0,0,0,1,1,0,1,3971,3,6,0,9,12,170,0
0,1,0,0,1,0,0,1,0,0,3597,15,5,2,17,20,140,0
0,0,1,1,1,0,1,1,1,0,5678,18,3,0,2,4,90,0
0,0,1,0,0,1,0,0,1,0,8366,24,5,4,9,7,1350,1
0,0,1,0,0,1,1,0,1,1,11753,6,6,3,10,19,500,2
0,1,0,0,0,1,0,0,1,0,3841,24,6,0,22,0,140,0
0,1,1,1,0,1,0,0,1,0,9345,15,5,2,17,23,385,1
0,0,1,0,0,1,0,0,1,0,15107,6,6,3,14,8,1105,2
0,1,0,1,0,1,1,0,1,1,9646,6,6,3,7,22,925,1
0,0,1,1,0,1,1,0,1,1,10262,9,6,6,7,4,1280,1
0,0,1,1,0,1,1,0,1,1,8456,27,3,2,19,4,555,2
0,1,0,0,0,1,0,0,1,0,3841,9,6,6,22,0,140,0
0,1,0,1,0,1,1,0,1,1,12537,27,3,2,7,13,375,1
0,0,0,1,0,1,0,0,1,0,4804,6,6,3,9,12,155,0
0,1,0,1,0,1,1,0,1,1,7005,6,6,3,10,21,640,1
0,1,0,1,0,1,1,0,1,1,13587,15,6,5,7,21,835,1
0,0,1,1,1,0,1,1,1,0,4050,12,5,6,7,8,85,0
0,0,0,1,0,1,0,0,1,0,4148,21,3,3,9,12,165,0
0,0,0,1,1,0,0,1,0,0,3850,1,5,2,5,7,145,0
0,0,0,1,0,0,1,1,0,1,4591,27,4,5,1,4,165,0
0,0,1,1,0,0,1,1,0,1,8016,18,6,1,17,20,180,0
0,0,0,1,0,1,0,0,1,0,4804,18,5,5,15,17,150,0
0,0,1,1,0,1,0,0,1,0,13941,18,5,5,5,8,1590,1
0,0,0,1,0,1,1,0,1,1,7006,21,5,1,6,21,860,1
0,0,1,0,0,1,0,0,1,0,14015,12,5,6,9,23,805,3
0,0,1,1,0,0,1,0,0,1,11087,12,3,1,22,7,525,1
0,0,0,1,0,1,1,0,1,1,5647,9,3,5,6,12,320,1
0,0,0,1,0,1,1,0,1,1,8745,21,5,1,23,4,305,1
0,0,1,1,0,0,1,1,0,1,8016,1,6,5,6,8,165,0
0,0,1,1,0,1,1,0,1,1,7202,9,6,6,11,14,195,0
0,0,1,1,0,1,1,0,1,1,5963,21,3,3,16,18,1610,1
0,1,0,1,0,1,1,0,1,1,9646,6,6,3,9,22,765,1
0,0,1,0,1,0,1,1,1,0,3100,21,6,4,13,15,90,0
0,0,0,1,0,1,0,0,1,0,4148,9,3,5,15,17,155,0
0,0,0,1,0,0,1,1,0,1,4823,1,5,2,18,21,175,0
0,1,0,0,0,1,0,0,1,0,3841,6,4,5,17,19,150,0
0,0,1,1,0,1,1,0,1,1,13014,3,6,0,9,19,560,2
0,0,1,1,0,1,1,0,1,1,10262,9,6,6,2,4,1570,1
0,0,1,0,1,0,1,1,1,0,2575,27,3,2,21,22,80,0
0,0,1,1,0,0,1,0,0,1,19225,6,3,2,8,15,435,1
0,0,0,1,0,1,0,0,1,0,4174,6,4,5,20,22,155,0
0,1,1,0,0,1,1,0,1,1,7870,6,6,3,14,19,310,1
0,0,1,0,0,1,1,0,1,1,7934,21,3,3,13,19,375,1
0,0,1,1,0,1,1,0,1,1,11360,21,3,3,10,18,485,2
0,0,0,1,0,1,1,0,1,1,6442,27,6,3,6,16,560,1
0,0,1,1,0,1,1,0,1,1,10262,3,6,0,20,4,450,1
0,1,0,1,0,1,1,0,1,1,6732,27,3,2,11,19,465,1
0,1,1,1,0,0,1,1,0,1,4668,9,6,6,9,12,170,0
0,0,0,1,0,1,1,0,1,1,6258,21,4,6,2,7,345,1
0,1,0,1,0,1,1,0,1,1,16108,15,6,5,7,19,730,1
0,0,0,1,0,1,1,0,1,1,14871,6,3,2,6,13,400,1
1,0,0,0,0,0,1,1,0,1,4483,9,4,1,23,2,170,0
0,0,1,1,0,1,0,0,1,0,8066,12,5,6,20,23,1630,1
0,1,0,0,0,1,0,0,1,0,9946,9,6,6,11,18,435,1
0,0,0,1,0,1,1,0,1,1,6027,21,5,1,15,20,340,1
0,0,1,1,0,1,1,0,1,1,10262,9,6,6,22,12,825,1
0,0,1,1,0,1,0,0,1,0,10844,9,6,6,21,18,1265,1
0,0,1,1,0,1,0,0,1,0,8586,15,5,2,16,23,425,1
0,0,0,1,0,1,1,0,1,1,6015,27,5,0,14,17,195,0
0,0,0,1,0,0,1,1,0,1,4990,18,4,3,13,15,170,0
0,0,1,1,0,1,0,0,1,0,10844,12,5,6,21,16,1150,1
0,1,0,1,0,1,1,0,1,1,13377,6,6,3,11,1,840,1
0,0,1,0,0,1,1,0,1,1,12257,9,6,6,18,19,1470,2
0,0,0,1,0,1,0,0,1,0,4804,27,5,0,17,19,155,0
0,1,1,1,0,0,1,0,0,1,10008,9,3,5,6,21,915,1
0,0,0,1,1,0,0,1,0,0,3597,1,5,2,19,21,140,0
0,0,0,1,0,0,1,1,0,1,3419,6,5,0,22,1,170,0
0,0,1,1,0,1,1,0,1,1,16289,27,5,0,7,19,715,1
0,0,1,1,0,1,0,0,1,0,10844,18,5,5,16,12,1170,1
0,1,0,1,0,1,1,0,1,1,9526,1,6,5,10,19,535,1
0,0,1,1,0,1,0,0,1,0,8849,1,4,0,21,9,730,1
0,0,1,0,0,0,1,1,0,1,6121,6,5,0,6,8,165,0
0,0,1,1,0,1,1,0,1,1,12347,21,3,3,18,18,1465,2
0,1,1,1,0,0,1,1,0,1,5613,18,4,3,21,23,170,0
0,0,1,1,0,1,1,0,1,1,18253,3,3,6,23,18,1185,1
0,1,0,1,0,1,1,0,1,1,14848,21,5,1,10,19,555,1
0,0,1,1,1,0,1,1,1,0,4995,15,5,2,10,11,90,0
0,0,0,1,0,0,1,1,0,1,4591,6,6,3,23,2,170,0
0,0,0,1,0,1,0,0,1,0,4462,18,3,0,20,23,160,0
0,0,1,1,0,1,1,0,1,1,12898,21,5,1,22,19,1210,1
0,0,1,1,0,1,1,0,1,1,12032,27,3,2,9,18,590,1
0,1,0,0,1,0,0,1,0,0,3543,3,6,0,17,20,140,0
0,0,1,0,0,0,1,0,0,1,8851,3,3,6,6,8,165,0
0,0,1,1,0,1,1,0,1,1,14714,6,6,3,22,4,335,1
0,1,0,0,0,1,0,0,1,0,3841,24,4,2,6,9,155,0
0,1,0,1,0,1,1,0,1,1,7531,21,3,3,11,19,455,1
0,1,0,1,0,1,1,0,1,1,7845,27,3,2,6,13,440,1
0,0,1,1,0,1,0,0,1,0,9663,9,5,3,6,12,330,1
0,0,1,1,1,0,1,1,1,0,5678,6,5,0,2,4,85,0
0,0,0,1,0,0,1,1,0,1,5780,18,5,5,1,4,165,0
0,1,0,0,0,1,0,0,1,0,3841,9,4,1,9,11,145,0
0,0,1,0,0,1,1,0,1,1,7174,24,6,0,17,23,320,1
0,0,1,0,0,1,0,0,1,0,13616,18,5,5,9,17,1915,2
0,1,0,1,0,1,1,0,1,1,18275,27,5,0,17,1,460,2
0,0,1,0,0,1,0,0,1,0,14482,15,5,2,9,13,1700,2
0,0,1,0,0,1,0,0,1,0,7662,6,5,0,5,13,445,2
0,0,1,0,0,1,0,0,1,0,6117,21,5,1,19,11,965,1
0,1,0,0,0,0,1,1,0,1,4423,6,4,5,5,8,160,0
0,0,1,0,0,1,0,0,1,0,9416,6,6,3,12,21,590,2
0,0,1,0,0,0,1,1,0,1,6961,21,6,4,10,12,165,0
0,0,1,1,0,1,1,0,1,1,13376,1,6,5,6,4,1300,2
0,1,1,0,0,0,1,0,0,1,4239,24,3,6,7,10,175,0
0,1,0,1,0,1,1,0,1,1,13727,15,5,2,10,21,660,1
0,0,1,1,0,1,0,0,1,0,13067,18,5,5,17,14,1285,1
0,0,1,0,0,0,1,1,0,1,6961,21,6,4,13,16,170,0
0,0,1,1,0,1,0,0,1,0,7064,1,4,0,18,23,1720,1
0,0,0,1,0,1,1,0,1,1,8784,21,3,3,6,21,860,1
0,0,1,1,0,1,0,0,1,0,13941,1,5,2,8,4,1215,1
0,1,0,1,0,1,1,0,1,1,15058,24,6,0,7,19,730,1
1,0,0,0,0,1,1,0,1,1,6451,27,6,3,20,7,625,1
0,0,1,1,0,1,1,0,1,1,13014,6,6,3,5,19,810,2
0,1,1,0,0,1,1,0,1,1,22794,3,3,6,14,19,310,1
0,1,1,0,0,1,1,0,1,1,6922,27,4,5,10,19,540,1
0,0,1,1,0,0,1,1,0,1,7229,12,4,4,11,14,175,0
0,1,0,1,0,1,1,0,1,1,13587,12,6,2,10,21,660,1
0,0,1,0,0,1,1,0,1,1,11228,21,3,3,12,19,1820,2
1,0,0,0,0,0,1,1,0,1,4282,1,5,2,4,7,170,0
0,0,1,1,0,0,1,0,0,1,12284,18,3,0,5,10,280,1
0,0,1,1,0,1,1,0,1,1,10262,9,6,6,9,12,1655,1
0,1,1,1,0,1,1,0,1,1,6741,21,5,1,6,9,190,0
0,0,0,1,0,0,1,1,0,1,3943,15,6,5,10,13,170,0
0,0,1,0,0,1,0,0,1,0,7662,12,5,6,16,21,1700,1
0,0,1,1,0,1,0,0,1,0,8586,12,5,6,8,8,1430,1
0,0,1,0,0,1,1,0,1,1,5117,27,3,2,20,9,765,1
0,0,0,1,0,1,1,0,1,1,5298,15,5,2,6,12,320,1
0,1,1,0,0,0,1,1,0,1,4632,9,4,1,7,10,175,0
0,0,1,1,0,1,1,0,1,1,13014,1,6,5,19,4,535,2
0,0,0,1,0,0,1,0,0,1,12649,1,3,4,21,0,175,0
0,0,0,1,0,1,0,0,1,0,6303,24,3,6,8,13,285,1
0,1,0,1,0,1,1,0,1,1,11560,9,3,5,13,21,485,2
0,0,0,1,0,0,1,1,0,1,4823,21,5,1,8,11,170,0
0,1,1,0,0,1,1,0,1,1,7031,21,4,6,10,19,540,1
0,1,0,0,0,0,1,1,0,1,4423,15,5,2,9,12,170,0
0,0,1,0,0,1,1,0,1,1,10975,12,6,2,9,9,1420,2
0,1,0,0,0,1,0,0,1,0,3873,9,4,1,22,0,140,0
1,0,0,0,0,1,0,0,1,0,4107,24,4,2,19,22,150,0
0,0,1,1,0,0,1,0,0,1,11087,18,3,0,16,10,1050,1
0,1,0,1,0,1,1,0,1,1,10529,15,5,2,7,19,690,1
0,1,1,1,0,0,1,0,0,1,6138,15,3,4,7,9,160,0
0,0,1,1,0,0,1,0,0,1,13817,12,3,1,22,15,980,1
0,1,0,1,0,1,1,0,1,1,6093,27,6,3,7,22,920,1
0,0,1,1,1,0,1,1,1,0,5678,24,3,6,7,8,85,0
0,0,1,0,0,1,0,0,1,0,7893,1,4,0,17,8,925,1
0,0,1,0,0,0,1,1,0,1,6121,1,5,2,13,16,170,0
0,0,1,1,0,0,1,1,0,1,4544,9,4,1,17,20,180,0
0,0,1,1,0,1,1,0,1,1,14714,3,6,0,2,19,1005,1
0,0,1,1,0,1,0,0,1,0,14388,18,5,5,14,8,1090,1
0,1,0,1,0,1,1,0,1,1,16108,1,6,5,8,19,675,1
0,1,0,1,0,1,1,0,1,1,12402,3,6,0,7,19,720,1
0,0,1,1,0,1,0,0,1,0,12384,1,5,2,9,21,690,1
0,0,1,0,0,1,1,0,1,1,6094,24,4,2,14,17,180,0
0,0,0,1,0,1,0,0,1,0,5276,9,6,6,19,23,220,1
0,0,0,1,0,1,0,0,1,0,4804,24,6,0,4,7,155,0
0,0,1,0,0,1,1,0,1,1,11281,1,5,2,22,19,1275,2
0,0,1,1,0,1,1,0,1,1,6068,27,3,2,8,18,650,1
0,0,1,1,0,0,1,1,0,1,7229,12,5,6,7,10,180,0
0,0,0,1,0,1,1,0,1,1,6628,12,6,2,9,1,975,1
0,0,1,1,0,0,1,0,0,1,13502,6,3,2,14,7,1055,1
0,1,0,1,0,1,1,0,1,1,14086,9,3,5,16,1,575,1
0,1,1,0,0,1,1,0,1,1,4959,12,6,2,10,19,540,1
0,0,1,1,0,1,1,0,1,1,16376,27,5,0,2,12,620,1
0,0,0,1,0,1,0,0,1,0,4804,15,6,5,22,0,155,0
0,0,1,1,0,0,1,0,0,1,13817,12,3,1,22,16,1035,1
0,0,1,1,0,0,1,1,0,1,7229,1,5,2,15,18,175,0
0,1,0,0,1,0,0,1,0,0,3859,3,6,0,9,12,135,0
0,0,1,0,0,1,0,0,1,0,13899,21,5,1,10,5,1165,2
0,0,0,1,0,1,1,0,1,1,6628,24,6,0,9,1,975,1
0,0,0,1,0,1,1,0,1,1,10123,15,5,2,23,4,305,1
0,1,0,0,0,1,0,0,1,0,3873,3,4,2,6,9,155,0
0,0,1,1,0,1,0,0,1,0,13339,24,3,6,6,23,1015,1
0,0,1,1,0,1,1,0,1,1,14714,6,6,3,19,4,520,1
0,0,1,1,0,1,0,0,1,0,12692,12,6,2,20,18,1295,1
0,1,1,0,0,1,1,0,1,1,5281,15,6,5,7,12,355,1
0,0,1,1,0,1,1,0,1,1,10368,24,6,0,5,19,810,2
0,1,0,1,0,1,1,0,1,1,13377,27,5,0,16,1,570,1
0,0,1,0,0,0,1,1,0,1,6961,6,6,3,10,12,165,0
0,0,1,1,0,1,0,0,1,0,10844,24,5,4,20,19,1430,1
0,0,1,1,0,1,0,0,1,0,13759,24,3,6,19,16,1235,1
0,0,1,0,1,0,1,1,1,0,12119,12,3,1,6,19,2245,2
1,0,0,0,0,1,0,0,1,0,3807,15,6,5,22,1,150,0
0,0,0,1,0,0,1,1,0,1,3943,18,5,5,22,1,170,0
0,0,1,1,0,1,0,0,1,0,13941,1,5,2,16,8,945,1
0,0,1,1,0,1,0,0,1,0,8586,24,5,4,20,10,845,1
0,0,1,0,0,1,0,0,1,0,6245,1,4,0,14,16,150,0
0,0,1,1,0,1,0,0,1,0,13067,6,5,0,9,18,505,1
0,0,0,1,0,1,1,0,1,1,14871,6,3,2,8,15,425,1
0,1,0,1,0,1,1,0,1,1,13377,24,6,0,14,1,690,1
0,0,1,1,0,1,1,0,1,1,12373,9,5,3,19,19,1395,1
0,0,1,1,0,1,0,0,1,0,14231,24,3,6,13,19,345,1
0,1,0,0,1,0,1,1,1,0,1965,1,5,2,22,0,90,0
0,0,1,1,0,1,1,0,1,1,14924,3,6,0,7,12,330,1
0,0,0,1,0,1,0,0,1,0,4174,1,4,0,15,18,155,0
0,1,1,0,0,1,1,0,1,1,4725,3,4,2,7,12,355,1
0,1,0,1,0,1,1,0,1,1,17057,3,3,6,2,13,665,1
0,0,1,0,0,0,1,0,0,1,11444,3,3,6,11,22,700,1
0,0,1,1,0,1,1,0,1,1,7202,12,6,2,11,14,195,0
0,0,1,1,0,0,1,1,0,1,4030,15,5,2,18,22,185,0
0,0,1,0,1,0,1,1,1,0,9535,6,3,2,9,9,1440,1
0,0,1,1,0,1,0,0,1,0,8586,1,5,2,16,10,1055,1
0,0,1,1,0,1,0,0,1,0,8586,18,5,5,5,4,1375,1
0,1,0,0,0,0,1,1,0,1,3625,18,5,5,5,8,160,0
0,1,0,1,0,1,1,0,1,1,8055,27,3,2,6,21,900,1
0,0,1,0,1,0,1,1,1,0,3100,21,3,3,6,7,80,0
0,0,0,1,0,1,0,0,1,0,5699,9,6,6,17,22,280,1
0,0,1,1,0,1,1,0,1,1,15129,27,5,0,19,4,535,2
0,1,1,1,0,1,0,0,1,0,9187,9,5,3,17,9,965,1
0,0,1,0,0,1,1,0,1,1,11732,24,6,0,18,19,1470,2
0,1,0,0,0,1,0,0,1,0,3841,1,4,0,22,0,140,0
0,1,0,1,0,1,1,0,1,1,9794,6,5,0,10,19,520,1
0,0,0,1,0,1,0,0,1,0,12198,18,5,5,9,14,295,1
0,0,1,1,0,1,0,0,1,0,14571,6,6,3,21,10,775,1
0,0,0,1,1,0,1,1,1,0,5755,3,3,6,9,10,90,0
0,0,1,1,0,1,0,0,1,0,14151,6,6,3,9,22,750,1
0,1,1,1,0,0,1,1,0,1,5613,18,4,3,17,19,155,0
0,0,1,1,0,1,0,0,1,0,13067,6,5,0,17,10,1075,1
0,0,1,1,0,1,1,0,1,1,12557,21,3,3,18,18,1475,1
0,0,1,1,0,1,1,0,1,1,14714,3,6,0,20,4,450,1
0,0,1,1,0,0,1,1,0,1,4544,3,5,4,15,18,175,0
1,0,0,0,0,1,0,0,1,0,4107,1,4,0,22,1,150,0
0,0,0,1,0,0,1,1,0,1,4990,18,4,3,16,19,180,0
0,0,1,1,0,1,1,0,1,1,12341,21,3,3,5,18,2240,2
0,0,1,0,0,1,1,0,1,1,12856,3,3,6,19,19,1410,2
0,0,1,0,0,1,0,0,1,0,7893,1,4,0,10,23,795,1
0,1,1,1,0,1,1,0,1,1,6688,15,3,4,14,17,175,0
0,0,1,1,0,1,1,0,1,1,5963,27,3,2,9,18,590,1
0,0,0,1,0,0,1,1,0,1,3419,24,5,4,22,1,170,0
0,0,1,1,1,0,1,1,1,0,2228,21,3,3,19,21,90,0
0,0,1,0,1,0,1,1,1,0,2575,24,3,6,19,20,75,0
0,0,1,1,0,1,1,0,1,1,13292,24,6,0,21,19,1295,2
0,0,0,1,0,0,1,1,0,1,4823,9,5,3,8,11,170,0
0,0,1,1,0,1,0,0,1,0,9899,12,6,2,14,20,400,1
0,0,1,0,0,1,0,0,1,0,14120,6,5,0,9,23,805,2
0,0,1,0,0,1,1,0,1,1,15284,6,3,2,9,19,615,1
0,1,0,1,0,1,1,0,1,1,12192,9,6,6,3,19,910,1
0,0,1,0,0,1,0,0,1,0,13428,24,3,6,7,1,1100,2
0,1,0,0,1,0,0,1,0,0,3543,3,6,0,8,10,135,0
0,0,1,1,0,1,1,0,1,1,5406,1,4,0,10,12,1595,1
0,0,1,0,0,1,1,0,1,1,12383,1,6,5,5,7,1585,3
0,0,1,0,0,1,1,0,1,1,8372,24,6,0,13,19,375,1
0,0,0,1,0,0,1,0,0,1,6144,3,3,6,21,0,175,0
0,0,1,1,0,1,0,0,1,0,8586,24,5,4,18,8,800,1
1,0,0,0,0,0,1,1,0,1,4282,9,5,3,4,7,170,0
0,0,1,1,0,1,1,0,1,1,16079,21,5,1,11,19,450,1
0,0,0,1,1,0,1,1,1,0,3175,15,3,4,16,18,90,0
0,0,1,1,0,1,1,0,1,1,15764,6,3,2,13,4,925,1
0,0,0,1,1,0,1,1,1,0,4784,6,3,2,6,7,85,0
0,1,0,1,0,1,1,0,1,1,17057,3,3,6,8,15,450,1
0,0,1,1,0,1,1,0,1,1,14714,12,6,2,22,19,1210,1
0,0,1,1,0,1,1,0,1,1,9564,21,5,1,9,13,195,0
0,0,1,0,0,1,1,0,1,1,8991,12,6,2,20,8,705,1
0,0,0,1,0,1,0,0,1,0,4804,15,6,5,15,17,150,0
0,0,1,1,0,1,1,0,1,1,12242,27,3,2,19,4,550,1
0,0,0,1,0,1,0,0,1,0,4148,21,3,3,22,0,165,0
0,0,1,1,0,1,0,0,1,0,8586,18,5,5,16,8,945,1
0,0,1,1,0,1,1,0,1,1,11627,3,6,0,10,4,1105,1
0,0,1,1,0,1,0,0,1,0,7064,1,4,0,8,19,685,1
0,1,1,1,0,0,1,0,0,1,12476,3,3,6,6,10,1665,1
0,0,1,1,0,1,1,0,1,1,10262,1,6,5,13,4,925,1
0,0,1,1,1,0,1,1,1,0,5678,1,6,5,10,11,90,0
1,0,0,0,0,1,1,0,1,1,6151,27,3,2,7,13,315,1
0,1,0,1,0,1,1,0,1,1,14067,21,5,1,18,1,435,1
0,0,1,0,0,1,0,0,1,0,11936,15,5,2,7,16,555,1
0,0,1,0,0,1,0,0,1,0,6327,12,5,6,19,11,965,1
0,0,1,1,0,1,0,0,1,0,8529,12,6,2,8,10,1540,1
0,0,1,0,0,1,1,0,1,1,10651,18,5,5,19,19,1410,2
0,1,1,1,0,0,1,1,0,1,4668,1,6,5,11,14,170,0
0,1,1,0,0,1,1,0,1,1,5430,24,4,2,10,19,540,1
0,0,1,1,0,0,1,1,0,1,7229,1,6,5,17,20,180,0
0,0,0,1,0,1,1,0,1,1,6314,21,3,3,4,21,975,1
1,0,0,0,0,0,1,1,0,1,7120,3,6,0,23,2,170,0
0,1,0,0,0,1,0,0,1,0,3841,6,5,0,9,11,145,0
0,1,0,0,0,1,0,0,1,0,3841,27,4,5,14,17,150,0
0,0,1,0,0,1,1,0,1,1,7480,24,6,0,17,9,965,1
0,0,1,0,0,1,0,0,1,0,10676,6,5,0,12,11,1390,2
0,0,0,1,0,0,1,1,0,1,4423,21,4,6,6,8,165,0
0,0,0,1,0,1,1,0,1,1,9709,21,3,3,9,15,380,1
0,1,0,1,0,1,1,0,1,1,7198,27,6,3,10,1,930,1
0,1,0,1,0,1,1,0,1,1,14848,6,6,3,7,19,730,1
0,1,0,0,1,0,1,1,1,0,1965,12,5,6,5,7,90,0
0,0,1,1,0,0,1,0,0,1,9134,15,3,4,8,18,625,1
0,1,0,1,0,1,1,0,1,1,7485,21,5,1,12,1,760,1
0,0,0,1,0,1,1,0,1,1,6442,12,6,2,7,16,515,1
0,0,1,1,0,1,1,0,1,1,15812,3,6,0,11,19,440,2
0,0,1,0,0,1,1,0,1,1,11185,9,6,6,9,9,1420,2
0,0,0,1,1,0,1,1,1,0,3175,15,3,4,12,13,85,0
0,1,1,1,0,1,0,0,1,0,8452,21,5,1,7,22,930,1
0,0,1,1,0,1,1,0,1,1,10262,15,6,5,19,12,1010,1
0,0,1,0,0,0,1,1,0,1,5228,21,5,1,21,23,170,0
0,0,1,1,0,1,0,0,1,0,9314,9,5,3,20,14,1080,1
0,0,1,1,0,1,1,0,1,1,15812,1,6,5,11,19,440,2
0,0,1,1,0,1,0,0,1,0,14151,12,5,6,17,10,1075,1
0,1,0,0,0,0,1,1,0,1,3625,24,5,4,9,12,170,0
0,0,1,0,0,1,1,0,1,1,10283,3,3,6,5,19,2295,2
0,0,1,1,0,1,1,0,1,1,10262,1,6,5,2,19,1005,1
0,0,1,1,0,1,0,0,1,0,10844,21,5,1,8,18,590,1
0,0,1,1,0,1,0,0,1,0,12384,1,5,2,17,23,395,1
0,0,1,1,0,1,1,0,1,1,11822,9,4,1,22,12,825,1
0,1,1,1,0,0,1,0,0,1,10008,9,3,5,6,10,1665,1
0,0,0,1,0,1,1,0,1,1,7640,18,5,5,16,22,380,1
0,0,1,1,0,1,0,0,1,0,14781,1,5,2,14,19,345,1
0,1,0,0,0,0,1,0,0,1,4377,24,3,6,9,12,175,0
0,0,0,1,0,1,1,0,1,1,5298,15,6,5,6,12,320,1
0,0,0,1,1,0,1,1,1,0,2227,24,3,6,20,21,90,0
0,1,0,1,0,1,1,0,1,1,10407,27,5,0,7,19,720,1
0,0,1,1,0,1,1,0,1,1,11507,27,6,3,21,12,910,2
0,0,0,1,0,1,1,0,1,1,5458,9,6,6,20,1,305,1
0,0,0,1,0,0,1,1,0,1,3943,12,6,2,23,2,170,0
0,0,1,1,0,1,1,0,1,1,18550,3,3,6,11,18,440,1
0,1,1,1,0,1,0,0,1,0,9397,9,6,6,20,10,865,1
0,1,0,0,0,1,0,0,1,0,3841,21,5,1,6,9,155,0
0,0,1,1,0,0,1,1,0,1,7229,27,4,5,7,10,180,0
0,0,0,1,0,0,1,1,0,1,4823,18,6,1,18,21,175,0
0,0,1,1,0,1,0,0,1,0,10844,9,6,6,18,20,1550,1
0,0,1,0,0,1,1,0,1,1,7174,9,5,3,6,23,1010,1
0,0,0,1,0,1,0,0,1,0,6985,3,3,6,15,17,155,0
0,0,1,1,0,1,1,0,1,1,11664,27,3,2,5,19,2300,2
0,1,0,1,0,1,1,0,1,1,8073,15,5,2,7,21,840,1
0,0,1,0,0,1,1,0,1,1,9417,12,6,2,17,9,970,2
0,0,1,0,0,1,1,0,1,1,8372,27,6,3,8,19,675,1
0,1,0,1,0,1,1,0,1,1,14408,9,3,5,6,19,795,1
0,0,1,1,1,0,1,1,1,0,5678,24,5,4,19,21,90,0
0,0,0,1,0,0,1,0,0,1,5694,21,3,3,13,15,170,0
0,0,1,1,0,1,0,0,1,0,8586,12,5,6,21,4,450,1
0,0,1,1,0,0,1,0,0,1,11087,18,3,0,22,8,565,1
0,0,0,1,0,0,1,1,0,1,4823,27,4,5,16,19,180,0
0,1,0,0,0,1,1,0,1,1,5583,3,6,0,6,11,315,1
0,0,1,1,0,1,1,0,1,1,11869,21,3,3,18,18,1465,2
0,0,0,1,0,0,1,1,0,1,4823,24,6,0,16,19,180,0
0,0,1,1,0,1,1,0,1,1,12373,9,5,3,7,12,330,1
0,1,0,1,0,1,1,0,1,1,7268,24,6,0,10,19,535,1
0,0,1,1,0,0,1,0,0,1,17261,6,3,2,16,11,1110,1
0,0,0,1,1,0,0,1,0,0,3384,27,3,2,13,15,135,0
0,1,0,0,0,1,0,0,1,0,3847,27,3,2,9,11,150,0
0,0,0,1,0,1,1,0,1,1,6093,3,6,0,10,21,625,1
0,0,1,0,0,1,1,0,1,1,13547,27,6,3,13,7,1105,2
1,0,0,0,0,0,1,1,0,1,7120,6,6,3,23,2,170,0
1,0,1,0,0,1,1,0,1,1,46490,3,3,6,20,4,500,2
0,0,1,1,0,1,1,0,1,1,12872,27,5,0,9,12,1620,2
0,0,0,1,0,1,0,0,1,0,4226,15,5,2,19,23,220,1
0,0,1,1,0,1,0,0,1,0,10844,24,5,4,18,9,865,1
0,1,1,1,0,0,1,1,0,1,4668,9,6,6,11,14,170,0
0,1,0,1,0,1,1,0,1,1,29528,1,3,4,0,13,780,1
0,1,0,0,1,0,0,1,0,0,6300,12,3,1,17,20,140,0
0,0,1,1,0,1,1,0,1,1,13882,9,6,6,11,4,1000,2
0,1,1,1,0,0,1,1,0,1,4668,24,5,4,7,9,160,0
0,0,0,1,0,1,0,0,1,0,4174,1,4,0,17,19,155,0
0,0,0,1,1,0,1,1,1,0,2754,15,5,2,12,13,90,0
0,0,0,1,1,0,1,1,1,0,2754,21,5,1,12,13,90,0
0,1,1,1,0,0,1,1,0,1,4668,12,5,6,9,12,170,0
0,0,0,1,0,1,0,0,1,0,4804,12,6,2,15,18,155,0
0,0,1,0,0,1,1,0,1,1,10756,9,6,6,5,7,1600,2
0,1,0,1,0,1,1,0,1,1,7933,1,6,5,18,1,450,1
0,1,0,0,1,0,0,1,0,0,3543,9,5,3,9,12,135,0
0,0,1,1,0,1,1,0,1,1,13029,21,5,1,9,4,1125,2
0,0,1,1,0,1,0,0,1,0,13731,9,6,6,8,4,1215,1
0,0,0,1,0,1,0,0,1,0,4804,27,6,3,21,0,160,0
0,0,0,1,0,1,0,0,1,0,4148,9,3,5,9,12,165,0
0,0,0,1,0,1,1,0,1,1,5164,1,4,0,2,7,325,1
0,1,0,1,0,1,1,0,1,1,12192,27,6,3,7,19,720,1
0,1,0,1,0,1,1,0,1,1,15078,6,3,2,9,21,720,1
0,0,0,1,0,1,0,0,1,0,4268,6,4,5,15,20,315,1
0,0,1,1,0,0,1,1,0,1,5769,24,6,0,11,14,175,0
0,0,1,1,0,0,1,0,0,1,26890,1,3,4,8,18,570,1
0,1,0,0,0,1,0,0,1,0,3815,15,3,4,17,19,150,0
0,0,1,1,0,1,0,0,1,0,9663,24,5,4,14,9,1155,1
0,0,0,1,0,0,1,1,0,1,4823,3,4,2,18,21,175,0
0,0,0,1,0,1,1,0,1,1,13628,6,3,2,7,13,350,1
0,1,1,0,0,1,0,0,1,0,7451,6,5,0,23,7,495,1
0,0,1,1,0,0,1,1,0,1,7229,1,4,0,7,10,180,0
0,0,1,1,0,1,1,0,1,1,10368,3,6,0,9,12,1615,2
0,0,0,1,1,0,0,1,0,0,3858,1,6,5,11,14,145,0
0,0,1,1,0,1,0,0,1,0,8586,21,5,1,21,10,775,1
0,0,1,1,0,1,0,0,1,0,14781,18,5,5,5,19,845,1
0,0,1,0,0,1,1,0,1,1,13039,15,5,2,17,7,865,2
0,1,1,1,0,0,1,1,0,1,5613,21,6,4,21,23,170,0
0,1,1,0,0,0,1,0,0,1,7305,9,3,5,11,14,175,0
0,0,1,1,0,1,1,0,1,1,10262,24,6,0,18,4,610,1
0,0,1,0,1,0,1,1,1,0,15385,1,3,4,19,20,75,0
0,0,1,1,0,1,0,0,1,0,11134,24,3,6,16,16,1405,1
0,0,1,1,0,0,1,1,0,1,7229,12,4,4,18,22,185,0
0,1,0,0,0,0,1,0,0,1,6860,3,3,6,20,23,170,0
0,0,1,1,0,1,1,0,1,1,15554,9,3,5,19,4,520,1
0,0,1,1,0,1,0,0,1,0,8066,1,4,0,9,21,690,1
0,0,0,1,0,1,1,0,1,1,6493,3,6,0,15,20,290,1
0,0,1,0,0,0,1,0,0,1,8534,15,3,4,17,22,1795,2
0,0,1,1,0,1,1,0,1,1,13344,6,6,3,5,12,425,2
0,1,1,1,1,0,1,1,1,0,12395,6,3,2,14,9,1125,1
0,0,1,0,0,1,1,0,1,1,12436,3,6,0,12,19,1820,2
0,0,0,1,0,1,1,0,1,1,6938,9,6,6,14,22,490,1
0,0,1,0,0,1,0,0,1,0,4460,3,4,2,20,23,155,0
0,1,0,0,0,1,0,0,1,0,6461,24,3,6,17,19,150,0
0,1,1,0,0,1,1,0,1,1,7870,12,6,2,14,19,310,1
0,1,1,1,1,0,1,1,1,0,12395,6,3,2,11,22,660,1
0,0,1,0,0,1,1,0,1,1,8372,27,6,3,9,19,615,1
0,0,1,1,0,1,0,0,1,0,8529,12,6,2,14,18,1690,1
1,0,0,0,0,1,0,0,1,0,6857,9,6,6,6,10,220,1
0,1,1,1,0,0,1,1,0,1,4668,1,5,2,11,14,170,0
0,0,1,0,1,0,1,1,1,0,3100,3,5,4,21,22,80,0
0,1,0,0,0,0,1,1,0,1,4991,27,4,5,9,12,170,0
0,0,0,1,0,1,0,0,1,0,4804,6,5,0,15,17,150,0
0,0,1,1,0,1,0,0,1,0,11134,24,3,6,8,20,735,1
0,1,0,1,0,1,1,0,1,1,7363,21,3,3,17,1,515,1
0,0,0,1,1,0,1,1,1,0,2227,1,4,0,20,21,95,0
0,0,1,1,0,1,1,0,1,1,13559,21,5,1,9,12,1620,2
0,1,0,1,0,1,1,0,1,1,9646,9,6,6,9,22,765,1
0,0,0,1,0,1,1,0,1,1,6526,27,5,0,7,21,810,1
0,0,1,1,1,0,1,1,1,0,8040,24,6,0,8,10,90,0
0,0,1,1,0,1,1,0,1,1,15129,1,5,2,9,12,1615,2
0,0,0,1,0,1,1,0,1,1,5636,21,4,6,2,7,325,1
0,0,1,1,1,0,1,1,1,0,5678,15,6,5,2,4,85,0
0,0,1,0,0,0,1,0,0,1,17198,1,3,4,13,18,1730,1
0,1,0,1,0,1,1,0,1,1,16287,9,3,5,8,19,705,1
0,0,0,1,0,1,1,0,1,1,9476,9,3,5,5,10,275,1
0,0,1,0,0,1,0,0,1,0,13007,9,6,6,9,5,1200,2
0,0,0,1,0,1,1,0,1,1,7514,27,5,0,7,22,895,1
0,0,0,1,0,1,0,0,1,0,5618,6,3,2,15,17,155,0
0,1,0,0,1,0,0,1,0,0,3911,6,5,0,8,10,135,0
0,0,0,1,0,0,1,1,0,1,4823,18,5,5,20,22,170,0
0,0,1,0,0,1,0,0,1,0,11752,9,6,6,9,13,1700,2
0,0,1,1,0,1,0,0,1,0,14571,9,6,6,20,12,960,1
0,0,1,0,0,1,1,0,1,1,8372,9,6,6,20,19,1395,1
0,1,0,0,0,0,1,1,0,1,3971,24,4,2,5,8,160,0
0,0,1,1,0,1,1,0,1,1,10262,12,6,2,22,4,335,1
0,0,0,1,1,0,0,1,0,0,3597,6,5,0,13,15,140,0
0,0,1,0,0,1,1,0,1,1,12436,9,6,6,12,19,1820,2
0,0,1,1,0,1,1,0,1,1,14714,6,6,3,13,19,360,1
0,0,1,1,0,1,1,0,1,1,12898,21,5,1,19,12,1010,1
0,1,0,0,0,1,0,0,1,0,12287,24,3,6,11,18,420,1
0,0,0,1,0,1,1,0,1,1,7189,21,5,1,21,3,345,1
0,0,1,0,0,0,1,1,0,1,6961,21,5,1,17,19,170,0
0,0,1,0,0,1,0,0,1,0,15292,24,3,6,13,23,2000,2
0,0,1,1,0,1,1,0,1,1,10368,1,6,5,5,19,810,2
0,0,1,1,0,1,1,0,1,1,13292,6,6,3,21,19,1295,2
0,0,1,0,0,1,1,0,1,1,9064,9,3,5,6,23,1010,1
0,0,1,1,0,1,0,0,1,0,14388,18,5,5,21,9,730,1
0,1,0,0,0,0,1,1,0,1,4423,12,6,2,5,8,160,0
0,0,1,0,0,1,1,0,1,1,8839,1,5,2,17,9,970,2
0,1,1,1,0,1,0,0,1,0,9870,24,5,4,17,23,385,1
0,1,0,1,0,1,1,0,1,1,7670,15,5,2,19,1,390,1
0,0,1,1,0,1,0,0,1,0,8066,9,5,3,20,10,870,1
0,0,1,0,1,0,1,1,1,0,16697,6,3,2,5,16,710,2
0,0,0,1,0,1,1,0,1,1,5684,12,6,2,15,1,630,1
0,1,0,1,0,1,1,0,1,1,11200,1,6,5,11,19,455,1
0,0,1,1,0,1,0,0,1,0,13759,24,3,6,21,20,1410,1
0,0,0,1,0,0,1,0,0,1,5694,24,3,6,13,15,170,0
0,1,1,1,0,0,1,0,0,1,12371,1,3,4,6,10,1665,1
0,0,0,1,0,1,1,0,1,1,6573,9,4,1,16,1,570,1
0,1,1,0,0,1,1,0,1,1,6393,6,3,2,6,13,440,1
0,0,0,1,0,1,0,0,1,0,5224,6,6,3,11,14,155,0
0,0,1,1,0,0,1,1,0,1,5198,9,5,3,17,20,180,0
0,0,1,1,0,1,0,0,1,0,13941,21,5,1,21,4,450,1
0,1,0,0,1,0,0,1,0,0,6300,15,3,4,9,12,155,0
0,0,1,1,0,1,1,0,1,1,12609,24,6,0,9,12,1620,2
0,1,0,1,0,1,1,0,1,1,13587,3,6,0,9,21,720,1
0,1,0,1,0,1,1,0,1,1,13587,24,6,0,13,21,480,1
0,0,1,1,0,1,1,0,1,1,10262,27,6,3,10,12,1595,1
0,0,1,0,0,1,1,0,1,1,16439,6,3,2,10,19,555,1
0,0,1,1,0,1,0,0,1,0,14781,21,5,1,14,22,510,1
0,0,1,1,0,1,1,0,1,1,10262,3,6,0,19,12,1010,1
0,0,1,1,0,1,0,0,1,0,10844,24,5,4,14,18,1690,1
0,0,0,1,0,0,1,1,0,1,4823,15,6,5,18,21,175,0
0,0,1,0,0,0,1,1,0,1,5911,9,4,1,17,19,170,0
0,1,0,1,0,1,1,0,1,1,13377,24,6,0,13,1,750,1
0,1,0,1,0,1,1,0,1,1,6145,27,3,2,7,22,910,1
0,1,0,0,1,0,1,1,1,0,1965,27,6,3,22,0,90,0
0,0,0,1,0,1,1,0,1,1,6442,27,3,2,7,16,515,1
0,0,1,1,0,1,0,0,1,0,13941,6,5,0,16,16,1430,1
0,0,1,0,0,1,1,0,1,1,13002,3,3,6,6,23,1010,1
0,0,1,0,0,1,1,0,1,1,8907,24,6,0,13,23,570,1
0,0,1,1,0,1,1,0,1,1,14657,27,5,0,9,12,1620,2
0,1,0,0,0,1,0,0,1,0,3873,6,5,0,22,0,140,0
0,0,1,1,0,1,0,0,1,0,14781,21,5,1,14,23,570,1
0,0,1,0,0,0,1,1,0,1,5228,18,6,1,21,23,170,0
1,0,0,0,0,0,1,0,0,1,7652,9,3,5,5,8,170,0
0,0,1,1,0,0,1,0,0,1,7229,24,3,6,8,11,175,0
0,0,0,1,0,1,0,0,1,0,4226,1,5,2,6,10,240,1
0,0,1,1,0,1,1,0,1,1,12373,9,5,3,20,19,1325,1
0,0,0,1,0,0,1,0,0,1,6860,15,3,4,8,11,180,0
0,0,1,1,0,1,0,0,1,0,10844,24,5,4,16,12,1170,1
0,0,1,1,0,1,1,0,1,1,12373,18,5,5,15,12,1295,1
0,0,0,1,0,0,1,0,0,1,4238,24,3,6,1,4,165,0
0,0,1,1,0,0,1,0,0,1,13502,3,3,6,8,5,1265,1
0,0,1,1,0,1,0,0,1,0,10953,6,5,0,20,23,1630,1
1,0,0,0,0,1,0,0,1,0,3782,21,3,3,22,1,150,0
0,0,1,1,0,1,0,0,1,0,14781,12,5,6,14,19,345,1
0,0,0,1,0,1,0,0,1,0,4804,6,6,3,20,23,165,0
0,0,1,0,0,1,0,0,1,0,6117,24,5,4,9,4,1170,2
0,0,1,1,0,0,1,1,0,1,8016,15,6,5,15,18,175,0
0,1,1,1,0,1,1,0,1,1,6216,21,6,4,6,9,190,0
0,0,1,1,0,0,1,1,0,1,8016,12,6,2,6,8,165,0
0,0,1,1,0,0,1,0,0,1,11087,18,3,0,22,10,695,1
0,0,1,1,1,0,1,1,1,0,5678,18,5,5,7,8,85,0
0,0,1,1,0,0,1,1,0,1,7229,9,5,3,11,14,175,0
0,0,0,1,0,0,1,0,0,1,6860,3,3,6,7,10,175,0
0,1,0,1,0,1,1,0,1,1,10407,27,5,0,8,19,660,1
0,1,0,1,0,1,1,0,1,1,13797,24,6,0,7,21,835,1
0,0,1,0,0,0,1,1,0,1,6961,24,6,0,6,8,165,0
0,0,1,1,0,1,0,0,1,0,10624,9,5,3,17,23,395,1
0,0,1,1,0,1,1,0,1,1,14300,15,6,5,12,4,970,2
0,1,0,0,1,0,0,1,0,0,5418,24,3,6,17,20,140,0
0,0,1,1,0,1,1,0,1,1,15129,18,5,5,5,4,1375,2
0,1,0,0,1,0,0,1,0,0,3543,18,6,1,8,10,135,0
0,1,0,0,1,0,1,1,1,0,1965,21,6,4,13,14,90,0
1,0,0,0,0,0,1,1,0,1,4282,6,5,0,4,7,170,0
0,0,1,0,0,1,0,0,1,0,14508,6,5,0,7,10,1620,2
1,0,0,0,0,1,0,0,1,0,5162,12,5,6,6,10,220,1
0,0,1,1,0,1,1,0,1,1,10262,12,6,2,19,19,1425,1
0,1,0,1,0,1,1,0,1,1,15237,9,3,5,7,19,765,1
0,1,0,1,0,1,1,0,1,1,12524,1,6,5,11,19,440,1
0,0,1,1,0,1,0,0,1,0,10844,18,5,5,18,19,1495,1
0,0,1,0,0,0,1,0,0,1,5092,21,3,3,11,13,1510,1
0,1,0,1,0,1,1,0,1,1,8309,18,5,5,9,19,600,1
0,1,1,0,0,1,1,0,1,1,4106,9,4,1,7,13,355,1
0,0,1,1,0,1,0,0,1,0,14151,9,6,6,9,10,1520,1
0,0,1,1,0,1,1,0,1,1,5177,6,4,5,2,12,620,1
0,0,1,1,0,1,0,0,1,0,10844,21,5,1,14,20,400,1
0,0,0,1,0,0,1,1,0,1,4823,18,5,5,16,19,180,0
0,0,1,1,0,1,1,0,1,1,10262,9,6,6,17,19,1530,1
0,0,1,0,0,1,1,0,1,1,13381,21,5,1,20,19,1380,2
0,0,0,1,1,0,0,1,0,0,4332,1,5,2,11,14,145,0
0,0,1,1,0,0,1,0,0,1,26890,1,3,4,5,18,760,1
0,0,1,0,0,1,1,0,1,1,12803,15,5,2,10,7,1245,2
0,0,1,1,0,1,0,0,1,0,8529,12,6,2,14,16,1575,1
0,1,0,0,0,1,0,0,1,0,3873,3,4,2,9,11,145,0
0,0,1,1,0,1,0,0,1,0,10844,6,6,3,8,16,475,1
0,0,1,1,0,0,1,1,0,1,6144,3,5,4,19,22,180,0
0,0,1,1,0,0,1,1,0,1,7229,1,5,2,11,14,175,0
0,0,1,1,0,1,1,0,1,1,12767,21,3,3,7,18,705,1
0,0,1,1,0,0,1,1,0,1,7229,6,5,0,15,18,175,0
0,1,0,1,0,1,1,0,1,1,7354,12,6,2,11,19,470,1
0,0,0,1,1,0,1,1,1,0,4049,21,5,1,9,10,90,0
0,1,0,1,0,1,1,0,1,1,13377,27,5,0,11,1,840,1
0,0,0,1,0,0,1,0,0,1,6144,15,3,4,10,13,170,0
0,1,0,1,0,1,1,0,1,1,8266,15,5,2,6,19,795,1
0,0,1,0,0,1,1,0,1,1,10975,15,5,2,7,9,1580,2
0,1,0,1,0,1,1,0,1,1,12192,15,6,5,7,19,720,1
0,0,1,1,0,1,1,0,1,1,12273,27,3,2,6,19,2245,2
0,0,1,1,0,0,1,0,0,1,26890,1,3,4,14,0,640,1
0,1,0,1,0,1,1,0,1,1,15136,6,3,2,16,1,575,1
0,0,1,1,0,1,1,0,1,1,10262,9,6,6,7,12,330,1
0,0,1,1,0,1,1,0,1,1,10262,3,6,0,17,19,1530,1
0,0,1,1,1,0,1,1,1,0,2228,24,3,6,15,17,90,0
0,0,0,1,1,0,0,1,0,0,3597,27,6,3,19,21,140,0
0,1,0,0,0,1,0,0,1,0,3841,15,5,2,6,9,155,0
0,0,1,1,0,1,0,0,1,0,9899,12,6,2,16,23,425,1
0,1,0,1,0,1,1,0,1,1,13587,9,6,6,2,11,555,1
1,0,0,0,0,1,0,0,1,0,4409,9,6,6,19,22,150,0
0,0,0,1,1,0,1,1,1,0,2227,6,5,0,21,22,90,0
0,0,1,0,1,0,1,1,1,0,4937,3,3,6,6,7,80,0
0,0,0,1,0,1,0,0,1,0,9319,24,3,6,5,11,345,1
0,0,1,1,0,1,0,0,1,0,14151,12,5,6,9,18,505,1
0,0,1,1,0,1,1,0,1,1,14714,9,6,6,13,19,360,1
0,0,1,1,0,0,1,1,0,1,7229,3,5,4,17,20,180,0
0,1,1,1,1,0,0,1,0,0,11982,3,5,4,17,20,140,0
0,0,0,1,0,0,1,1,0,1,4990,12,4,4,18,21,175,0
0,1,0,1,0,1,1,0,1,1,9103,21,5,1,10,19,505,1
0,1,0,0,1,0,0,1,0,0,6300,12,3,1,9,12,155,0
0,0,1,1,0,1,1,0,1,1,14441,24,6,0,5,12,425,2
0,0,1,0,0,1,0,0,1,0,8366,12,6,2,9,18,545,1
0,1,0,0,0,1,1,0,1,1,7317,18,5,5,15,22,380,1
0,1,1,0,0,0,1,0,0,1,3898,24,3,6,7,10,175,0
0,0,1,1,0,1,1,0,1,1,14714,1,6,5,22,19,1210,1
0,1,0,0,0,1,0,0,1,0,3841,18,6,1,9,11,145,0
0,1,0,1,0,1,1,0,1,1,15373,1,5,2,9,19,615,1
0,0,1,0,0,1,0,0,1,0,11222,9,5,3,8,11,1610,2
0,1,0,1,0,1,1,0,1,1,7155,24,6,0,4,19,860,1
0,1,0,1,0,1,1,0,1,1,15200,9,3,5,15,1,620,1
0,0,1,1,0,0,1,0,0,1,7832,21,3,3,18,7,780,1
0,0,0,1,0,1,1,0,1,1,6593,3,6,0,16,21,300,1
0,0,1,0,0,1,0,0,1,0,13007,6,5,0,7,10,1650,3
0,0,1,1,0,1,1,0,1,1,15400,6,3,2,9,18,535,1
0,0,1,0,0,1,0,0,1,0,6528,9,6,6,14,14,1440,1
0,0,0,1,0,1,1,0,1,1,6162,24,4,2,4,21,965,1
0,0,1,1,0,0,1,0,0,1,17261,6,3,2,14,9,1135,1
0,0,1,1,0,1,0,0,1,0,7064,1,4,0,16,20,1695,1
0,0,1,1,0,1,1,0,1,1,13882,9,6,6,11,12,1490,2
0,1,1,1,0,1,1,0,1,1,6216,3,6,0,14,17,190,0
0,0,1,1,0,1,1,0,1,1,19644,18,5,5,11,19,440,2
0,0,1,1,0,0,1,1,0,1,4544,9,5,3,15,18,175,0
0,0,0,1,1,0,0,1,0,0,3384,27,3,2,14,17,145,0
0,0,0,1,0,1,0,0,1,0,4804,6,6,3,15,17,150,0
0,0,1,1,0,1,0,0,1,0,10031,24,3,6,19,19,1435,1
0,0,1,1,0,1,0,0,1,0,8586,12,5,6,21,8,665,1
0,0,1,1,0,0,1,0,0,1,7832,21,3,3,7,13,375,1
0,1,1,1,0,1,0,0,1,0,10027,24,5,4,17,9,965,1
0,0,0,1,1,0,1,1,1,0,2754,18,3,0,12,13,85,0
0,0,1,1,0,1,1,0,1,1,12767,21,3,3,8,4,1225,1
0,1,1,0,0,1,0,0,1,0,8777,9,5,3,16,0,455,1
0,1,1,0,0,1,1,0,1,1,7870,24,6,0,14,19,310,1
0,0,1,0,0,1,0,0,1,0,9416,12,6,2,12,11,1390,2
0,1,0,0,1,0,1,1,1,0,2175,6,5,0,22,0,90,0
0,1,0,1,0,1,1,0,1,1,9646,24,6,0,9,22,765,1
0,0,1,1,0,1,0,0,1,0,13731,24,5,4,20,4,520,1
0,0,1,0,0,0,1,0,0,1,10783,18,3,0,8,23,2315,2
0,0,1,1,0,1,0,0,1,0,11467,1,5,2,17,14,1285,1
0,0,1,0,0,1,1,0,1,1,8879,3,6,0,7,19,735,1
0,1,0,1,0,1,1,0,1,1,6795,6,6,3,12,1,760,1
0,0,0,1,0,1,1,0,1,1,14871,3,3,6,7,15,480,1
0,1,0,1,0,1,1,0,1,1,34503,3,3,6,15,1,630,2
0,0,1,0,0,1,1,0,1,1,10975,15,6,5,7,9,1580,2
0,0,1,0,0,1,0,0,1,0,15170,24,5,4,9,23,805,2
0,0,1,0,0,1,0,0,1,0,7001,1,5,2,14,14,1440,1
0,0,1,0,0,1,0,0,1,0,8576,18,5,5,9,18,545,1
0,0,1,1,0,1,1,0,1,1,15129,9,5,3,19,4,535,2
0,0,0,1,0,0,1,1,0,1,4823,9,4,1,8,11,170,0
0,0,1,1,0,1,0,0,1,0,10844,21,5,1,6,19,800,1
0,1,1,1,0,1,0,0,1,0,8085,9,6,6,20,20,1440,1
0,0,1,1,0,1,1,0,1,1,20747,3,3,6,18,4,2045,2
0,0,1,0,0,1,0,0,1,0,10203,6,5,0,17,8,925,1
0,0,1,1,0,1,1,0,1,1,12898,21,5,1,19,19,1395,1
0,0,1,1,0,1,0,0,1,0,13941,12,5,6,6,8,1545,1
0,0,0,1,0,1,1,0,1,1,7503,18,5,5,10,21,625,1
0,0,1,1,0,1,1,0,1,1,14714,1,6,5,9,19,600,1
0,0,0,1,0,1,1,0,1,1,5054,24,6,0,7,12,275,1
0,1,1,0,0,0,1,0,0,1,8722,15,3,4,20,23,175,0
0,0,1,1,0,1,0,0,1,0,8586,6,5,0,6,10,1655,1
0,0,1,0,0,0,1,1,0,1,5228,9,6,6,21,23,170,0
0,0,1,0,1,0,1,1,1,0,3100,9,5,3,13,15,90,0
0,0,0,1,0,1,1,0,1,1,6541,1,6,5,5,8,195,0
0,1,0,1,0,1,1,0,1,1,8266,21,5,1,10,19,535,1
0,0,0,1,0,1,1,0,1,1,6628,3,6,0,18,1,415,1
0,0,1,1,0,1,0,0,1,0,9663,21,5,1,16,4,730,1
0,0,1,1,0,1,0,0,1,0,9899,12,6,2,16,22,365,1
0,0,0,1,0,1,1,0,1,1,6223,27,3,2,4,21,985,2
0,0,0,1,0,1,0,0,1,0,5380,9,6,6,15,20,315,1
0,1,0,1,0,1,1,0,1,1,7740,6,6,3,7,21,810,1
0,0,1,1,0,1,0,0,1,0,9899,12,6,2,6,19,800,1
0,0,1,1,0,0,1,1,0,1,5198,18,5,5,11,14,175,0
0,0,1,1,0,1,0,0,1,0,14388,18,5,5,14,10,1200,1
0,1,1,1,0,1,0,0,1,0,8137,6,5,0,7,9,1555,1
0,0,1,0,0,1,1,0,1,1,13591,9,5,3,20,19,1380,2
0,1,0,0,0,1,0,0,1,0,8479,12,5,6,11,18,435,1
0,0,1,1,0,1,0,0,1,0,10844,15,5,2,18,18,1400,1
0,0,1,0,0,1,0,0,1,0,10203,12,6,2,17,20,1615,1
0,0,0,1,0,1,1,0,1,1,6938,12,6,2,14,22,490,1
0,1,0,1,0,1,1,0,1,1,9646,15,6,5,9,22,765,1
0,0,0,1,0,1,1,0,1,1,6593,1,6,5,16,21,300,1
1,0,0,1,1,0,0,1,0,0,9125,1,3,4,7,9,135,0
0,1,0,1,0,1,1,0,1,1,7670,15,5,2,15,1,615,1
0,0,1,0,0,1,0,0,1,0,15894,6,6,3,14,23,525,2
0,0,1,1,0,1,0,0,1,0,5608,15,5,2,10,17,435,1
0,1,1,0,0,1,1,0,1,1,5842,21,5,1,7,13,355,1
0,1,0,0,0,1,1,0,1,1,4466,27,3,2,8,13,270,1
0,0,0,1,1,0,0,1,0,0,3597,24,6,0,13,15,140,0
0,0,1,1,0,0,1,0,0,1,13555,18,3,0,11,23,680,1
0,0,1,0,0,1,1,0,1,1,10979,3,6,0,10,19,555,1
0,0,1,0,0,1,1,0,1,1,5674,21,3,3,14,17,180,0
0,1,1,1,0,0,1,1,0,1,5613,27,4,5,9,12,170,0
0,1,0,0,0,1,0,0,1,0,5725,24,3,6,22,0,140,0
0,0,0,1,0,0,1,0,0,1,10067,9,3,5,16,19,170,0
0,1,0,0,0,0,1,1,0,1,4885,12,4,4,9,12,170,0
0,0,1,0,0,1,1,0,1,1,7690,9,6,6,6,9,1640,1
0,0,0,1,0,1,1,0,1,1,8258,3,3,6,20,1,305,1
0,1,0,1,0,1,1,0,1,1,7408,12,6,2,7,21,840,1
0,0,1,1,0,1,0,0,1,0,10844,24,5,4,8,20,740,1
0,0,0,1,0,1,1,0,1,1,5894,24,6,0,11,21,575,1
0,0,1,0,0,1,0,0,1,0,4435,12,3,1,20,23,155,0
0,0,1,1,1,0,1,1,1,0,4050,21,5,1,2,4,85,0
0,0,0,1,0,1,0,0,1,0,4174,15,4,0,22,0,155,0
0,0,1,0,0,1,1,0,1,1,5957,27,3,2,9,9,1420,1
0,0,1,1,0,1,0,0,1,0,12692,9,6,6,17,21,1685,1
0,0,0,1,0,0,1,0,0,1,7303,24,3,6,16,19,170,0
0,0,1,0,0,1,0,0,1,0,6117,1,5,2,19,11,965,1
0,0,0,1,0,1,1,0,1,1,6015,12,5,6,5,8,195,0
0,0,1,0,0,1,0,0,1,0,11642,9,6,6,9,5,1210,2
0,1,0,1,0,1,1,0,1,1,7564,18,5,5,6,19,755,1
0,0,0,1,0,0,1,1,0,1,4823,24,4,2,16,19,180,0
0,0,0,1,0,1,1,0,1,1,6442,27,6,3,5,16,665,1
0,0,1,0,0,1,0,0,1,0,6327,9,6,6,19,11,965,1
0,0,1,0,0,1,1,0,1,1,7416,27,3,2,9,8,1350,1
0,0,1,0,0,1,1,0,1,1,14588,27,5,0,7,7,1470,2
0,1,0,1,0,1,1,0,1,1,7198,12,6,2,10,1,930,1
0,0,1,0,0,1,1,0,1,1,8669,27,6,3,7,19,735,1
0,0,0,1,0,1,1,0,1,1,6093,9,6,6,6,21,860,1
0,0,1,0,0,1,0,0,1,0,15107,9,5,3,14,12,1320,2
0,0,1,0,0,1,1,0,1,1,8372,18,5,5,9,7,1360,1
0,0,1,1,0,1,0,0,1,0,7064,1,4,0,8,22,850,1
0,1,1,1,0,1,0,0,1,0,12732,24,3,6,7,22,945,1
0,1,0,0,1,0,0,1,0,0,3597,27,6,3,17,20,140,0
0,0,0,1,0,0,1,0,0,1,7303,24,3,6,8,11,180,0
0,0,1,0,0,1,0,0,1,0,10991,6,6,3,5,20,875,2
0,0,1,0,0,0,1,0,0,1,10321,9,3,5,10,11,1490,1
0,0,0,1,0,0,1,1,0,1,3943,6,6,3,13,15,170,0
0,0,0,1,0,1,1,0,1,1,5636,21,5,1,7,12,315,1
0,0,0,1,0,1,0,0,1,0,4268,9,4,1,15,20,290,1
0,0,1,1,0,1,1,0,1,1,13014,9,6,6,5,19,810,2
0,1,0,1,0,1,1,0,1,1,13727,9,5,3,9,21,720,1
0,0,0,1,0,1,0,0,1,0,4174,9,4,1,15,17,150,0
0,0,1,0,0,1,1,0,1,1,10493,27,3,2,12,19,435,2
0,0,0,1,0,1,1,0,1,1,6794,21,5,1,10,21,625,1
0,0,0,1,0,1,0,0,1,0,7228,12,5,6,21,2,315,1
0,0,1,1,0,0,1,0,0,1,26890,1,3,4,7,18,685,1
0,1,0,1,0,1,1,0,1,1,7038,1,6,5,7,16,540,1
0,0,1,1,0,1,0,0,1,0,7064,1,4,0,6,8,1545,1
0,0,1,1,0,1,0,0,1,0,10031,24,3,6,21,23,1575,1
0,0,1,1,0,1,0,0,1,0,9663,6,5,0,20,4,520,1
1,0,0,0,0,0,1,1,0,1,4483,1,5,2,23,2,170,0
0,0,1,1,0,0,1,1,0,1,5769,3,6,0,8,11,180,0
0,0,0,1,0,1,0,0,1,0,4804,24,4,2,15,17,150,0
0,0,1,0,0,1,0,0,1,0,4145,15,5,2,20,23,155,0
0,0,1,0,0,1,0,0,1,0,4880,18,5,5,20,23,155,0
0,1,0,0,1,0,0,1,0,0,3543,6,6,3,9,12,135,0
0,0,1,1,0,0,1,0,0,1,27992,1,3,4,8,21,745,1
0,0,0,1,0,1,1,0,1,1,7191,9,5,3,7,21,810,1
0,1,1,1,0,0,1,1,0,1,5403,1,4,0,7,9,160,0
0,0,1,1,0,1,1,0,1,1,15812,9,6,6,11,19,440,2
0,0,1,1,0,0,1,1,0,1,4544,9,4,1,19,22,180,0
1,0,0,0,0,1,1,0,1,1,11410,3,6,0,16,22,340,1
0,0,0,1,1,0,0,1,0,0,4332,3,5,4,11,14,145,0
0,0,1,1,0,0,1,1,0,1,4544,15,4,0,17,20,180,0
0,0,0,1,0,1,0,0,1,0,4226,24,5,4,6,10,240,1
0,0,1,0,0,1,0,0,1,0,4145,3,6,0,20,23,155,0
0,1,0,1,0,1,1,0,1,1,14848,27,6,3,10,19,555,1
0,0,0,1,0,0,1,1,0,1,3419,3,4,2,0,3,175,0
0,0,1,1,0,0,1,0,0,1,7229,24,3,6,18,21,180,0
0,1,0,0,0,1,1,0,1,1,5830,3,6,0,8,13,270,1
0,0,1,1,0,0,1,0,0,1,10972,18,3,0,14,7,1055,1
0,0,1,1,0,1,0,0,1,0,14231,24,3,6,18,8,795,1
0,0,1,1,0,1,0,0,1,0,10844,9,6,6,18,19,1495,1
0,1,0,0,0,1,0,0,1,0,11468,12,5,6,11,18,435,1
1,0,0,0,0,1,0,0,1,0,4409,18,5,5,22,1,150,0
0,0,0,1,0,0,1,1,0,1,4077,21,6,4,23,2,170,0
0,0,1,1,0,1,0,0,1,0,13067,9,5,3,9,21,690,1
0,0,0,1,0,0,1,1,0,1,4823,6,6,3,7,10,175,0
0,1,0,1,0,1,1,0,1,1,14817,9,3,5,6,19,745,1
0,0,0,1,1,0,0,1,0,0,4326,24,3,6,7,10,140,0
0,1,0,1,0,1,1,0,1,1,15603,3,3,6,7,21,840,1
0,0,1,0,0,1,0,0,1,0,13885,24,3,6,16,23,1830,2
0,0,1,1,0,0,1,0,0,1,17261,6,3,2,11,9,1280,1
0,1,0,1,0,1,1,0,1,1,15629,9,6,6,11,21,565,3
0,0,1,0,0,1,0,0,1,0,6117,6,5,0,9,4,1170,2
0,1,0,1,0,1,1,0,1,1,13377,27,5,0,18,1,435,1
0,0,1,1,0,0,1,0,0,1,26890,1,3,4,7,15,495,1
0,0,0,1,0,0,1,1,0,1,3419,15,5,2,0,3,175,0
0,0,1,0,0,1,0,0,1,0,14960,15,5,2,9,23,805,2
0,0,1,0,1,0,1,1,1,0,11185,3,3,6,19,20,75,0
0,0,1,0,0,1,1,0,1,1,8372,27,5,0,19,19,1455,1
0,0,1,1,0,1,1,0,1,1,10262,6,6,3,2,12,620,1
0,0,1,0,0,1,0,0,1,0,11542,12,6,2,16,13,1255,2
0,1,0,0,0,1,0,0,1,0,4649,3,4,2,15,20,315,1
0,0,1,1,1,0,1,1,1,0,5678,9,3,5,19,21,90,0
0,1,0,0,0,0,1,1,0,1,3971,1,6,5,9,12,170,0
0,1,0,1,0,1,1,0,1,1,7878,3,6,0,7,16,540,1
0,0,1,1,0,1,1,0,1,1,13014,27,6,3,5,19,810,2
0,0,0,1,0,0,1,1,0,1,4423,1,5,2,6,8,165,0
0,0,1,1,0,1,1,0,1,1,10262,1,6,5,14,4,865,1
0,1,1,1,0,0,1,1,0,1,4668,27,5,0,9,12,170,0
0,0,1,1,0,1,0,0,1,0,10844,21,5,1,21,18,1265,1
0,0,1,1,0,1,1,0,1,1,10368,24,6,0,9,4,1125,2
0,0,0,1,0,0,1,1,0,1,4591,21,4,6,10,13,170,0
0,0,0,1,0,1,1,0,1,1,7191,6,5,0,18,1,415,1
0,1,0,1,0,1,1,0,1,1,9794,18,5,5,6,12,395,1
0,0,0,1,0,0,1,1,0,1,3943,1,6,5,4,6,170,0
0,0,1,1,0,1,0,0,1,0,13626,12,6,2,6,12,330,1
0,0,1,1,0,1,0,0,1,0,9663,12,5,6,20,9,800,1
0,1,0,1,0,1,1,0,1,1,6093,15,6,5,7,16,540,1
0,0,1,1,0,0,1,0,0,1,11717,12,3,1,21,7,615,1
0,0,1,1,0,1,0,0,1,0,14781,18,5,5,20,9,800,1
0,0,1,1,0,0,1,1,0,1,7229,3,5,4,6,8,165,0
0,1,1,0,0,0,1,1,0,1,3898,1,6,5,20,23,165,0
0,0,1,1,0,1,1,0,1,1,14714,3,6,0,22,12,825,1
0,1,0,1,0,1,1,0,1,1,7005,27,5,0,11,21,560,1
0,0,0,1,1,0,0,1,0,0,3597,15,6,5,14,17,140,0
0,1,0,0,0,1,0,0,1,0,4413,18,3,0,6,9,160,0
0,1,0,1,0,1,1,0,1,1,15353,6,3,2,10,19,535,1
0,0,0,1,0,0,1,1,0,1,3943,1,5,2,10,13,170,0
0,0,0,1,1,0,0,1,0,0,6297,15,3,4,13,15,135,0
0,0,0,1,0,0,1,0,0,1,6144,9,3,5,20,22,175,0
0,0,1,0,0,1,1,0,1,1,12257,21,5,1,18,19,1470,2
0,0,1,1,0,1,1,0,1,1,15129,21,5,1,13,12,1390,2
0,0,1,1,0,1,1,0,1,1,13029,9,5,3,9,19,560,2
0,0,1,0,0,1,0,0,1,0,9416,6,6,3,12,11,1390,2
0,0,1,0,0,1,1,0,1,1,6934,3,6,0,18,21,185,0
0,0,1,1,0,1,0,0,1,0,11467,21,5,1,20,14,1080,1
0,1,0,1,0,1,1,0,1,1,6795,3,6,0,15,1,615,1
0,0,0,1,0,1,0,0,1,0,5198,27,3,2,15,17,155,0
0,0,1,1,0,1,1,0,1,1,14053,9,3,5,17,18,1525,1
0,1,1,1,0,1,0,0,1,0,7927,1,4,0,7,23,975,1
0,0,0,1,0,1,0,0,1,0,4462,18,3,0,10,12,165,0
0,1,1,0,0,0,1,1,0,1,5048,27,4,5,7,10,175,0
0,0,1,1,0,1,0,0,1,0,10844,24,5,4,20,23,1655,1
0,1,0,1,0,1,1,0,1,1,15411,3,3,6,8,18,595,1
0,0,0,1,0,1,0,0,1,0,4462,18,3,0,17,19,160,0
0,0,1,1,1,0,1,1,1,0,5678,27,3,2,15,17,90,0
0,0,1,1,0,1,1,0,1,1,15764,6,3,2,9,4,1110,1
0,0,1,1,0,1,1,0,1,1,17024,6,3,2,22,19,1285,1
0,0,1,0,1,0,1,1,1,0,3100,18,6,1,6,7,80,0
0,0,1,1,0,0,1,1,0,1,7229,1,5,2,18,22,185,0
0,0,0,1,0,1,0,0,1,0,4804,24,4,2,14,16,150,0
0,0,1,1,0,0,1,1,0,1,5769,24,6,0,8,11,180,0
1,0,0,0,0,1,0,0,1,0,4384,18,3,0,19,22,150,0
0,0,1,0,0,1,1,0,1,1,6587,27,6,3,5,6,1535,1
0,0,1,1,0,0,1,0,0,1,7832,21,3,3,5,19,805,1
0,0,1,0,1,0,0,1,0,0,7082,15,3,4,11,13,135,0
0,1,0,0,1,0,0,1,0,0,6300,15,3,4,8,10,135,0
0,0,1,1,0,1,0,0,1,0,14571,6,6,3,8,16,475,1
0,0,0,1,0,0,1,1,0,1,3943,27,6,3,13,15,170,0
0,1,0,1,0,1,1,0,1,1,6878,21,5,1,14,0,600,1
0,1,0,0,1,0,1,1,1,0,1965,1,4,0,5,7,90,0
0,1,1,1,0,1,0,0,1,0,9187,21,5,1,17,10,1065,1
0,0,1,0,0,0,1,0,0,1,4441,24,3,6,21,23,165,0
0,0,0,1,0,0,1,0,0,1,10067,1,3,4,8,11,180,0
0,0,0,1,0,1,1,0,1,1,5054,27,6,3,20,1,305,1
0,1,0,1,0,1,1,0,1,1,7005,6,6,3,6,21,900,1
0,0,1,1,0,1,0,0,1,0,12121,15,5,2,9,21,690,1
0,0,0,1,0,1,1,0,1,1,5912,27,5,0,15,20,290,1
1,0,0,0,0,1,0,0,1,0,5192,1,4,0,7,19,710,1
0,0,0,1,1,0,0,1,0,0,3597,9,6,6,13,15,140,0
0,0,1,1,0,0,1,0,0,1,8016,9,3,5,18,21,160,0
0,0,1,0,1,0,1,1,1,0,2050,15,3,4,15,16,85,0
0,1,0,0,0,0,1,0,0,1,4839,21,3,3,9,12,175,0
0,0,0,1,1,0,1,1,1,0,4049,27,5,0,6,7,90,0
0,1,1,1,0,1,1,0,1,1,6216,18,6,1,6,9,190,0
0,1,0,0,0,1,0,0,1,0,3841,21,6,4,22,0,140,0
0,1,0,0,0,1,0,0,1,0,3815,15,3,4,6,9,160,0
0,0,1,0,0,0,1,1,0,1,5176,3,4,2,17,19,165,0
0,1,0,0,1,0,1,1,1,0,2017,9,5,3,22,0,90,0
0,1,1,1,0,1,0,0,1,0,9187,9,5,3,7,9,1555,1
0,1,1,1,0,0,1,0,0,1,11598,9,3,5,9,12,165,0
0,0,1,1,0,1,1,0,1,1,13014,1,6,5,19,12,1025,2
0,0,1,1,0,1,1,0,1,1,10262,1,6,5,19,12,1040,1
0,0,1,0,0,1,1,0,1,1,9916,9,4,1,20,19,1380,2
0,0,1,1,0,1,0,0,1,0,14231,24,3,6,16,12,1145,1
0,0,1,1,0,0,1,1,0,1,7229,15,6,5,11,14,175,0
0,0,0,1,0,1,1,0,1,1,6316,27,3,2,17,1,505,1
1,0,0,0,0,1,0,0,1,0,4384,9,3,5,10,12,155,0
0,0,1,0,0,1,1,0,1,1,13381,12,6,2,16,19,1580,2
0,0,0,1,1,0,0,1,0,0,4332,12,5,6,11,14,145,0
0,0,1,0,0,1,1,0,1,1,8907,15,6,5,13,23,570,1
0,0,0,1,0,1,0,0,1,0,4804,12,6,2,4,7,155,0
0,0,1,0,0,1,1,0,1,1,15407,6,3,2,7,7,1480,1
0,0,1,1,0,1,1,0,1,1,12898,27,5,0,10,4,1105,1
0,1,0,1,0,1,1,0,1,1,6883,27,3,2,13,21,480,1
0,1,0,0,1,0,0,1,0,0,3543,3,5,4,17,20,140,0
0,0,0,1,0,0,1,1,0,1,4284,6,5,0,1,4,165,0
0,0,0,1,1,0,1,1,1,0,2437,3,5,4,21,22,90,0
0,1,0,0,0,1,0,0,1,0,4174,18,4,3,22,0,140,0
0,0,1,1,0,1,0,0,1,0,14781,21,5,1,20,12,960,1
0,0,1,0,0,1,0,0,1,0,14960,21,5,1,16,8,970,2
0,0,1,1,0,0,1,1,0,1,5769,27,6,3,11,14,175,0
0,1,0,0,0,1,1,0,1,1,4812,24,4,2,8,13,270,1
0,1,1,1,0,1,0,0,1,0,9345,18,5,5,7,23,975,1
0,0,0,1,0,1,0,0,1,0,4864,15,5,2,7,12,330,1
0,0,0,1,1,0,0,1,0,0,7295,6,3,2,19,21,140,0
0,0,1,0,0,1,1,0,1,1,10231,12,6,2,22,19,1275,2
0,0,1,1,0,1,1,0,1,1,14714,1,6,5,14,19,300,1
0,0,1,1,0,1,1,0,1,1,12032,27,3,2,19,19,1470,1
0,0,1,1,0,0,1,1,0,1,4544,15,4,0,15,18,175,0
0,0,1,1,0,1,0,0,1,0,10844,15,5,2,6,18,705,1
0,1,1,1,0,0,1,0,0,1,12476,3,3,6,6,12,355,1
0,0,1,1,0,0,1,0,0,1,11087,12,3,1,20,23,1585,1
0,0,1,0,0,1,1,0,1,1,10703,6,6,3,5,19,2280,3
0,0,0,1,0,1,1,0,1,1,6734,9,5,3,8,22,835,1
0,0,1,1,0,0,1,0,0,1,7832,21,3,3,14,20,375,1
0,0,1,0,0,1,0,0,1,0,11516,1,4,0,5,23,1045,2
0,0,0,1,1,0,0,1,0,0,3850,18,3,0,7,10,140,0
0,0,1,1,0,1,1,0,1,1,17229,9,3,5,13,4,870,2
0,1,0,0,0,1,0,0,1,0,3873,27,6,3,22,0,140,0
0,0,1,1,1,0,1,1,1,0,4160,3,4,2,7,8,85,0
0,1,0,1,0,1,1,0,1,1,7670,18,5,5,12,21,490,1
0,0,1,1,0,1,0,0,1,0,10031,24,3,6,8,16,475,1
0,0,1,1,0,1,1,0,1,1,11150,27,6,3,13,12,1390,2
0,0,1,1,0,0,1,0,0,1,9134,15,3,4,11,18,405,1
0,1,0,0,0,0,1,1,0,1,4423,18,5,5,9,12,170,0
1,0,0,0,0,1,0,0,1,0,3807,21,6,4,22,1,150,0
0,0,1,0,0,1,1,0,1,1,7480,21,5,1,6,9,1640,1
0,0,0,1,0,0,1,1,0,1,4423,6,5,0,6,8,165,0
0,0,0,1,0,0,1,1,0,1,4823,18,6,1,16,19,180,0
0,1,1,1,0,1,0,0,1,0,12102,24,3,6,17,20,1645,1
0,1,0,1,0,1,1,0,1,1,15342,6,3,2,9,19,615,1
0,0,1,1,0,1,0,0,1,0,10844,6,5,0,16,22,365,1
0,0,1,0,0,1,1,0,1,1,7480,12,6,2,9,9,1420,1
0,0,1,0,0,1,0,0,1,0,4227,1,4,0,19,4,580,1
0,0,1,0,0,1,1,0,1,1,7690,9,6,6,9,9,1420,1
0,1,0,0,0,1,0,0,1,0,8224,18,5,5,15,21,330,1
0,1,1,1,0,0,1,1,0,1,5823,18,4,3,19,22,165,0
0,0,1,1,0,0,1,0,0,1,9134,15,3,4,8,18,570,1
0,0,1,1,0,0,1,0,0,1,26890,1,3,4,16,0,470,1
0,0,1,0,0,1,0,0,1,0,8366,9,6,6,9,7,1350,1
0,0,1,0,0,1,1,0,1,1,7480,1,6,5,5,6,1535,1
0,0,1,1,0,1,0,0,1,0,14781,12,5,6,16,22,365,1
0,0,1,0,0,1,0,0,1,0,13990,24,3,6,5,23,2480,2
0,0,1,1,0,1,1,0,1,1,10262,24,6,0,10,19,540,1
0,0,1,1,0,1,0,0,1,0,12739,12,6,2,6,4,1330,1
0,1,0,1,0,1,1,0,1,1,7575,21,5,1,11,19,470,1
0,0,1,0,0,0,1,0,0,1,11633,18,3,0,17,19,165,0
0,0,1,1,0,0,1,0,0,1,13817,12,3,1,16,23,365,1
0,0,1,1,0,1,0,0,1,0,14231,24,3,6,13,22,520,1
0,0,1,1,0,0,1,0,0,1,6992,21,3,3,11,23,680,1
0,0,1,0,0,0,1,1,0,1,6961,21,6,4,6,8,165,0
0,0,1,1,0,1,1,0,1,1,16263,1,6,5,20,4,505,2
0,0,1,1,0,1,1,0,1,1,14714,27,6,3,7,12,330,1
0,1,0,1,0,1,1,0,1,1,7740,24,6,0,7,21,810,1
0,0,1,1,0,0,1,0,0,1,11087,18,3,0,11,20,520,1
0,1,0,1,0,1,1,0,1,1,14486,21,3,3,8,15,450,1
0,0,0,1,0,1,1,0,1,1,6442,21,5,1,11,18,375,1
0,0,1,0,0,1,0,0,1,0,10361,18,5,5,12,18,1830,2
1,0,0,0,0,1,0,0,1,0,5320,12,5,6,7,23,955,1
0,1,0,0,0,1,0,0,1,0,4174,15,5,2,17,19,150,0
0,0,1,0,0,1,1,0,1,1,8151,21,5,1,17,8,875,1
0,0,1,1,0,1,1,0,1,1,12557,21,3,3,16,18,1610,1
0,0,1,0,0,0,1,1,0,1,6961,15,6,5,10,12,165,0
0,0,1,0,0,0,1,1,0,1,4441,9,4,1,21,23,170,0
0,1,0,0,1,0,1,1,1,0,2753,15,3,4,22,0,85,0
0,1,0,0,0,1,0,0,1,0,3841,6,4,5,22,0,140,0
0,0,1,0,0,1,1,0,1,1,5022,6,4,5,6,23,1010,1
0,0,1,0,0,1,1,0,1,1,5201,6,6,3,5,8,170,0
0,0,1,0,0,1,1,0,1,1,6934,3,6,0,14,17,180,0
0,0,0,1,0,1,0,0,1,0,5699,1,4,0,17,22,280,1
0,1,1,1,0,0,1,1,0,1,5088,27,6,3,19,22,165,0
0,1,0,1,0,1,1,0,1,1,8601,21,3,3,8,19,650,1
0,0,0,1,0,1,0,0,1,0,11319,15,5,2,9,14,295,1
0,0,0,1,1,0,1,1,1,0,3838,9,3,5,21,22,85,0
0,0,1,1,0,1,0,0,1,0,14388,12,5,6,16,9,1010,1
0,0,1,1,0,1,1,0,1,1,10824,15,6,5,9,12,1620,2
0,0,1,1,0,1,1,0,1,1,5177,6,4,5,13,19,360,1
0,0,1,1,0,1,1,0,1,1,14714,27,6,3,11,19,450,1
0,0,1,1,0,1,0,0,1,0,13626,12,6,2,8,19,685,1
0,0,1,0,0,1,1,0,1,1,13381,24,6,0,6,7,1490,2
0,0,1,0,0,1,1,0,1,1,18211,9,3,5,18,19,1485,2
0,1,0,1,0,1,1,0,1,1,6653,21,3,3,13,21,485,2
0,0,1,1,0,1,0,0,1,0,14781,12,5,6,14,23,570,1
0,0,1,0,0,1,0,0,1,0,11458,6,5,0,9,1,955,2
0,0,1,1,0,1,0,0,1,0,10844,9,6,6,6,19,800,1
0,0,0,1,1,0,1,1,1,0,3342,24,5,4,2,4,90,0
0,0,1,1,0,1,1,0,1,1,10262,24,6,0,18,12,1100,1
0,0,0,1,1,0,0,1,0,0,5277,24,6,0,22,0,140,0
0,0,1,0,0,0,1,0,0,1,4441,24,3,6,6,8,165,0
0,1,0,0,1,0,0,1,0,0,3543,3,5,4,8,10,135,0
0,0,1,0,0,0,1,0,0,1,13912,6,3,2,6,12,330,1
0,1,0,1,0,1,1,0,1,1,9315,27,5,0,6,19,740,1
0,0,1,1,0,1,1,0,1,1,10262,1,6,5,22,4,335,1
0,0,1,0,0,1,1,0,1,1,12199,27,6,3,17,19,1560,2
0,0,0,1,1,0,0,1,0,0,5277,27,5,0,22,0,140,0
0,0,1,0,0,1,0,0,1,0,6117,12,6,2,9,4,1170,2
0,0,0,1,0,0,1,0,0,1,5734,24,3,6,10,13,170,0
1,0,0,0,0,1,1,0,1,1,8627,6,3,2,20,7,660,1
0,1,0,1,0,1,1,0,1,1,6795,15,6,5,11,1,830,1
0,0,0,1,0,1,1,0,1,1,5601,21,5,1,14,17,195,0
0,0,1,1,0,0,1,1,0,1,7229,21,4,6,17,20,180,0
0,0,0,1,0,1,1,0,1,1,8330,9,5,3,15,1,630,1
0,0,0,1,0,0,1,1,0,1,4823,3,5,4,8,11,170,0
0,0,1,1,0,1,0,0,1,0,13759,24,3,6,19,22,1610,1
0,0,1,0,0,1,1,0,1,1,10231,12,6,2,5,7,1600,2
0,0,1,1,0,1,1,0,1,1,12898,27,5,0,19,19,1425,1
0,0,1,1,0,0,1,0,0,1,19225,6,3,2,5,10,280,1
0,0,1,1,1,0,1,1,1,0,4995,27,5,0,7,8,85,0
0,0,0,1,0,1,1,0,1,1,5298,12,6,2,6,12,320,1
0,0,1,1,0,1,1,0,1,1,9254,21,3,3,10,18,1950,2
0,0,1,1,0,1,1,0,1,1,5177,6,4,5,14,19,300,1
0,1,1,1,0,1,0,0,1,0,9345,21,5,1,20,23,1625,1
0,0,1,1,0,1,0,0,1,0,10844,6,5,0,8,16,475,1
0,0,1,0,0,1,1,0,1,1,15428,3,3,6,5,7,1545,2
0,0,0,1,0,1,1,0,1,1,7255,21,5,1,16,21,300,1
0,0,1,1,0,1,1,0,1,1,12898,21,5,1,9,12,1655,1
0,0,0,1,0,0,1,0,0,1,8707,1,3,4,13,18,295,1
0,0,1,1,0,1,1,0,1,1,10262,3,6,0,18,12,1100,1
0,0,1,1,0,1,0,0,1,0,13067,6,5,0,20,10,870,1
0,0,1,1,0,1,1,0,1,1,10262,6,6,3,19,19,1395,1
0,0,1,0,0,1,0,0,1,0,4460,9,4,1,20,23,155,0
0,0,1,1,0,1,0,0,1,0,14571,24,5,4,14,23,570,1
0,0,1,0,0,1,1,0,1,1,10178,9,6,6,19,19,1410,2
0,1,0,0,1,0,0,1,0,0,7718,1,3,4,17,20,140,0
0,0,1,1,0,1,1,0,1,1,16376,21,5,1,2,12,620,1
0,0,1,1,1,0,1,1,1,0,5678,6,6,3,19,21,90,0
0,1,0,1,0,1,1,0,1,1,9103,9,5,3,10,19,505,1
0,0,1,1,0,1,1,0,1,1,14714,6,6,3,13,4,925,1
0,1,0,0,0,1,1,0,1,1,5583,24,6,0,15,22,380,1
0,0,0,1,0,0,1,1,0,1,4823,24,4,2,18,21,175,0
0,0,1,1,0,0,1,1,0,1,4544,15,4,0,18,22,185,0
1,0,0,0,0,1,1,0,1,1,8759,18,5,5,7,13,330,1
1,0,0,0,0,1,1,0,1,1,6152,24,6,0,7,13,330,1
0,0,1,1,0,0,1,0,0,1,11087,18,3,0,11,10,1365,1
0,0,1,0,0,1,0,0,1,0,11432,6,6,3,8,20,725,2
0,1,0,0,0,1,0,0,1,0,3815,27,3,2,17,19,150,0
0,1,1,1,0,1,0,0,1,0,8662,1,4,0,17,9,965,1
0,0,1,1,0,0,1,0,0,1,17261,6,3,2,11,11,1425,1
0,0,0,1,0,1,0,0,1,0,4860,9,4,1,19,0,275,1
0,0,1,0,0,1,1,0,1,1,13442,3,3,6,17,19,1560,2
0,1,1,1,1,0,1,1,1,0,12395,6,3,2,15,22,435,1
0,0,1,0,0,1,0,0,1,0,6528,15,5,2,14,14,1440,1
0,0,0,1,0,1,1,0,1,1,6314,1,6,5,4,21,965,1
0,0,0,1,0,1,1,0,1,1,6270,9,4,1,11,1,845,1
0,0,1,1,0,1,1,0,1,1,14714,6,6,3,19,19,1395,1
0,1,0,1,0,1,1,0,1,1,9359,15,6,5,9,19,600,1
0,0,1,0,0,1,1,0,1,1,6724,9,4,1,14,17,230,0
0,0,1,1,0,1,1,0,1,1,10262,24,6,0,22,19,1210,1
0,1,1,1,0,0,1,1,0,1,4668,21,5,1,7,9,160,0
0,0,0,1,0,1,1,0,1,1,6610,6,3,2,11,21,565,2
0,1,0,0,1,0,0,1,0,0,3597,15,5,2,8,10,135,0
0,0,0,1,0,1,0,0,1,0,4462,9,3,5,10,12,165,0
0,0,1,0,0,1,1,0,1,1,12677,6,3,2,6,9,1640,1
0,1,0,1,0,1,1,0,1,1,23170,1,3,4,0,15,910,1
0,0,0,1,0,1,0,0,1,0,4804,6,6,3,4,7,155,0
0,1,0,1,0,1,1,0,1,1,6795,27,5,0,12,1,760,1
0,0,1,0,0,1,0,0,1,0,7662,18,5,5,12,13,1515,1
0,0,1,0,0,1,1,0,1,1,12751,6,6,3,13,7,1100,2
0,0,1,1,1,0,1,1,1,0,19595,6,3,2,20,16,1205,1
0,1,1,1,0,0,1,0,0,1,7975,9,3,5,7,9,160,0
0,0,1,1,0,1,0,0,1,0,14781,18,5,5,14,19,345,1
0,0,1,1,0,1,0,0,1,0,14781,9,5,3,8,20,740,1
0,0,1,1,0,1,0,0,1,0,10031,24,3,6,13,16,1585,1
0,0,1,1,0,1,0,0,1,0,10844,9,6,6,14,19,345,1
0,0,1,1,0,0,1,1,0,1,3502,9,5,3,19,22,180,0
0,0,1,1,0,1,1,0,1,1,13292,1,6,5,9,4,1130,2
0,0,1,1,0,1,0,0,1,0,14151,6,6,3,20,23,1630,1
0,1,0,0,1,0,1,1,1,0,12475,1,3,4,5,7,80,0
0,0,1,1,0,1,1,0,1,1,14714,3,6,0,20,12,940,1
0,1,0,1,0,1,1,0,1,1,8283,24,5,4,19,1,390,1
0,0,1,1,0,0,1,0,0,1,11087,12,3,1,20,9,775,1
0,0,1,1,0,1,0,0,1,0,10844,21,5,1,14,19,345,1
0,0,0,1,0,1,1,0,1,1,5883,24,6,0,18,1,415,1
0,0,1,0,0,0,1,0,0,1,7664,15,3,4,5,16,630,2
0,0,1,1,0,1,1,0,1,1,12898,27,5,0,8,4,1225,1
0,0,1,1,0,1,1,0,1,1,10262,12,6,2,22,19,1210,1
0,0,1,1,0,1,0,0,1,0,13067,15,5,2,9,19,575,1
0,0,0,1,0,1,0,0,1,0,4462,18,3,0,15,17,155,0
0,0,1,1,1,0,1,1,1,0,5678,27,6,3,2,4,85,0
0,0,1,1,0,1,0,0,1,0,14388,21,5,1,6,12,330,1
0,0,1,1,0,1,1,0,1,1,14714,3,6,0,19,12,1010,1
0,0,0,1,0,1,0,0,1,0,4804,27,5,0,9,12,165,0
0,0,1,0,0,1,1,0,1,1,11281,9,5,3,5,7,1600,2
0,0,1,1,0,1,0,0,1,0,11134,24,3,6,21,8,660,1
0,0,1,0,1,0,1,1,1,0,11647,12,3,1,19,9,810,2
0,0,1,1,0,1,0,0,1,0,10539,9,6,6,17,21,1685,1
0,1,0,1,0,1,1,0,1,1,12192,1,6,5,8,19,660,1
0,0,1,0,0,0,1,1,0,1,6121,24,4,2,13,16,170,0
0,0,1,1,0,1,0,0,1,0,13759,24,3,6,19,4,540,1
0,1,0,1,0,1,1,0,1,1,6427,27,3,2,10,1,915,1
0,0,0,1,0,0,1,1,0,1,3943,9,4,1,22,1,170,0
0,0,0,1,0,0,1,1,0,1,4284,12,5,6,22,1,170,0
0,0,0,1,0,1,1,0,1,1,8147,9,3,5,5,10,300,1
0,0,1,1,0,0,1,1,0,1,3502,12,5,6,19,22,180,0
0,0,0,1,1,0,1,1,1,0,3342,15,3,4,2,4,90,0
0,0,0,1,0,0,1,0,0,1,5734,21,3,3,6,8,165,0
0,1,0,0,0,1,0,0,1,0,8224,6,6,3,15,21,330,1
0,1,0,0,0,1,1,0,1,1,9748,6,3,2,6,11,310,1
0,1,1,0,0,1,0,0,1,0,7102,6,5,0,16,0,455,1
0,1,0,1,0,1,1,0,1,1,13727,15,5,2,13,1,750,1
0,0,1,1,0,0,1,0,0,1,11087,18,3,0,11,9,1310,1
0,0,1,1,0,0,1,1,0,1,7229,1,6,5,6,8,165,0
0,0,1,1,0,1,1,0,1,1,10262,15,6,5,18,19,1485,1
0,0,0,1,0,0,1,1,0,1,4823,15,4,0,20,22,170,0
0,0,0,1,0,1,0,0,1,0,4804,24,5,4,4,7,155,0
0,0,0,1,0,1,1,0,1,1,10112,6,6,3,23,4,305,1
0,0,1,1,0,0,1,1,0,1,7229,27,5,0,6,8,165,0
0,0,1,1,0,1,0,0,1,0,13067,24,5,4,17,22,1745,1
0,0,1,1,0,1,1,0,1,1,14714,3,6,0,14,4,865,1
0,0,1,0,0,1,1,0,1,1,8907,3,6,0,9,23,795,1
0,0,1,1,0,0,1,1,0,1,7229,9,4,1,11,14,175,0
0,1,0,1,0,1,1,0,1,1,24528,3,3,6,17,1,465,2
0,0,0,1,0,1,1,0,1,1,6838,3,6,0,4,21,965,1
0,1,0,1,0,1,1,0,1,1,10406,12,6,2,7,21,835,1
0,1,1,1,1,0,1,1,1,0,12395,6,3,2,21,9,690,1
0,0,1,0,0,1,0,0,1,0,10203,6,5,0,20,20,1435,1
0,0,0,1,1,0,1,1,1,0,4049,12,5,6,6,7,90,0
0,0,1,1,0,1,0,0,1,0,13401,9,6,6,20,18,1295,1
0,0,1,0,0,1,1,0,1,1,9968,9,5,3,12,7,1180,2
0,0,1,1,1,0,1,1,1,0,8040,6,5,0,10,11,90,0
0,1,0,1,0,1,1,0,1,1,6427,27,3,2,15,1,620,1
0,0,0,1,1,0,0,1,0,0,5277,6,5,0,22,0,140,0
0,0,1,1,1,0,1,1,1,0,2228,1,4,0,2,4,85,0
0,1,1,1,0,0,1,1,0,1,5613,24,5,4,21,23,170,0
0,0,0,1,0,1,0,0,1,0,6669,12,5,6,17,22,280,1
0,1,1,1,1,0,0,1,0,0,11982,15,5,2,17,20,140,0
0,0,1,1,0,1,0,0,1,0,10118,21,5,1,6,7,1495,2
0,0,0,1,0,1,0,0,1,0,4148,15,3,4,21,0,160,0
0,0,1,1,0,1,1,0,1,1,18371,9,6,6,2,12,620,1
0,1,0,1,0,1,1,0,1,1,13587,12,6,2,11,21,570,1
0,0,1,0,0,1,1,0,1,1,12760,6,6,3,17,19,1560,2
0,0,1,1,0,1,1,0,1,1,10368,6,6,3,9,4,1125,2
0,0,0,1,1,0,1,1,1,0,3175,1,6,5,2,4,90,0
0,1,0,0,1,0,0,1,0,0,3597,9,5,3,9,12,135,0
0,1,0,1,0,1,1,0,1,1,6733,27,5,0,11,1,840,1
0,1,0,1,0,1,1,0,1,1,12192,1,6,5,3,12,525,1
0,1,1,1,0,0,1,1,0,1,4668,12,5,6,11,14,170,0
0,0,1,1,0,1,1,0,1,1,10262,27,6,3,17,12,1145,1
0,0,1,1,0,1,1,0,1,1,15129,18,5,5,9,4,1125,2
0,1,0,1,0,1,1,0,1,1,7878,3,6,0,7,22,920,1
0,0,1,1,1,0,1,1,1,0,8040,18,3,0,10,11,90,0
0,0,1,1,0,1,1,0,1,1,12373,9,5,3,2,12,620,1
0,0,0,1,1,0,0,1,0,0,5277,18,5,5,22,0,140,0
0,1,0,1,0,1,1,0,1,1,7888,21,5,1,13,21,480,1
0,1,0,1,0,1,1,0,1,1,9001,3,6,0,8,19,630,1
0,0,0,1,1,0,1,1,1,0,4049,21,3,3,6,7,85,0
0,0,0,1,1,0,0,1,0,0,4326,24,3,6,5,7,140,0
0,0,0,1,0,0,1,0,0,1,4777,9,3,5,23,2,170,0
0,0,0,1,0,1,1,0,1,1,6838,21,3,3,11,21,570,1
0,0,0,1,0,1,1,0,1,1,6582,6,6,3,7,12,315,1
0,0,1,1,0,1,1,0,1,1,10262,1,6,5,21,12,885,1
1,0,0,0,0,0,1,0,0,1,10873,1,3,4,23,2,165,0
0,0,1,1,0,1,1,0,1,1,10262,27,6,3,2,12,620,1
0,0,0,1,0,1,0,0,1,0,4148,27,3,2,5,8,170,0
0,0,0,1,0,1,1,0,1,1,6494,27,3,2,11,21,565,2
0,0,1,1,0,1,1,0,1,1,12898,21,5,1,10,12,1595,1
0,0,1,0,0,1,1,0,1,1,9968,9,6,6,5,19,2295,2
0,0,1,1,0,1,1,0,1,1,12898,21,5,1,15,4,805,1
0,1,0,1,0,1,1,0,1,1,7740,24,5,4,14,22,455,1
0,0,1,0,0,1,0,0,1,0,7452,9,5,3,9,21,675,1
0,0,1,1,1,0,1,1,1,0,4160,21,3,3,7,8,85,0
0,0,0,1,0,0,1,1,0,1,4823,27,5,0,8,11,170,0
0,0,1,0,0,1,1,0,1,1,13486,18,5,5,10,19,500,2
0,0,1,1,0,0,1,1,0,1,4544,27,4,5,18,22,185,0
0,0,1,0,0,1,1,0,1,1,10975,21,5,1,9,9,1420,2
0,0,0,1,1,0,0,1,0,0,3858,3,5,4,14,17,140,0
0,0,1,1,0,1,1,0,1,1,15129,6,5,0,5,4,1375,2
0,0,1,0,0,1,1,0,1,1,10975,15,6,5,9,9,1420,2
1,0,0,0,0,1,1,0,1,1,6752,9,5,3,16,22,340,1
1,0,0,0,0,1,0,0,1,0,3807,18,6,1,9,12,150,0
0,0,1,0,0,1,1,0,1,1,13832,6,3,2,12,9,1255,1
0,0,1,1,0,0,1,1,0,1,4544,6,4,5,18,22,185,0
0,0,1,1,0,1,0,0,1,0,14571,6,6,3,18,8,800,1
0,1,1,1,1,0,0,1,0,0,11982,24,6,0,17,20,140,0
0,0,1,1,1,0,1,1,1,0,8040,1,5,2,7,8,85,0
0,1,1,1,0,0,1,0,0,1,11913,18,3,0,16,18,155,0
1,0,0,0,0,1,0,0,1,0,5162,24,5,4,6,10,220,1
0,0,1,1,0,1,1,0,1,1,13014,15,6,5,9,12,1615,2
0,0,1,1,0,1,0,0,1,0,8586,18,5,5,21,4,450,1
0,1,0,1,0,1,1,0,1,1,10197,21,5,1,8,19,660,1
0,1,1,1,0,1,0,0,1,0,8610,1,5,2,17,20,1640,1
1,0,0,0,0,0,1,1,0,1,7120,1,6,5,23,2,170,0
0,0,1,0,0,1,1,0,1,1,10703,9,5,3,5,19,2280,3
0,0,1,1,0,1,1,0,1,1,10262,1,6,5,9,4,1165,1
0,0,1,1,0,1,1,0,1,1,11507,27,6,3,5,19,810,2
0,0,0,1,0,0,1,1,0,1,3943,6,6,3,21,0,180,0
0,0,1,1,0,1,1,0,1,1,13292,15,6,5,9,12,1620,2
0,0,0,1,0,0,1,0,0,1,7166,21,3,3,13,18,295,1
0,0,1,1,0,1,1,0,1,1,10262,15,6,5,13,19,360,1
1,0,0,0,0,1,1,0,1,1,6152,12,6,2,20,7,625,1
0,0,1,1,0,1,0,0,1,0,10703,15,5,2,9,22,750,1
0,0,1,1,0,0,1,1,0,1,4030,21,5,1,7,10,180,0
0,1,0,1,0,1,1,0,1,1,17057,6,3,2,17,1,485,1
0,0,0,1,1,0,0,1,0,0,3850,18,6,1,7,10,140,0
0,0,1,1,0,1,0,0,1,0,14388,6,5,0,20,9,800,1
0,0,0,1,0,1,1,0,1,1,4744,3,4,2,2,7,325,1
0,0,1,1,0,1,1,0,1,1,10262,1,6,5,17,12,1145,1
1,0,0,0,0,1,1,0,1,1,6152,27,5,0,7,22,870,1
0,0,1,1,0,0,1,0,0,1,15025,6,3,2,8,9,1445,1
0,0,0,1,1,0,1,1,1,0,6795,3,3,6,16,18,90,0
0,0,1,0,0,1,0,0,1,0,10623,24,5,4,17,20,1615,1
0,0,0,1,1,0,0,1,0,0,3850,24,5,4,7,10,140,0
0,0,1,1,0,1,0,0,1,0,10844,1,5,2,14,22,510,1
0,0,1,0,0,1,1,0,1,1,10441,27,5,0,19,19,1410,2
0,1,0,1,0,1,1,0,1,1,13377,27,6,3,17,1,480,1
0,0,1,0,0,1,1,0,1,1,13696,18,5,5,12,19,1820,2
0,0,0,1,0,0,1,1,0,1,3943,3,6,0,0,3,170,0
0,0,1,0,0,0,1,0,0,1,8114,24,3,6,17,22,1795,2
0,1,0,0,0,1,1,0,1,1,5583,24,6,0,6,11,315,1
0,0,1,1,0,0,1,0,0,1,13817,12,3,1,16,8,920,1
0,1,0,1,0,1,1,0,1,1,6953,27,3,2,12,19,385,1
0,1,0,1,0,1,1,0,1,1,6637,27,3,2,10,21,640,1
0,0,0,1,0,1,0,0,1,0,4174,3,4,2,9,12,165,0
0,0,1,0,0,1,1,0,1,1,8140,21,3,3,9,9,1420,2
0,0,1,1,0,0,1,0,0,1,13817,12,3,1,7,23,960,1
0,0,1,1,0,1,1,0,1,1,10262,6,6,3,9,19,600,1
0,0,0,1,0,1,1,0,1,1,6496,18,5,5,15,20,290,1
0,0,0,1,0,1,1,0,1,1,10112,15,6,5,23,4,305,1
0,0,1,0,0,1,1,0,1,1,10467,27,5,0,13,9,1210,2
0,0,0,1,0,1,1,0,1,1,6206,1,6,5,10,1,895,1
0,0,1,0,0,1,0,0,1,0,10151,24,5,4,12,18,1830,2
0,0,0,1,0,1,0,0,1,0,4804,12,6,2,15,17,150,0
0,1,1,0,0,0,1,0,0,1,5048,24,3,6,7,10,175,0
0,0,1,1,1,0,1,1,1,0,4050,6,6,3,2,4,85,0
0,1,0,0,0,0,1,1,0,1,3919,1,6,5,9,12,170,0
0,0,1,1,0,1,0,0,1,0,11841,9,6,6,21,8,665,1
0,0,0,1,0,1,1,0,1,1,5065,24,4,2,20,1,305,1
0,0,1,0,0,1,0,0,1,0,9626,9,5,3,12,18,1830,2
0,0,0,1,0,0,1,1,0,1,3419,27,6,3,22,1,170,0
0,0,1,0,0,1,0,0,1,0,14960,9,6,6,9,23,805,3
0,0,0,1,0,0,1,1,0,1,3943,9,6,6,21,0,180,0
0,1,0,1,0,1,1,0,1,1,14323,9,5,3,9,19,615,1
0,0,1,0,0,1,0,0,1,0,11752,9,6,6,16,13,1255,2
0,1,0,1,0,1,1,0,1,1,7677,6,6,3,8,19,645,1
0,1,0,1,0,1,1,0,1,1,14067,24,5,4,13,21,480,1
0,0,1,1,0,1,0,0,1,0,14781,1,5,2,21,9,730,1
0,0,1,1,0,1,0,0,1,0,11467,15,5,2,17,14,1285,1
0,0,1,1,0,1,1,0,1,1,16263,21,5,1,20,4,505,2
0,0,1,1,0,1,1,0,1,1,12373,18,5,5,19,4,550,1
0,1,0,1,0,1,1,0,1,1,7005,15,6,5,12,21,490,1
0,0,0,1,0,1,1,0,1,1,7580,18,5,5,5,10,295,1
0,0,1,1,0,0,1,1,0,1,7229,18,5,5,17,20,180,0
0,0,0,1,0,1,1,0,1,1,6093,9,4,1,6,21,860,1
0,1,0,0,0,1,0,0,1,0,3873,15,6,5,6,9,155,0
0,0,1,1,0,1,1,0,1,1,10262,24,6,0,21,4,395,1
0,0,1,1,0,1,0,0,1,0,13364,1,4,0,14,23,570,1
0,0,1,1,0,1,1,0,1,1,12373,15,5,2,2,12,620,1
0,1,0,0,1,0,1,1,1,0,1965,12,5,6,22,0,90,0
0,1,0,1,0,1,1,0,1,1,7005,6,6,3,12,21,490,1
0,0,1,0,0,0,1,0,0,1,4441,18,3,0,10,12,165,0
0,1,0,1,0,1,1,0,1,1,11098,21,3,3,4,18,845,1
0,0,0,1,0,1,1,0,1,1,7318,21,5,1,9,1,975,1
0,0,1,1,0,1,1,0,1,1,12767,21,3,3,7,4,1280,1
0,1,0,0,0,1,0,0,1,0,10654,24,3,6,15,21,320,1
0,1,0,0,0,1,1,0,1,1,6297,9,6,6,15,22,380,1
0,1,0,1,0,1,1,0,1,1,11265,3,3,6,9,16,385,1
0,0,1,0,1,0,1,1,1,0,11972,6,3,2,17,14,150,2
0,1,0,1,0,1,1,0,1,1,13587,9,6,6,7,21,835,1
0,0,0,1,0,1,0,0,1,0,4804,3,6,0,17,19,155,0
0,0,1,0,0,1,0,0,1,0,8366,1,5,2,9,18,535,2
0,0,1,0,0,1,0,0,1,0,8366,18,5,5,9,7,1350,1
0,0,1,0,0,1,0,0,1,0,10697,18,5,5,8,21,810,2
0,0,1,1,0,1,1,0,1,1,15129,21,5,1,5,19,810,2
0,0,0,1,1,0,0,1,0,0,3858,18,5,5,14,17,140,0
0,0,1,1,0,0,1,1,0,1,7229,6,4,5,18,22,185,0
0,0,0,1,0,1,1,0,1,1,6937,27,4,5,16,21,300,1
0,0,1,1,0,1,1,0,1,1,14714,24,6,0,14,19,300,1
0,0,1,1,0,0,1,0,0,1,9134,15,3,4,5,16,625,1
0,0,1,1,0,1,1,0,1,1,10577,3,6,0,7,19,715,1
0,0,1,1,0,1,0,0,1,0,14388,6,5,0,20,10,845,1
0,0,1,0,0,1,1,0,1,1,8991,12,6,2,13,8,1125,1
0,0,1,0,0,1,1,0,1,1,12436,27,5,0,12,19,1820,2
0,0,1,0,0,0,1,0,0,1,12515,12,3,1,6,9,1600,2
0,1,0,0,0,1,1,0,1,1,5583,15,6,5,15,22,380,1
0,0,1,0,0,1,1,0,1,1,10840,9,3,5,23,7,520,1
0,0,1,1,0,1,1,0,1,1,14300,27,6,3,12,12,1460,2
0,1,0,0,0,0,1,1,0,1,5515,18,4,3,21,0,175,0
0,0,1,1,0,1,0,0,1,0,10844,15,5,2,14,20,400,1
0,0,1,1,0,1,0,0,1,0,11134,24,3,6,16,9,980,1
0,0,1,0,0,0,1,1,0,1,6121,24,4,2,10,12,165,0
0,0,1,0,0,1,0,0,1,0,10676,21,5,1,12,7,1195,2
0,0,1,1,0,1,0,0,1,0,14781,1,5,2,16,22,365,1
0,0,1,1,0,0,1,1,0,1,4544,6,4,5,19,22,180,0
0,1,1,0,0,0,1,1,0,1,4632,6,4,5,7,10,175,0
0,0,1,1,0,1,1,0,1,1,10929,21,3,3,19,4,1995,2
1,0,0,0,0,1,0,0,1,0,4409,21,4,6,10,12,155,0
0,1,0,0,0,1,0,0,1,0,3873,1,5,2,6,9,155,0
0,0,1,1,0,0,1,1,0,1,4030,27,5,0,7,10,180,0
1,0,0,0,0,1,0,0,1,0,3807,9,5,3,22,1,150,0
0,0,1,0,0,1,0,0,1,0,12140,12,5,6,10,1,920,2
0,1,0,0,0,1,0,0,1,0,4096,6,3,2,9,11,150,0
0,0,1,1,0,1,1,0,1,1,14300,15,6,5,18,12,1095,2
0,1,0,1,0,1,1,0,1,1,6007,27,6,3,11,21,560,1
0,0,0,1,0,1,0,0,1,0,4174,1,4,0,14,16,150,0
0,1,0,0,1,0,0,1,0,0,3597,21,6,4,17,20,140,0
0,0,1,0,0,1,1,0,1,1,9548,24,6,0,12,19,435,2
0,0,1,0,0,0,1,0,0,1,8714,15,3,4,8,15,385,1
0,1,1,1,0,1,0,0,1,0,8085,12,6,2,17,20,1640,1
0,0,1,1,0,1,1,0,1,1,10368,3,6,0,19,4,535,2
0,0,1,0,0,1,1,0,1,1,10975,27,6,3,7,9,1580,2
0,1,0,1,0,1,1,0,1,1,7670,9,5,3,7,21,810,1
0,1,0,1,0,1,1,0,1,1,8073,15,5,2,18,1,450,1
0,0,1,1,0,0,1,0,0,1,13817,12,3,1,22,10,710,1
0,0,0,1,0,1,0,0,1,0,3574,9,4,1,19,23,265,1
0,0,1,1,0,1,1,0,1,1,15554,9,5,3,21,4,395,1
0,0,1,0,0,1,1,0,1,1,6692,27,3,2,21,19,1335,1
0,1,0,0,1,0,1,1,1,0,1965,15,6,5,22,0,90,0
0,0,0,1,1,0,1,1,1,0,2227,24,6,0,20,21,95,0
0,0,0,1,1,0,0,1,0,0,3597,9,6,6,14,17,140,0
0,0,1,1,0,1,1,0,1,1,14714,6,6,3,14,4,865,1
0,1,0,0,0,1,0,0,1,0,4622,9,3,5,17,19,150,0
0,0,1,1,0,1,1,0,1,1,15129,1,5,2,5,4,1375,2
0,0,0,1,1,0,0,1,0,0,5277,15,6,5,22,0,140,0
0,1,0,1,0,1,1,0,1,1,11667,27,3,2,9,18,590,1
0,0,1,1,0,1,0,0,1,0,10539,9,6,6,17,19,1570,1
0,0,1,1,0,1,0,0,1,0,11467,9,5,3,20,14,1080,1
0,0,1,0,0,1,1,0,1,1,7480,12,6,2,17,9,965,1
0,1,1,0,0,0,1,1,0,1,3419,24,4,2,20,23,165,0
0,0,0,1,0,1,1,0,1,1,5684,27,6,3,10,1,895,1
0,0,0,1,0,1,0,0,1,0,6218,12,6,2,18,23,325,1
0,0,1,1,0,1,0,0,1,0,6959,12,6,2,20,4,520,1
0,1,1,1,0,0,1,1,0,1,4878,12,6,2,19,22,165,0
0,0,1,0,0,1,0,0,1,0,12219,1,4,0,7,5,1345,2
0,0,1,1,0,1,0,0,1,0,12384,21,5,1,20,9,800,1
0,0,1,1,0,1,1,0,1,1,7202,15,6,5,11,14,195,0
0,1,0,0,0,1,0,0,1,0,4174,1,6,5,17,19,150,0
0,0,1,0,1,0,1,1,1,0,3100,12,5,6,15,16,85,0
0,0,1,1,0,0,1,0,0,1,7832,21,3,3,8,15,380,1
0,1,0,1,0,1,1,0,1,1,6723,9,6,6,14,22,455,1
0,0,1,0,0,1,0,0,1,0,10697,6,6,3,8,7,1415,2
0,1,0,0,0,1,0,0,1,0,3841,1,6,5,22,0,140,0
0,0,1,0,0,1,0,0,1,0,9920,1,4,0,16,12,1155,2
0,0,0,1,0,0,1,0,0,1,12649,1,3,4,18,21,175,0
0,0,0,1,0,1,1,0,1,1,6093,6,6,3,11,21,575,1
0,0,1,1,0,0,1,1,0,1,4544,27,4,5,17,20,180,0
0,0,1,0,0,1,0,0,1,0,5170,27,3,2,14,16,150,0
0,0,0,1,1,0,1,1,1,0,2754,9,6,6,2,4,90,0
0,0,1,0,1,0,1,1,1,0,3100,12,6,2,13,15,90,0
0,0,1,0,0,1,0,0,1,0,9237,1,4,0,16,23,1830,2
0,1,0,1,0,1,1,0,1,1,7198,15,6,5,13,1,750,1
0,0,1,1,0,1,1,0,1,1,10262,1,6,5,11,12,1505,1
0,1,0,0,0,1,1,0,1,1,5111,27,3,2,15,21,360,1
0,1,0,1,0,1,1,0,1,1,10261,1,6,5,8,19,630,1
0,0,0,1,1,0,0,1,0,0,6297,9,3,5,19,21,140,0
0,1,0,1,0,1,1,0,1,1,12192,15,6,5,3,19,910,1
0,0,0,1,0,0,1,1,0,1,3943,15,6,5,10,13,170,0
0,0,1,1,0,1,1,0,1,1,16274,27,5,0,5,12,425,2
0,0,1,1,0,1,1,0,1,1,12898,21,5,1,7,12,330,1
0,1,0,0,0,0,1,1,0,1,3311,15,5,2,5,8,160,0
0,1,0,1,0,1,1,0,1,1,9103,21,5,1,4,12,460,1
0,0,0,1,0,1,0,0,1,0,4148,15,3,4,22,0,165,0
0,0,0,1,0,1,0,0,1,0,5224,9,6,6,15,18,155,0
0,0,0,1,0,1,0,0,1,0,4804,9,5,3,4,7,155,0
0,0,0,1,1,0,0,1,0,0,3597,6,6,3,19,21,140,0
0,0,0,1,0,1,0,0,1,0,4804,27,6,3,11,14,155,0
0,0,1,1,1,0,1,1,1,0,4995,6,5,0,10,11,90,0
0,1,0,0,0,1,0,0,1,0,3873,9,4,1,9,11,145,0
0,0,1,1,0,1,1,0,1,1,10262,1,6,5,15,4,805,1
0,0,1,1,1,0,1,1,1,0,3210,18,6,1,19,21,90,0
0,1,1,0,0,1,1,0,1,1,6276,9,6,6,7,13,365,1
0,0,1,1,0,0,1,0,0,1,9134,9,3,5,21,8,650,1
0,0,1,1,0,0,1,0,0,1,11087,12,3,1,18,13,1100,1
0,0,1,1,0,1,0,0,1,0,13941,1,5,2,14,4,875,1
0,0,1,0,0,1,1,0,1,1,5201,3,6,0,5,8,170,0
0,0,0,1,0,1,1,0,1,1,6171,24,4,2,5,16,665,1
1,0,0,0,0,1,0,0,1,0,5964,1,3,4,19,22,150,0
0,0,1,1,0,1,1,0,1,1,13029,18,5,5,9,12,1615,2
0,0,1,1,0,0,1,1,0,1,4030,27,5,0,8,11,180,0
0,1,1,0,0,1,0,0,1,0,10586,18,5,5,16,0,455,1
0,0,1,0,1,0,1,1,1,0,17926,6,3,2,11,19,1910,2
0,0,1,1,0,1,1,0,1,1,9564,6,6,3,11,14,195,0
0,0,1,1,0,1,0,0,1,0,8355,15,5,2,10,17,435,1
0,1,0,1,0,1,1,0,1,1,6795,6,6,3,10,1,910,1
0,0,1,0,0,1,1,0,1,1,10671,15,5,2,13,8,1125,1
0,0,1,0,0,1,1,0,1,1,10178,27,3,2,13,7,1100,2
0,1,1,1,0,1,0,0,1,0,7927,12,6,2,7,9,1555,1
0,0,1,0,1,0,1,1,1,0,3100,18,5,5,13,15,90,0
0,0,1,0,0,1,1,0,1,1,12646,6,3,2,19,19,1410,2
0,0,0,1,0,1,1,0,1,1,7894,6,3,2,5,10,300,1
0,0,0,1,0,0,1,1,0,1,3943,24,6,0,1,4,165,0
0,1,0,1,0,1,1,0,1,1,7575,9,5,3,11,19,470,1
0,1,1,1,0,1,1,0,1,1,6216,24,6,0,14,17,190,0
0,0,0,1,0,1,1,0,1,1,6147,21,5,1,17,22,310,1
0,0,0,1,0,1,1,0,1,1,6979,15,5,2,17,1,480,1
0,0,1,0,0,1,1,0,1,1,6094,27,5,0,18,21,185,0
0,0,1,1,0,1,1,0,1,1,12242,27,3,2,20,4,455,1
0,0,1,0,0,1,0,0,1,0,9416,12,6,2,12,21,590,2
0,0,1,0,0,1,1,0,1,1,7107,21,3,3,13,9,1210,2
0,0,1,1,0,1,1,0,1,1,13292,9,6,6,21,19,1295,2
0,0,0,1,1,0,0,1,0,0,7295,3,3,6,7,10,140,0
0,0,0,1,0,0,1,1,0,1,4423,18,4,3,0,3,175,0
0,0,0,1,0,0,1,0,0,1,5694,24,3,6,23,2,170,0
0,0,1,1,0,0,1,0,0,1,8147,24,3,6,5,10,280,1
0,1,0,1,0,1,1,0,1,1,13377,27,5,0,13,1,750,1
0,0,1,1,0,0,1,0,0,1,13502,6,3,2,14,0,640,1
0,0,1,1,0,1,1,0,1,1,13764,9,3,5,5,4,1365,2
0,0,1,1,0,1,0,0,1,0,12692,6,6,3,17,9,1005,1
0,0,0,1,0,1,0,0,1,0,4804,18,5,5,17,19,155,0
0,0,1,1,0,1,0,0,1,0,7064,1,4,0,8,9,1495,1
0,0,1,1,0,1,1,0,1,1,14924,24,6,0,7,12,330,1
0,0,0,1,0,1,0,0,1,0,6565,1,3,4,15,17,155,0
0,0,1,0,0,1,1,0,1,1,9863,18,5,5,16,19,1595,2
0,0,0,1,0,1,1,0,1,1,7725,6,3,2,16,21,300,1
0,0,1,1,1,0,1,1,1,0,3210,21,5,1,19,21,90,0
0,0,1,0,0,1,0,0,1,0,6117,1,5,2,19,4,580,1
0,0,1,1,0,1,1,0,1,1,10262,24,6,0,16,4,745,1
0,0,0,1,0,0,1,1,0,1,3943,1,4,0,4,6,170,0
0,0,1,1,0,1,0,0,1,0,12576,12,6,2,18,4,585,1
1,0,0,0,0,1,1,0,1,1,7452,21,4,6,7,13,330,1
0,0,1,1,0,1,0,0,1,0,14781,1,5,2,6,16,590,1
0,0,1,0,0,1,0,0,1,0,8996,12,6,2,9,13,245,1
0,0,1,0,0,1,1,0,1,1,11563,6,3,2,13,8,1125,1
0,0,0,1,0,0,1,0,0,1,4777,9,3,5,4,6,170,0
0,0,0,1,0,1,0,0,1,0,4174,9,4,1,15,18,155,0
0,1,0,0,0,1,0,0,1,0,3841,6,6,3,17,19,150,0
0,0,1,1,0,1,1,0,1,1,13775,24,6,0,18,4,605,2
0,0,1,0,0,1,1,0,1,1,5117,27,3,2,17,9,965,1
0,0,1,1,1,0,1,1,1,0,5678,15,6,5,19,21,90,0
0,0,1,1,0,1,1,0,1,1,5177,1,4,0,14,19,300,1
0,1,0,0,0,1,1,0,1,1,5975,9,5,3,17,22,295,1
0,0,0,1,0,0,1,0,0,1,6860,3,3,6,0,3,165,0
0,0,0,1,0,1,0,0,1,0,4804,18,5,5,9,12,165,0
0,1,0,1,0,1,1,0,1,1,13377,27,6,3,11,1,840,1
0,0,1,0,0,1,1,0,1,1,8372,21,5,1,10,19,555,1
0,1,0,1,0,1,1,0,1,1,7933,1,6,5,9,21,720,1
0,0,0,1,1,0,1,1,1,0,4049,15,5,2,6,7,90,0
0,0,1,0,0,0,1,0,0,1,11423,3,3,6,10,12,165,0
0,0,1,1,0,1,0,0,1,0,10844,15,5,2,18,16,1285,1
0,0,1,1,0,1,1,0,1,1,12819,21,3,3,9,4,2565,2
0,1,0,0,0,0,1,1,0,1,5621,18,4,3,21,0,175,0
0,0,1,0,0,0,1,1,0,1,5228,9,5,3,17,19,165,0
0,0,1,1,0,1,1,0,1,1,9254,27,3,2,5,19,2300,2
0,0,0,1,1,0,1,1,1,0,4392,1,5,2,6,7,90,0
0,0,1,1,1,0,1,1,1,0,8040,21,3,3,10,11,90,0
1,0,0,0,0,0,1,1,0,1,4483,27,4,5,11,13,165,0
0,0,1,0,0,1,1,0,1,1,12760,3,3,6,9,9,1420,2
0,0,1,1,0,0,1,1,0,1,7229,15,5,2,15,18,175,0
0,1,1,1,0,0,1,1,0,1,5403,24,4,2,7,9,160,0
0,0,1,0,0,1,1,0,1,1,7934,21,3,3,7,19,735,1
0,1,1,0,0,1,0,0,1,0,6945,15,5,2,23,7,495,1
0,1,0,0,0,0,1,1,0,1,4423,6,4,5,9,12,170,0
0,0,1,1,1,0,1,1,1,0,8040,15,3,4,7,8,85,0
0,0,1,1,0,1,1,0,1,1,11399,9,5,3,8,19,660,1
0,0,1,1,0,1,1,0,1,1,7202,21,4,6,11,14,195,0
0,1,0,1,0,1,1,0,1,1,13727,9,5,3,11,21,570,1
0,1,0,0,0,1,1,0,1,1,4957,24,6,0,17,22,295,1
0,0,1,1,0,1,1,0,1,1,10262,3,6,0,13,19,360,1
0,1,0,0,1,0,1,1,1,0,2017,3,4,2,5,7,90,0
0,0,1,1,0,1,1,0,1,1,12242,27,3,2,18,4,610,1
0,0,1,1,1,0,1,1,1,0,10875,1,3,4,10,11,90,0
0,0,1,1,0,1,0,0,1,0,10844,9,6,6,14,20,400,1
1,0,0,0,0,1,0,0,1,0,4409,3,6,0,10,12,155,0
0,0,1,0,0,0,1,0,0,1,6987,21,3,3,6,23,985,1
0,0,1,1,0,1,1,0,1,1,12074,27,3,2,5,4,1365,2
0,1,0,1,0,1,1,0,1,1,7354,6,6,3,11,19,470,1
0,0,1,0,0,1,1,0,1,1,13381,3,6,0,16,19,1580,2
0,0,1,0,0,1,1,0,1,1,5201,15,6,5,5,8,170,0
0,0,1,1,0,1,0,0,1,0,9663,1,5,2,16,12,1170,1
0,0,1,0,0,1,1,0,1,1,6094,9,5,3,18,21,185,0
0,0,1,1,0,1,1,0,1,1,7202,12,5,6,11,14,195,0
0,1,1,1,1,0,0,1,0,0,11982,6,6,3,17,20,140,0
0,0,1,1,0,0,1,0,0,1,7832,21,3,3,7,16,550,1
0,0,1,0,1,0,0,1,0,0,7817,9,3,5,11,13,135,0
0,0,1,1,0,1,1,0,1,1,12373,18,5,5,13,19,360,1
0,0,1,1,0,1,0,0,1,0,10844,18,5,5,8,18,590,1
0,1,0,1,0,1,1,0,1,1,9646,27,6,3,9,16,385,1
0,1,0,0,0,1,0,0,1,0,3841,6,6,3,22,0,140,0
0,1,0,0,0,1,1,0,1,1,4957,21,3,3,16,22,375,1
0,0,0,1,0,1,0,0,1,0,4148,9,3,5,21,0,160,0
0,0,1,1,0,0,1,0,0,1,26890,1,3,4,22,5,375,1
0,0,1,1,0,1,1,0,1,1,8834,27,3,2,19,19,1475,2
0,0,0,1,0,1,1,0,1,1,5241,24,4,2,2,7,345,1
0,0,1,1,0,1,1,0,1,1,7989,27,5,0,11,14,195,0
0,0,0,1,0,1,1,0,1,1,5883,12,6,2,10,1,895,1
1,0,0,0,0,1,0,0,1,0,6857,18,5,5,6,10,220,1
0,1,0,0,0,0,1,0,0,1,5822,15,3,4,15,23,485,1
0,0,1,1,0,1,1,0,1,1,10262,9,6,6,15,4,805,1
0,0,1,1,1,0,1,1,1,0,4995,12,6,2,7,8,85,0
0,1,0,0,0,0,1,1,0,1,4991,21,4,6,9,12,170,0
0,0,1,1,0,0,1,0,0,1,16736,6,3,2,5,21,935,1
0,0,1,1,0,1,1,0,1,1,18804,12,6,2,11,19,440,2
0,0,0,1,0,1,1,0,1,1,6442,1,6,5,8,22,835,1
0,0,1,0,0,1,0,0,1,0,5170,18,3,0,14,16,150,0
0,1,0,0,0,0,1,0,0,1,4377,18,3,0,20,23,170,0
0,0,1,1,0,1,1,0,1,1,9564,9,6,6,11,14,195,0
0,1,0,0,0,0,1,1,0,1,3573,27,6,3,5,8,160,0
0,0,1,1,0,1,1,0,1,1,17024,6,3,2,17,19,1575,1
1,0,0,0,0,0,1,1,0,1,3383,21,5,1,4,7,170,0
0,0,1,1,0,0,1,0,0,1,27992,1,3,4,14,20,375,1
0,0,1,1,0,0,1,1,0,1,7229,12,5,6,8,11,180,0
0,0,1,1,0,0,1,0,0,1,9134,15,3,4,5,10,280,1
0,0,1,0,1,0,1,1,1,0,3100,21,6,4,15,16,85,0
0,1,0,1,0,1,1,0,1,1,13727,15,5,2,9,21,720,1
0,1,1,1,0,1,0,0,1,0,8452,1,4,0,7,20,790,1
0,0,1,1,0,1,1,0,1,1,14714,3,6,0,10,19,540,1
0,0,1,1,0,0,1,0,0,1,7280,15,3,4,9,15,370,1
0,0,1,0,1,0,1,1,1,0,18797,6,3,2,13,16,205,2
0,0,0,1,1,0,1,1,1,0,2754,3,6,0,12,13,90,0
1,0,0,0,0,1,0,0,1,0,4409,3,6,0,22,1,150,0
0,0,0,1,0,1,1,0,1,1,5021,27,4,5,14,17,195,0
0,0,1,1,1,0,1,1,1,0,8040,9,3,5,6,8,90,0
0,0,1,0,0,1,1,0,1,1,10454,15,6,5,9,19,615,1
0,1,0,1,0,1,1,0,1,1,10197,15,5,2,3,12,525,1
0,0,1,0,0,0,1,1,0,1,5228,12,5,6,6,8,165,0
0,0,1,1,0,1,1,0,1,1,14714,9,6,6,14,19,300,1
0,0,1,0,0,0,1,0,0,1,7276,15,3,4,6,8,165,0
0,0,0,1,0,1,1,0,1,1,7731,27,3,2,2,8,355,1
1,0,0,0,0,1,0,0,1,0,6857,18,5,5,19,23,215,1
0,0,1,0,0,0,1,1,0,1,6961,18,6,1,5,8,180,0
0,0,1,1,0,1,1,0,1,1,7791,21,3,3,10,4,1060,2
0,0,0,1,0,0,1,0,0,1,4777,21,3,3,10,13,170,0
0,0,1,1,0,1,1,0,1,1,16289,9,3,5,19,4,550,1
0,0,1,1,0,1,0,0,1,0,12681,1,4,0,18,4,585,1
0,0,0,1,0,0,1,1,0,1,4823,27,4,5,18,21,175,0
0,0,1,1,0,1,1,0,1,1,5406,6,4,5,7,19,715,1
0,1,0,1,0,1,1,0,1,1,9315,15,5,2,7,19,690,1
0,0,1,0,0,1,1,0,1,1,7480,9,5,3,12,9,1255,1
0,0,1,1,0,0,1,0,0,1,14815,18,3,0,14,19,305,1
0,0,1,0,0,1,0,0,1,0,12173,24,3,6,20,16,1185,1
0,0,1,0,0,0,1,0,0,1,7664,15,3,4,5,23,1075,2
0,0,1,0,0,1,1,0,1,1,12777,6,6,3,17,19,1560,2
0,1,0,1,0,1,1,0,1,1,8837,27,5,0,7,19,705,1
0,0,1,1,0,1,0,0,1,0,10844,1,5,2,21,10,775,1
0,0,1,1,0,1,0,0,1,0,14571,24,5,4,6,19,800,1
0,0,0,1,0,1,1,0,1,1,6093,15,6,5,7,21,810,1
0,0,0,1,0,1,1,0,1,1,7514,6,3,2,8,16,455,1
0,0,0,1,0,1,1,0,1,1,6015,18,5,5,14,17,195,0
0,0,1,1,0,1,1,0,1,1,12898,21,5,1,10,4,1105,1
0,0,1,0,0,1,1,0,1,1,8792,1,6,5,19,19,1455,1
0,0,0,1,0,0,1,1,0,1,4823,15,5,2,8,11,170,0
0,1,0,0,0,0,1,1,0,1,3919,1,4,0,5,8,160,0
0,0,0,1,1,0,0,1,0,0,3597,1,5,2,13,15,140,0
0,1,0,0,1,0,1,1,1,0,2017,21,5,1,5,7,90,0
1,0,0,0,0,0,1,1,0,1,3383,27,6,3,23,2,170,0
0,1,0,0,1,0,1,1,1,0,1965,18,6,1,22,0,90,0
0,0,1,1,0,1,1,0,1,1,10262,24,6,0,2,12,620,1
0,0,1,1,0,1,1,0,1,1,17234,3,3,6,16,4,745,1
0,0,1,1,0,1,0,0,1,0,14178,9,6,6,20,4,520,1
0,0,0,1,0,1,1,0,1,1,5636,3,6,0,2,7,325,1
0,0,0,1,0,0,1,1,0,1,4823,15,4,0,18,21,175,0
0,0,1,0,0,1,1,0,1,1,7480,21,5,1,12,9,1255,1
0,0,1,1,0,1,0,0,1,0,14571,9,6,6,18,16,1285,1
0,0,0,1,1,0,1,1,1,0,13999,1,3,4,9,10,90,0
0,0,1,1,0,1,0,0,1,0,14151,18,5,5,20,21,1480,1
0,0,1,0,0,0,1,1,0,1,6121,1,5,2,21,23,170,0
0,1,0,0,1,0,0,1,0,0,3543,24,5,4,8,10,135,0
0,0,1,1,0,1,1,0,1,1,15129,21,5,1,23,4,1760,2
0,0,0,1,0,1,1,0,1,1,6582,24,6,0,7,12,315,1
0,0,1,1,0,1,1,0,1,1,15544,27,5,0,5,12,425,2
0,0,0,1,0,1,1,0,1,1,8574,27,3,2,18,1,420,1
0,0,0,1,1,0,1,1,1,0,4784,9,3,5,2,4,90,0
0,0,0,1,0,1,1,0,1,1,6818,3,6,0,5,12,425,1
0,0,1,1,0,0,1,0,0,1,25735,1,3,4,14,9,1165,1
0,0,1,1,0,1,1,0,1,1,9483,9,4,1,13,19,1775,2
0,0,1,1,0,1,1,0,1,1,10368,24,6,0,19,12,1025,2
0,1,0,1,0,1,1,0,1,1,8073,15,5,2,9,21,720,1
0,0,0,1,0,1,0,0,1,0,4778,1,3,4,22,0,165,0
0,0,1,1,0,1,0,0,1,0,13941,18,5,5,20,4,520,1
0,0,1,1,0,1,0,0,1,0,10844,1,5,2,16,22,365,1
0,0,1,1,0,1,0,0,1,0,10844,9,5,3,6,19,800,1
0,1,0,0,0,1,0,0,1,0,3841,24,5,4,9,11,145,0
0,0,1,1,0,1,0,0,1,0,10844,15,5,2,6,16,590,1
0,0,1,1,0,1,0,0,1,0,11467,1,5,2,20,14,1080,1
0,1,0,1,0,1,1,0,1,1,15078,6,3,2,9,15,390,1
0,1,0,1,0,1,1,0,1,1,7198,6,6,3,17,1,510,1
0,0,1,0,0,1,1,0,1,1,8372,24,6,0,21,7,640,1
0,1,0,1,0,1,1,0,1,1,7308,27,5,0,16,1,570,1
0,1,0,0,0,1,1,0,1,1,4414,27,3,2,8,13,270,1
0,0,0,1,0,1,0,0,1,0,5224,18,4,3,14,16,150,0
0,0,1,1,0,0,1,0,0,1,7832,21,3,3,5,16,625,1
0,0,0,1,0,0,1,0,0,1,6860,9,3,5,1,4,165,0
0,1,0,1,0,1,1,0,1,1,15136,6,3,2,13,1,755,1
0,0,1,1,0,1,1,0,1,1,5963,27,3,2,16,19,1665,1
0,1,0,0,0,1,0,0,1,0,3841,18,5,5,17,19,150,0
0,1,0,1,0,1,1,0,1,1,13377,9,6,6,10,1,930,1
0,0,1,1,0,1,1,0,1,1,16914,9,3,5,5,4,1380,2
0,0,1,1,0,1,1,0,1,1,10262,9,6,6,2,19,1005,1
0,0,0,1,0,1,0,0,1,0,5386,9,5,3,17,22,280,1
0,0,1,1,0,1,0,0,1,0,14388,15,5,2,21,4,450,1
0,0,0,1,0,1,1,0,1,1,6442,15,5,2,11,22,635,1
0,0,1,1,0,1,1,0,1,1,10368,3,6,0,19,12,1025,2
0,0,1,1,0,1,1,0,1,1,12767,21,3,3,15,18,1670,1
0,0,1,1,0,1,1,0,1,1,10262,6,6,3,15,4,805,1
0,1,0,1,0,1,1,0,1,1,7408,12,6,2,8,21,780,1
0,1,0,1,0,1,1,0,1,1,13587,27,6,3,10,21,660,1
0,0,1,0,0,1,0,0,1,0,8891,15,5,2,16,7,905,1
0,0,0,1,0,1,1,0,1,1,5883,6,6,3,10,1,895,1
0,0,1,1,0,1,1,0,1,1,10262,27,6,3,13,12,1415,1
0,0,1,1,0,1,0,0,1,0,10844,9,6,6,21,20,1415,1
0,0,1,1,0,1,0,0,1,0,14781,9,5,3,6,19,800,1
0,0,0,1,1,0,0,1,0,0,6297,15,3,4,14,17,145,0
1,0,0,0,0,1,0,0,1,0,4409,12,5,6,22,1,150,0
0,0,1,0,0,1,1,0,1,1,12383,9,6,6,10,19,500,2
0,1,0,0,1,0,1,1,1,0,2017,3,5,4,13,14,90,0
0,0,1,0,1,0,1,1,1,0,12308,6,3,2,19,9,850,1
0,1,0,0,1,0,0,1,0,0,3384,18,3,0,17,20,140,0
0,0,1,1,0,0,1,0,0,1,9134,15,3,4,8,16,435,1
0,0,0,1,0,1,1,0,1,1,7464,18,5,5,2,7,325,1
0,1,0,1,0,1,1,0,1,1,6093,27,4,5,7,16,540,1
0,1,0,1,0,1,1,0,1,1,15237,3,3,6,4,18,890,1
0,0,1,1,1,0,1,1,1,0,4995,1,5,2,7,8,85,0
0,0,1,0,0,1,1,0,1,1,6934,24,5,4,14,17,180,0
0,0,1,1,0,1,0,0,1,0,13784,1,4,0,21,10,775,1
1,0,0,0,0,1,0,0,1,0,4409,15,6,5,10,12,155,0
0,1,0,1,0,1,1,0,1,1,15898,27,5,0,13,19,375,1
0,0,1,0,0,1,1,0,1,1,11989,21,5,1,17,19,1560,2
0,1,0,0,1,0,1,1,1,0,2017,3,6,0,13,14,90,0
0,1,0,1,0,1,1,0,1,1,11098,1,6,5,4,19,845,1
0,0,0,1,0,1,1,0,1,1,6794,21,5,1,17,1,480,1
0,0,1,1,0,1,0,0,1,0,10844,1,5,2,21,9,730,1
0,1,0,1,0,1,1,0,1,1,34608,9,3,5,15,1,630,2
0,0,1,0,0,1,1,0,1,1,6094,15,5,2,14,17,180,0
0,0,0,1,0,1,0,0,1,0,4565,9,5,3,15,20,315,1
0,0,1,0,0,1,1,0,1,1,10493,27,5,0,5,19,2280,3
0,0,1,0,0,0,1,0,0,1,12305,18,3,0,6,10,1670,2
0,0,1,0,0,0,1,1,0,1,6961,15,5,2,10,12,165,0
0,1,0,1,0,1,1,0,1,1,9794,15,5,2,6,12,395,1
0,1,0,1,0,1,1,0,1,1,13377,27,5,0,17,1,480,1
0,0,1,1,0,1,1,0,1,1,12898,27,5,0,2,19,1005,1
0,1,0,1,0,1,1,0,1,1,7155,27,6,3,11,19,470,1
0,1,0,1,0,1,1,0,1,1,13377,24,6,0,15,1,630,1
0,1,1,1,0,0,1,1,0,1,4668,3,5,4,11,14,170,0
0,0,0,1,0,0,1,0,0,1,8110,1,3,4,7,12,290,1
0,0,1,1,0,0,1,1,0,1,4544,6,4,5,8,11,180,0
0,0,1,0,0,1,1,0,1,1,9653,27,6,3,16,19,1595,2
0,0,1,1,0,1,0,0,1,0,14781,1,5,2,8,18,590,1
1,0,0,1,0,0,1,1,0,1,5969,6,4,5,11,14,170,0
0,1,0,0,1,0,1,1,1,0,2017,3,4,2,13,14,90,0
0,0,1,1,0,1,0,0,1,0,14151,6,6,3,17,23,395,1
0,0,1,1,0,1,0,0,1,0,13731,9,6,6,16,4,730,1
0,0,1,1,0,1,1,0,1,1,15400,3,3,6,9,18,590,1
0,0,1,1,0,1,0,0,1,0,8066,9,5,3,9,10,1520,1
0,0,1,1,0,1,1,0,1,1,21314,3,3,6,5,18,2230,2
0,0,1,0,0,0,1,0,0,1,14069,1,3,4,11,22,700,1
0,0,1,1,1,0,1,1,1,0,2470,15,3,4,15,17,90,0
0,0,0,1,0,1,0,0,1,0,4804,24,4,2,20,22,155,0
0,0,1,0,0,0,1,0,0,1,9029,15,3,4,5,12,425,1
0,0,0,1,0,1,0,0,1,0,4804,12,5,6,4,7,155,0
0,0,0,1,1,0,1,1,1,0,2754,24,3,6,19,20,85,0
0,0,1,1,0,1,0,0,1,0,13364,1,4,0,21,8,665,1
0,0,0,1,0,1,0,0,1,0,6933,24,3,6,17,22,280,1
0,1,0,1,0,1,1,0,1,1,11200,9,6,6,11,19,455,1
0,0,1,1,1,0,1,1,1,0,3210,15,5,2,2,4,85,0
0,0,1,1,1,0,1,1,1,0,8040,18,6,1,10,11,90,0
0,0,0,1,0,1,1,0,1,1,6442,27,6,3,7,16,515,1
0,0,0,1,0,1,1,0,1,1,4729,1,4,0,14,17,195,0
0,0,0,1,0,1,1,0,1,1,6442,6,3,2,11,22,625,1
0,1,0,0,0,1,0,0,1,0,3841,12,6,2,22,0,140,0
0,1,0,1,0,1,1,0,1,1,13587,1,6,5,10,21,660,1
0,0,1,1,0,1,0,0,1,0,11467,15,5,2,20,14,1080,1
0,0,0,1,1,0,0,1,0,0,7295,3,3,6,13,15,135,0
0,1,0,0,1,0,0,1,0,0,3597,1,5,2,9,12,135,0
0,1,0,1,0,1,1,0,1,1,7787,9,5,3,6,19,755,1
0,0,0,1,0,1,1,0,1,1,14871,6,3,2,6,21,860,1
0,0,0,1,1,0,0,1,0,0,3540,15,6,5,15,18,165,0
0,0,0,1,0,1,1,0,1,1,6442,1,6,5,6,22,940,1
1,0,0,0,0,0,1,1,0,1,3383,24,6,0,11,13,165,0
1,0,0,0,0,1,0,0,1,0,4409,18,4,3,22,1,150,0
0,0,0,1,1,0,0,1,0,0,3850,9,5,3,7,10,140,0
0,1,0,1,0,1,1,0,1,1,8018,24,6,0,13,22,555,1
0,0,1,1,0,1,0,0,1,0,11467,1,4,0,20,15,1120,1
0,1,1,1,0,0,1,1,0,1,4668,6,6,3,11,14,170,0
0,0,1,1,0,1,1,0,1,1,13922,24,6,0,17,19,1525,2
0,0,1,0,1,0,1,1,1,0,3625,6,5,0,6,7,80,0
1,0,0,0,0,1,0,0,1,0,5989,18,5,5,19,22,150,0
0,0,0,1,0,0,1,1,0,1,4423,21,4,6,4,6,170,0
0,0,1,1,0,1,1,0,1,1,9564,18,6,1,9,13,195,0
0,0,1,1,0,1,0,0,1,0,8529,12,6,2,16,18,1545,1
0,0,1,0,0,1,0,0,1,0,4145,6,6,3,20,23,155,0
0,0,0,1,0,1,0,0,1,0,4804,3,5,4,17,19,155,0
0,0,0,1,0,1,1,0,1,1,6938,1,6,5,14,22,490,1
0,0,1,1,0,0,1,0,0,1,14815,6,3,2,8,7,1420,1
0,1,0,1,0,1,1,0,1,1,15077,6,3,2,7,19,705,1
0,0,1,1,0,1,1,0,1,1,13014,15,6,5,9,19,560,2
0,0,1,0,0,1,0,0,1,0,11201,9,6,6,5,20,875,2
0,0,1,1,0,1,0,0,1,0,12692,6,6,3,20,18,1295,1
0,1,0,1,0,1,1,0,1,1,9646,1,6,5,9,16,385,1
0,0,1,1,0,1,1,0,1,1,16079,24,5,4,22,4,335,1
0,0,1,0,0,1,0,0,1,0,6117,15,5,2,9,11,1555,2
0,1,0,1,0,1,1,0,1,1,6795,9,6,6,15,1,615,1
0,0,1,0,1,0,1,1,1,0,3100,1,6,5,21,22,80,0
0,0,1,1,0,1,1,0,1,1,15851,9,5,3,2,12,620,1
0,1,1,1,1,0,0,1,0,0,3687,6,6,3,7,9,135,0
0,0,0,1,0,0,1,1,0,1,4990,12,4,4,16,19,180,0
0,0,1,1,0,1,1,0,1,1,15554,9,5,3,19,19,1425,1
0,1,0,1,0,1,1,0,1,1,9526,15,6,5,6,19,795,1
0,0,0,1,0,1,1,0,1,1,6015,18,5,5,5,8,195,0
0,0,1,0,0,1,0,0,1,0,10676,1,5,2,12,21,590,2
0,0,1,1,0,1,1,0,1,1,12898,27,5,0,18,12,1100,1
0,0,1,1,0,1,1,0,1,1,15129,27,5,0,23,4,1760,2
0,1,0,1,0,1,1,0,1,1,13378,21,3,3,11,19,465,1
0,1,0,0,0,1,0,0,1,0,4174,1,6,5,9,11,145,0
0,1,0,1,0,1,1,0,1,1,9103,21,5,1,11,19,455,1
0,0,0,1,1,0,0,1,0,0,3850,9,6,6,7,10,140,0
0,1,1,1,0,1,1,0,1,1,6216,9,6,6,14,17,190,0
0,1,1,1,0,1,0,0,1,0,8610,1,4,0,17,23,385,1
0,0,1,1,0,1,0,0,1,0,10539,6,6,3,17,9,1005,1
0,0,0,1,0,1,1,0,1,1,6674,9,3,5,11,22,625,1
0,1,0,1,0,1,1,0,1,1,7618,24,6,0,8,21,780,1
0,0,0,1,0,0,1,1,0,1,3943,21,4,6,0,3,175,0
0,1,1,1,0,0,1,0,0,1,11913,24,3,6,16,18,155,0
0,0,0,1,0,0,1,0,0,1,6860,9,3,5,18,21,170,0
0,0,1,1,0,1,1,0,1,1,13292,12,6,2,5,19,810,2
0,1,0,1,0,1,1,0,1,1,17057,6,3,2,2,15,795,1
0,0,1,0,0,1,1,0,1,1,11552,3,3,6,7,19,2170,2
0,0,0,1,1,0,0,1,0,0,6297,12,3,1,11,14,145,0
0,0,0,1,1,0,0,1,0,0,4332,24,3,6,11,14,145,0
0,0,1,0,0,1,1,0,1,1,5674,21,3,3,5,8,170,0
0,1,0,1,0,1,1,0,1,1,10711,21,5,1,7,19,730,1
0,0,1,1,0,1,0,0,1,0,11467,1,4,0,9,18,505,1
0,0,1,0,0,1,0,0,1,0,12434,6,5,0,16,15,1335,2
0,0,1,0,0,1,1,0,1,1,5201,24,6,0,18,21,185,0
0,1,1,1,0,0,1,1,0,1,4878,18,5,5,17,19,155,0
0,0,1,1,0,1,1,0,1,1,13014,6,6,3,5,4,1375,2
0,1,0,0,1,0,0,1,0,0,3597,6,6,3,8,10,135,0
0,0,1,0,0,0,1,0,0,1,12599,3,3,6,8,11,1580,2
0,0,1,1,0,1,0,0,1,0,10844,24,5,4,18,22,1660,1
0,0,1,1,0,1,1,0,1,1,12898,21,5,1,2,19,1005,1
0,0,0,1,0,0,1,1,0,1,3943,21,6,4,13,15,170,0
0,1,0,1,0,1,1,0,1,1,7198,12,6,2,13,1,750,1
0,1,0,0,0,1,0,0,1,0,4963,18,5,5,15,20,315,1
0,0,0,1,0,0,1,0,0,1,12649,1,3,4,16,19,170,0
0,1,0,1,0,1,1,0,1,1,17267,6,3,2,8,15,450,1
0,0,1,1,0,1,1,0,1,1,12373,9,5,3,7,19,715,1
0,0,1,1,0,0,1,0,0,1,13502,3,3,6,11,0,785,1
0,1,0,1,0,1,1,0,1,1,11622,21,3,3,11,18,440,1
0,1,0,0,0,1,0,0,1,0,5515,3,3,6,22,0,140,0
0,0,1,1,0,1,0,0,1,0,9314,15,5,2,20,14,1080,1
0,1,0,1,0,1,1,0,1,1,11789,3,6,0,10,19,520,1
0,0,0,1,0,0,1,1,0,1,4823,6,4,5,20,22,170,0
0,0,1,0,0,1,1,0,1,1,10467,3,6,0,13,9,1210,2
0,1,0,1,0,1,1,0,1,1,7408,3,6,0,13,21,480,1
0,0,1,0,0,1,1,0,1,1,7480,15,6,5,6,9,1640,1
0,1,0,0,0,1,0,0,1,0,3841,24,4,2,22,0,140,0
0,1,0,0,1,0,0,1,0,0,3543,18,5,5,17,20,140,0
0,0,1,0,0,1,1,0,1,1,10493,24,6,0,5,19,2280,3
0,1,0,1,0,1,1,0,1,1,9103,27,5,0,11,19,455,1
0,0,1,1,0,1,0,0,1,0,10844,6,5,0,14,19,345,1
0,0,0,1,0,0,1,1,0,1,4823,9,6,6,20,22,170,0
1,0,0,0,0,0,1,0,0,1,4482,24,3,6,23,2,165,0
0,0,1,1,0,1,0,0,1,0,8529,12,6,2,6,10,1655,1
0,0,1,0,0,1,1,0,1,1,7931,3,3,6,14,17,180,0
0,0,1,1,0,1,0,0,1,0,9663,18,5,5,18,9,865,1
0,0,1,1,0,1,1,0,1,1,10368,1,6,5,9,19,560,2
0,0,1,0,0,1,0,0,1,0,10151,18,5,5,12,21,590,2
0,1,0,0,1,0,0,1,0,0,3543,27,5,0,17,20,140,0
0,1,0,1,0,1,1,0,1,1,7530,1,6,5,19,1,390,1
0,1,0,1,0,1,1,0,1,1,6805,9,5,3,14,22,455,1
0,1,1,0,0,0,1,1,0,1,3419,18,6,1,7,10,175,0
1,0,0,0,0,0,1,1,0,1,7120,9,6,6,23,2,170,0
0,0,1,1,0,1,0,0,1,0,14151,21,5,1,17,10,1075,1
0,0,1,0,1,0,1,1,1,0,3100,21,6,4,6,7,80,0
0,0,1,1,0,1,0,0,1,0,12121,24,5,4,17,14,1285,1
0,1,0,0,1,0,1,1,1,0,2017,6,5,0,5,7,90,0
0,1,0,0,1,0,1,1,1,0,2647,15,6,5,5,7,90,0
0,0,0,1,0,1,1,0,1,1,6147,12,6,2,17,22,320,1
0,0,1,1,0,1,1,0,1,1,14237,1,6,5,18,4,600,2
0,0,1,1,0,1,0,0,1,0,13044,12,6,2,21,9,730,1
0,0,1,1,0,1,1,0,1,1,15554,18,5,5,2,19,1005,1
0,1,0,0,0,0,1,1,0,1,4423,9,4,1,9,12,170,0
0,0,1,0,0,1,1,0,1,1,8372,6,6,3,21,7,640,1
0,0,1,1,0,1,0,0,1,0,10844,18,5,5,20,23,1655,1
0,1,1,1,0,1,0,0,1,0,9555,18,5,5,17,18,1550,1
0,0,1,0,0,1,1,0,1,1,8839,15,5,2,17,9,970,2
0,0,1,0,0,1,0,0,1,0,10151,6,5,0,12,18,1830,2
0,0,1,0,0,1,0,0,1,0,11432,12,5,6,9,5,1210,2
0,1,0,0,0,0,1,1,0,1,4319,15,4,0,9,12,170,0
0,0,1,0,0,1,0,0,1,0,9626,6,6,3,12,18,1830,2
0,0,1,0,0,1,0,0,1,0,10623,18,5,5,17,20,1615,1
0,0,1,1,0,1,1,0,1,1,9564,18,4,3,11,14,195,0
0,0,1,1,0,1,0,0,1,0,14781,9,5,3,14,20,400,1
0,0,1,1,0,0,1,1,0,1,7229,15,5,2,8,11,180,0
0,0,0,1,0,1,1,0,1,1,5684,27,6,3,17,1,480,1
0,0,1,1,0,1,0,0,1,0,14388,18,5,5,5,9,1655,1
0,1,0,0,0,0,1,1,0,1,5515,18,4,3,9,12,170,0
0,0,1,1,0,1,0,0,1,0,12692,9,6,6,20,22,1540,1
0,0,1,1,0,1,0,0,1,0,9314,1,5,2,9,19,575,1
0,1,0,0,0,1,0,0,1,0,3873,15,6,5,17,19,150,0
0,1,0,0,0,1,0,0,1,0,4807,21,4,6,22,0,140,0
0,1,0,1,0,1,1,0,1,1,14848,27,6,3,9,19,615,1
0,0,0,1,0,1,1,0,1,1,6171,24,4,2,5,12,425,1
0,1,0,0,1,0,1,1,1,0,1965,24,6,0,13,14,90,0
0,0,1,1,0,1,0,0,1,0,10539,12,6,2,9,21,690,1
1,0,0,0,0,0,1,1,0,1,4483,1,6,5,11,13,165,0
0,1,0,1,0,1,1,0,1,1,8371,27,3,2,6,19,795,1
0,0,1,1,0,1,1,0,1,1,15764,6,3,2,13,4,870,1
0,0,1,1,0,1,0,0,1,0,10844,12,5,6,16,23,425,1
0,0,0,1,0,0,1,1,0,1,4423,12,4,4,4,6,170,0
0,1,1,1,0,0,1,1,0,1,4878,15,6,5,9,12,170,0
0,1,0,0,1,0,1,1,1,0,2227,9,5,3,13,14,90,0
0,0,1,1,0,1,0,0,1,0,10844,15,5,2,16,18,1545,1
1,0,0,0,0,1,0,0,1,0,4107,3,4,2,19,22,150,0
0,1,1,1,0,1,0,0,1,0,11262,24,3,6,7,10,1660,1
0,0,1,1,0,1,1,0,1,1,10262,3,6,0,14,12,1355,1
0,0,1,1,0,0,1,1,0,1,4544,18,5,5,15,18,175,0
0,0,1,1,0,0,1,1,0,1,6144,24,5,4,18,22,185,0
0,1,1,0,0,0,1,0,0,1,5706,15,3,4,7,10,175,0
0,0,1,1,0,0,1,0,0,1,5853,15,3,4,5,12,390,1
0,0,1,1,0,1,0,0,1,0,10118,21,5,1,6,20,860,2
0,0,1,0,0,1,0,0,1,0,14687,1,5,2,9,5,1200,2
0,1,0,1,0,1,1,0,1,1,9254,27,5,0,11,19,465,1
0,0,1,1,0,1,1,0,1,1,10368,1,6,5,9,4,1125,2
0,0,1,1,0,1,0,0,1,0,14571,6,6,3,14,20,400,1
0,0,1,1,0,0,1,1,0,1,7229,1,6,5,15,18,175,0
0,0,0,1,0,1,1,0,1,1,6093,6,6,3,6,21,860,1
0,1,0,1,0,1,1,0,1,1,16023,9,3,5,8,21,780,1
0,0,0,1,1,0,0,1,0,0,3597,6,6,3,14,17,140,0
0,0,1,1,0,1,0,0,1,0,8824,24,3,6,6,23,1015,1
0,0,0,1,0,1,1,0,1,1,7060,9,3,5,2,7,345,1
0,0,1,1,0,1,0,0,1,0,14231,24,3,6,13,9,1160,1
0,0,1,1,0,0,1,1,0,1,4544,24,4,2,18,22,185,0
0,0,1,1,0,1,1,0,1,1,16289,9,3,5,15,18,1665,1
0,0,0,1,0,1,0,0,1,0,6565,3,3,6,10,12,165,0
0,0,0,1,1,0,0,1,0,0,3597,21,6,4,14,17,140,0
0,0,1,0,0,1,1,0,1,1,7480,6,5,0,20,9,765,1
0,1,1,1,0,1,0,0,1,0,9922,12,5,6,17,10,1065,1
0,0,1,1,0,0,1,1,0,1,7229,27,5,0,17,20,180,0
0,0,1,1,0,1,1,0,1,1,14300,15,6,5,20,12,995,2
0,0,1,1,0,1,1,0,1,1,12242,27,3,2,2,4,1570,1
0,1,0,1,0,1,1,0,1,1,10678,24,6,0,11,19,455,1
0,1,0,1,0,1,1,0,1,1,9450,27,5,0,8,21,780,1
0,0,0,1,0,1,0,0,1,0,4174,6,4,5,21,0,160,0
0,0,1,1,0,0,1,1,0,1,4544,6,4,5,7,10,180,0
0,0,0,1,0,1,0,0,1,0,5386,15,5,2,17,22,280,1
0,0,1,1,0,1,1,0,1,1,15129,24,5,4,19,19,1430,2
0,0,0,1,0,1,1,0,1,1,6412,15,6,5,14,22,490,1
0,0,1,1,0,0,1,0,0,1,7229,24,3,6,2,4,165,0
0,1,1,1,0,0,1,1,0,1,4878,1,6,5,9,12,170,0
1,0,0,0,0,1,0,0,1,0,3807,6,4,5,10,12,155,0
0,0,1,1,0,1,1,0,1,1,12373,18,5,5,17,12,1145,1
0,0,1,1,0,1,0,0,1,0,14571,6,6,3,14,23,570,1
0,0,1,1,0,1,1,0,1,1,10262,12,6,2,19,4,520,1
0,0,1,1,0,1,1,0,1,1,10577,9,6,6,20,19,1325,1
0,1,1,1,1,0,1,1,1,0,12395,6,3,2,20,22,1560,1
0,1,0,0,0,1,0,0,1,0,3841,27,4,5,6,9,155,0
1,0,0,0,0,1,1,0,1,1,8759,3,6,0,7,15,470,1
0,0,0,1,0,1,1,0,1,1,7738,21,3,3,4,15,645,1
0,0,0,1,0,1,1,0,1,1,7503,18,5,5,15,1,630,1
0,0,0,1,0,1,1,0,1,1,5883,3,6,0,11,1,845,1
0,0,1,1,0,1,0,0,1,0,12692,12,6,2,20,9,800,1
0,0,0,1,0,0,1,1,0,1,4823,15,4,0,8,11,170,0
0,1,0,0,1,0,1,1,1,0,2017,27,5,0,5,7,90,0
0,0,1,0,0,1,1,0,1,1,8603,12,6,2,12,7,1180,2
0,0,1,1,0,0,1,1,0,1,5769,21,6,4,11,14,175,0
0,0,1,1,0,1,0,0,1,0,12681,1,4,0,18,18,1400,1
0,1,0,0,0,0,1,1,0,1,3625,24,6,0,5,8,160,0
0,0,0,1,0,1,1,0,1,1,8854,9,5,3,9,1,975,1
0,0,0,1,1,0,1,1,1,0,2754,15,5,2,2,4,90,0
0,0,1,0,0,1,1,0,1,1,8372,12,6,2,10,19,555,1
0,0,1,1,0,1,1,0,1,1,10262,12,6,2,16,12,1235,1
0,0,1,0,1,0,0,1,0,0,10810,3,3,6,11,13,135,0
0,0,0,1,1,0,0,1,0,0,3540,15,6,5,5,7,145,0
0,0,1,1,0,0,1,1,0,1,8016,6,6,3,18,22,185,0
0,0,0,1,0,0,1,0,0,1,6860,9,3,5,10,13,170,0
1,0,0,0,0,1,1,0,1,1,6451,27,4,5,16,22,340,1
0,0,1,1,0,1,0,0,1,0,13067,6,5,0,20,15,1120,1
0,0,1,1,0,1,0,0,1,0,11467,6,5,0,17,18,1500,1
0,0,1,0,0,1,0,0,1,0,10203,9,5,3,10,23,795,1
1,0,0,0,0,1,0,0,1,0,4082,12,3,1,22,1,150,0
0,0,1,0,0,1,1,0,1,1,13276,21,5,1,10,19,500,2
0,0,1,1,0,0,1,0,0,1,23001,9,3,5,8,15,420,2
0,0,1,1,0,1,0,0,1,0,10844,6,6,3,18,20,1550,1
0,0,0,1,0,0,1,1,0,1,4990,27,6,3,18,21,175,0
0,0,1,1,0,0,1,0,0,1,10037,9,3,5,5,15,550,1
0,0,1,1,0,1,0,0,1,0,14388,6,5,0,20,4,520,1
0,0,1,0,0,1,1,0,1,1,12287,3,3,6,21,19,1305,2
0,0,1,1,0,1,0,0,1,0,10844,6,6,3,14,20,400,1
0,0,1,1,1,0,1,1,1,0,4995,24,5,4,10,11,90,0
0,1,0,1,0,1,1,0,1,1,9794,27,5,0,11,19,440,1
0,0,0,1,0,1,0,0,1,0,4226,6,6,3,6,10,240,1
0,0,0,1,0,1,1,0,1,1,7318,21,3,3,11,1,845,1
0,0,1,1,0,1,0,0,1,0,8529,12,6,2,20,8,735,1
0,0,1,0,0,1,0,0,1,0,9416,12,6,2,12,18,1830,2
0,0,1,1,0,1,1,0,1,1,11507,3,6,0,9,12,1620,2
0,0,1,0,0,1,0,0,1,0,9920,1,4,0,16,8,970,2
0,1,0,1,0,1,1,0,1,1,7038,18,5,5,7,16,540,1
0,1,1,0,0,1,1,0,1,1,4959,3,6,0,7,12,355,1
0,0,1,1,1,0,1,1,1,0,5678,9,6,6,7,8,85,0
0,0,1,1,0,0,1,1,0,1,7229,9,6,6,8,11,180,0
0,0,1,1,0,1,0,0,1,0,7064,1,4,0,16,23,425,1
0,0,0,1,0,0,1,1,0,1,4823,6,4,5,8,11,170,0
0,0,1,1,0,1,0,0,1,0,14571,24,5,4,16,22,365,1
0,0,0,1,0,1,0,0,1,0,4148,27,3,2,9,12,165,0
0,0,1,0,0,1,0,0,1,0,13873,24,5,4,10,1,920,2
0,0,1,1,0,1,1,0,1,1,10262,24,6,0,13,12,1415,1
0,1,0,1,0,1,1,0,1,1,6645,9,4,1,11,1,830,1
0,0,0,1,0,1,0,0,1,0,4804,1,5,2,17,19,155,0
0,0,0,1,0,0,1,0,0,1,5746,9,3,5,11,15,245,1
0,1,1,0,0,1,1,0,1,1,5199,9,6,6,5,13,460,1
0,0,0,1,1,0,0,1,0,0,4332,18,3,0,19,21,140,0
0,0,0,1,0,1,1,0,1,1,6416,1,6,5,11,21,575,1
0,0,1,0,0,0,1,0,0,1,12935,18,3,0,6,16,575,2
0,0,1,1,0,0,1,0,0,1,7832,21,3,3,8,20,685,1
0,0,1,1,0,1,0,0,1,0,8586,1,5,2,16,4,730,1
0,0,1,1,0,0,1,1,0,1,5769,24,6,0,15,18,175,0
0,0,1,1,1,0,1,1,1,0,8040,21,5,1,10,11,90,0
0,1,1,1,0,1,1,0,1,1,12411,6,3,2,6,9,190,0
0,0,1,0,0,1,0,0,1,0,8366,9,6,6,9,21,745,1
0,1,0,1,0,1,1,0,1,1,7354,3,6,0,7,19,705,1
0,0,1,0,0,0,1,0,0,1,13576,1,3,4,11,22,665,2
0,1,0,1,0,1,1,0,1,1,11622,3,6,0,9,19,585,1
0,0,1,0,0,1,0,0,1,0,12723,6,6,3,5,23,1045,2
0,0,1,1,0,1,0,0,1,0,13759,24,3,6,8,23,900,1
0,0,0,1,0,1,1,0,1,1,6412,15,5,2,16,22,380,1
0,0,0,1,0,1,1,0,1,1,6494,27,3,2,8,21,765,2
0,0,1,1,1,0,1,1,1,0,5678,24,3,6,15,17,90,0
0,0,1,0,0,1,0,0,1,0,8891,12,5,6,9,11,1545,1
0,0,1,1,0,1,1,0,1,1,17024,3,3,6,21,18,1260,1
0,0,1,1,0,1,1,0,1,1,10368,12,6,2,9,19,560,2
0,0,1,1,0,1,0,0,1,0,14571,9,6,6,20,18,1335,1
0,0,1,1,0,0,1,0,0,1,7832,21,3,3,7,15,495,1
0,0,1,1,0,1,0,0,1,0,14151,9,5,3,9,22,750,1
0,1,0,1,0,1,1,0,1,1,7154,21,3,3,10,19,510,1
1,0,0,0,0,1,0,0,1,0,5192,15,4,0,7,19,710,1
0,1,0,1,0,1,1,0,1,1,21483,6,3,2,15,1,630,2
0,0,1,1,0,1,0,0,1,0,6812,6,6,3,16,4,730,1
0,0,0,1,0,0,1,0,0,1,13292,3,3,6,19,0,300,1
0,0,0,1,0,1,0,0,1,0,4174,9,4,1,22,0,155,0
0,0,1,1,0,1,1,0,1,1,11150,27,6,3,19,12,1045,2
0,0,0,1,0,1,1,0,1,1,5912,24,4,2,17,22,310,1
0,0,1,0,0,1,1,0,1,1,8907,27,6,3,13,23,570,1
0,0,1,0,0,0,1,0,0,1,8767,9,3,5,17,3,640,1
0,0,1,1,0,1,1,0,1,1,12242,27,3,2,19,4,520,1
0,0,1,0,0,1,0,0,1,0,6327,24,5,4,19,4,580,1
0,1,0,0,1,0,0,1,0,0,3543,24,5,4,9,12,135,0
0,1,0,1,0,1,1,0,1,1,15058,3,6,0,8,19,675,1
0,0,1,1,0,0,1,0,0,1,11087,12,3,1,18,18,1410,1
0,0,1,1,0,1,0,0,1,0,13941,9,5,3,20,4,520,1
0,1,0,0,0,1,1,0,1,1,7317,1,6,5,15,22,380,1
0,0,1,1,0,1,0,0,1,0,9663,24,5,4,21,10,775,1
0,0,0,1,0,1,1,0,1,1,5065,24,4,2,16,21,300,1
0,0,1,0,0,1,1,0,1,1,8907,27,6,3,9,23,795,1
0,1,0,0,0,1,0,0,1,0,4148,21,3,3,9,11,150,0
0,1,0,1,0,1,1,0,1,1,13587,9,6,6,14,21,420,1
0,0,1,1,0,1,1,0,1,1,10262,6,6,3,21,4,395,1
0,0,1,1,0,0,1,0,0,1,12284,18,3,0,14,8,1090,1
0,0,1,1,0,1,0,0,1,0,14781,15,5,2,18,16,1285,1
0,0,1,1,0,1,0,0,1,0,9663,18,5,5,8,9,1495,1
0,0,0,1,0,0,1,0,0,1,19685,1,3,4,13,15,170,0
0,0,1,0,0,1,0,0,1,0,10203,12,5,6,10,23,795,1
0,0,1,1,0,1,0,0,1,0,13941,15,5,2,6,4,1330,1
0,0,1,0,0,0,1,0,0,1,25703,1,3,4,21,23,165,0
0,0,1,1,0,1,1,0,1,1,10262,9,6,6,14,4,865,1
0,1,0,0,1,0,0,1,0,0,3543,1,5,2,17,20,140,0
0,1,0,0,0,1,0,0,1,0,3841,6,4,5,14,17,150,0
0,0,1,1,0,1,1,0,1,1,15554,18,5,5,11,19,450,1
0,0,1,1,0,1,0,0,1,0,10844,24,5,4,14,19,345,1
0,0,1,1,0,1,0,0,1,0,12692,12,6,2,17,14,1285,1
0,0,1,1,1,0,1,1,1,0,3210,9,6,6,19,21,90,0
0,0,1,0,0,1,1,0,1,1,9601,15,5,2,12,19,435,2
0,1,0,1,0,1,1,0,1,1,13377,15,6,5,13,1,750,1
0,0,1,1,0,1,0,0,1,0,11134,24,3,6,18,18,1395,1
0,1,0,1,0,1,1,0,1,1,8055,27,3,2,8,21,725,1
0,0,1,1,0,1,1,0,1,1,12242,27,3,2,17,4,655,1
0,0,1,0,0,0,1,0,0,1,8425,9,3,5,22,23,1520,1
0,1,0,0,1,0,1,1,1,0,2753,15,6,5,5,7,90,0
0,1,0,0,0,0,1,1,0,1,3311,27,5,0,21,0,175,0
0,0,0,1,0,1,0,0,1,0,4226,12,6,2,6,10,240,1
0,0,1,1,0,0,1,0,0,1,26890,1,3,4,8,5,1210,1
0,1,0,1,0,1,1,0,1,1,12524,24,6,0,6,19,780,1
0,1,0,0,0,1,0,0,1,0,3847,21,3,3,17,19,150,0
0,0,1,1,0,1,0,0,1,0,12681,1,4,0,16,23,425,1
0,0,1,1,0,1,1,0,1,1,13882,6,6,3,9,4,1140,2
0,0,1,1,0,1,0,0,1,0,10844,6,6,3,8,20,740,1
0,0,1,1,0,0,1,0,0,1,12547,12,3,1,21,8,650,1
0,0,1,1,0,1,0,0,1,0,14178,9,6,6,18,4,585,1
0,0,0,1,0,1,1,0,1,1,14871,3,3,6,16,1,575,1
0,1,0,1,0,1,1,0,1,1,15078,6,3,2,8,21,780,1
0,0,0,1,0,1,0,0,1,0,4804,21,5,1,21,0,160,0
0,1,0,0,0,1,0,0,1,0,3873,9,5,3,17,19,150,0
0,1,0,0,0,1,0,0,1,0,3841,24,6,0,17,19,150,0
0,1,1,0,0,1,1,0,1,1,5457,1,6,5,7,12,355,1
0,0,1,1,0,1,0,0,1,0,14781,12,5,6,14,22,510,1
0,0,1,1,0,1,1,0,1,1,15764,9,3,5,21,18,1260,1
0,1,1,1,0,0,1,1,0,1,4668,12,6,2,9,12,170,0
0,0,1,1,0,1,1,0,1,1,9564,24,6,0,11,14,195,0
0,0,0,1,0,1,1,0,1,1,7191,15,5,2,6,21,860,1
0,0,1,1,0,1,1,0,1,1,15764,6,3,2,19,4,520,1
0,0,1,1,0,1,0,0,1,0,14388,6,5,0,14,12,1315,1
0,0,1,1,0,1,1,0,1,1,6540,27,3,2,19,4,520,1
0,1,0,0,0,0,1,1,0,1,3625,24,6,0,9,12,170,0
0,1,0,1,0,1,1,0,1,1,8266,9,5,3,7,19,705,1
0,1,0,0,0,1,0,0,1,0,10944,18,5,5,11,18,435,1
0,0,0,1,0,1,1,0,1,1,5073,27,3,2,16,21,300,1
0,0,1,1,0,0,1,0,0,1,9134,15,3,4,5,12,400,1
0,1,1,1,0,1,0,0,1,0,8085,12,6,2,20,20,1440,1
0,0,1,1,0,0,1,0,0,1,22270,6,3,2,7,12,325,1
0,0,1,0,0,1,0,0,1,0,9836,1,4,0,7,10,1620,2
0,0,0,1,0,1,1,0,1,1,14871,3,3,6,18,1,420,1
0,0,1,1,1,0,1,1,1,0,23528,12,3,1,6,16,605,2
0,0,1,1,0,0,1,1,0,1,8016,6,6,3,7,10,180,0
0,0,1,1,0,0,1,0,0,1,12284,18,3,0,7,16,550,1
0,1,0,1,0,1,1,0,1,1,7005,12,6,2,6,21,900,1
0,0,0,1,0,1,0,0,1,0,4804,3,6,0,11,14,155,0
0,0,0,1,0,1,1,0,1,1,6827,27,3,2,5,10,300,1
0,0,1,0,1,0,1,1,1,0,3100,12,5,6,6,7,80,0
0,0,1,1,1,0,1,1,1,0,2759,15,3,4,19,21,90,0
0,0,1,1,0,1,0,0,1,0,13067,9,5,3,20,21,1480,1
0,1,1,0,0,0,1,1,0,1,3898,15,4,0,20,23,165,0
0,0,1,1,0,1,1,0,1,1,10368,12,6,2,9,4,1125,2
0,1,0,0,0,0,1,0,0,1,4273,18,3,0,5,8,170,0
0,1,0,0,0,0,1,1,0,1,3311,24,5,4,5,8,160,0
0,1,0,1,0,1,1,0,1,1,15136,6,3,2,9,21,720,1
0,1,0,1,0,1,1,0,1,1,6601,9,4,1,7,18,665,1
0,1,1,1,0,1,0,0,1,0,8452,24,5,4,20,22,1580,1
0,0,1,1,0,1,0,0,1,0,9314,1,5,2,17,14,1285,1
0,0,0,1,0,1,1,0,1,1,6386,1,6,5,2,7,345,1
0,1,0,1,0,1,1,0,1,1,13377,24,6,0,11,1,840,1
0,0,1,1,1,0,1,1,1,0,5678,3,3,6,2,4,90,0
1,0,0,0,0,0,1,1,0,1,4483,18,5,5,23,2,170,0
0,0,1,1,0,1,1,0,1,1,12898,27,5,0,14,12,1355,1
0,0,0,1,0,0,1,0,0,1,7648,3,3,6,7,10,175,0
0,0,1,1,0,1,0,0,1,0,14571,9,6,6,6,23,1025,1
0,0,0,1,1,0,1,1,1,0,4049,27,6,3,6,7,90,0
0,0,1,0,0,0,1,0,0,1,11728,18,3,0,8,23,875,2
0,1,0,0,0,1,0,0,1,0,3873,18,4,3,6,9,155,0
0,0,1,0,0,1,1,0,1,1,7480,9,5,3,20,9,765,1
0,0,1,1,0,0,1,1,0,1,8541,21,6,4,19,22,180,0
0,0,1,1,0,0,1,0,0,1,31825,1,3,4,22,11,755,1
0,0,0,1,1,0,0,1,0,0,3597,1,6,5,14,17,140,0
0,0,1,1,0,0,1,0,0,1,13817,12,3,1,21,15,1070,1
0,0,1,1,0,1,0,0,1,0,14571,24,5,4,8,20,740,1
1,0,0,0,0,1,1,0,1,1,6853,15,6,5,16,7,865,1
0,1,0,0,0,0,1,1,0,1,3573,27,5,0,9,12,170,0
0,1,1,1,0,1,0,0,1,0,9345,15,5,2,17,18,1550,1
0,1,0,1,0,1,1,0,1,1,13797,12,6,2,8,21,780,1
0,0,1,0,0,0,1,0,0,1,12358,3,3,6,12,10,1355,3
0,1,0,1,0,1,1,0,1,1,14086,9,3,5,18,1,440,1
0,0,0,1,1,0,0,1,0,0,3597,3,5,4,19,21,140,0
0,0,1,1,0,1,0,0,1,0,13731,24,5,4,18,8,800,1
0,0,1,1,0,1,1,0,1,1,12898,21,5,1,19,4,520,1
0,0,1,1,0,1,1,0,1,1,14714,6,6,3,16,4,745,1
0,1,1,1,0,0,1,1,0,1,5403,12,4,4,11,14,170,0
0,0,1,1,0,0,1,1,0,1,5769,24,6,0,6,8,165,0
1,0,0,0,0,1,0,0,1,0,5620,24,3,6,10,12,155,0
0,0,0,1,0,1,1,0,1,1,5000,18,6,1,5,8,195,0
0,0,1,0,0,1,1,0,1,1,10703,21,3,3,12,19,1855,2
0,1,0,1,0,1,1,0,1,1,13727,18,5,5,11,21,570,1
0,0,1,1,0,1,0,0,1,0,14388,12,5,6,20,9,800,1
0,0,1,1,0,0,1,0,0,1,22270,1,3,4,8,7,1420,1
0,0,0,1,0,1,1,0,1,1,6769,27,5,0,21,3,345,1
1,0,0,0,0,1,0,0,1,0,5192,24,5,4,15,23,500,2
0,0,1,1,1,0,1,1,1,0,4995,24,5,4,2,4,85,0
0,0,0,1,1,0,0,1,0,0,8580,1,3,4,7,10,140,0
0,0,1,0,0,1,1,0,1,1,7480,15,6,5,12,9,1255,1
0,0,1,1,0,0,1,1,0,1,5198,27,4,5,8,11,180,0
0,0,1,1,0,1,1,0,1,1,10368,6,6,3,9,19,560,2
0,0,1,1,1,0,1,1,1,0,8040,6,5,0,7,8,85,0
0,0,1,1,0,1,1,0,1,1,18909,9,3,5,8,4,1205,2
0,0,1,0,0,1,0,0,1,0,12849,1,4,0,7,5,1345,2
0,0,1,0,0,1,1,0,1,1,22798,1,3,4,9,8,1350,1
0,0,1,1,0,1,0,0,1,0,14571,6,6,3,8,18,590,1
0,0,1,1,0,0,1,0,0,1,13502,6,3,2,14,8,1090,1
0,1,0,0,1,0,0,1,0,0,3332,27,3,2,17,20,140,0
0,1,0,1,0,1,1,0,1,1,7354,6,6,3,7,19,705,1
0,1,0,1,0,1,1,0,1,1,8073,15,5,2,10,21,660,1
0,0,0,1,1,0,1,1,1,0,4049,21,3,3,9,10,85,0
0,0,1,1,0,1,1,0,1,1,15029,9,3,5,2,4,1570,1
0,0,1,0,0,1,1,0,1,1,10975,24,6,0,9,9,1420,2
0,1,0,1,0,1,1,0,1,1,7038,1,6,5,7,22,920,1
0,0,1,1,0,1,1,0,1,1,15554,9,5,3,8,19,660,1
0,0,1,0,0,0,1,1,0,1,5228,12,6,2,21,23,170,0
0,0,0,1,0,1,1,0,1,1,5636,1,6,5,2,7,325,1
0,0,1,0,0,1,1,0,1,1,9653,27,6,3,12,7,1180,2
0,0,1,1,0,1,0,0,1,0,8586,24,5,4,18,10,910,1
0,1,0,0,1,0,1,1,1,0,2017,21,5,1,13,14,90,0
0,1,1,1,0,1,0,0,1,0,9345,24,5,4,20,23,1625,1
0,0,1,1,0,1,1,0,1,1,9270,21,3,3,10,18,1925,2
0,0,1,1,0,1,1,0,1,1,13292,3,6,0,5,19,810,2
0,0,1,1,0,1,1,0,1,1,8098,27,3,2,17,19,1570,2
0,0,1,0,0,1,1,0,1,1,7952,6,6,3,9,9,1420,1
0,0,0,1,0,1,1,0,1,1,5883,12,6,2,18,1,415,1
0,0,1,1,0,0,1,1,0,1,8016,6,6,3,19,22,180,0
0,1,0,0,0,1,0,0,1,0,4174,18,5,5,17,19,150,0
0,1,0,1,0,1,1,0,1,1,10696,3,6,0,7,22,925,1
0,1,1,1,0,0,1,1,0,1,4878,12,6,2,17,19,155,0
0,1,0,0,0,0,1,1,0,1,3971,1,4,0,9,12,170,0
0,1,0,1,0,1,1,0,1,1,7198,3,6,0,19,1,390,1
0,0,1,1,0,1,0,0,1,0,9314,6,5,0,20,22,1540,1
0,1,0,0,0,0,1,1,0,1,4423,1,5,2,9,12,170,0
0,1,0,0,0,1,0,0,1,0,3841,6,4,5,6,9,155,0
0,1,0,1,0,1,1,0,1,1,7154,27,3,2,10,19,510,1
0,0,1,0,0,1,1,0,1,1,9929,15,6,5,7,19,735,1
0,1,0,1,0,1,1,0,1,1,8266,9,5,3,11,19,455,1
0,1,0,1,0,1,1,0,1,1,10877,12,6,2,8,19,630,1
0,0,0,1,0,1,0,0,1,0,4804,24,6,0,15,17,150,0
0,1,0,1,0,1,1,0,1,1,13587,15,6,5,11,21,570,1
0,0,0,1,0,1,1,0,1,1,13611,6,3,2,4,13,515,1
0,0,0,1,0,1,1,0,1,1,6628,6,6,3,9,1,975,1
0,0,0,1,0,1,1,0,1,1,5601,12,6,2,14,17,195,0
0,1,0,0,0,1,1,0,1,1,5583,15,4,0,6,11,315,1
0,0,0,1,0,0,1,1,0,1,3943,21,5,1,10,13,170,0
0,0,1,1,0,1,0,0,1,0,9663,12,5,6,20,12,960,1
0,0,0,1,0,1,1,0,1,1,5883,15,6,5,18,1,415,1
0,0,0,1,0,1,0,0,1,0,4804,27,4,5,11,14,155,0
0,1,1,1,0,0,1,0,0,1,13383,3,3,6,16,18,155,0
0,1,0,1,0,1,1,0,1,1,9646,1,6,5,13,22,555,1
0,0,1,1,0,1,0,0,1,0,11467,1,5,2,17,19,1570,1
1,0,0,0,0,1,0,0,1,0,5192,12,5,6,22,10,720,1
1,0,0,0,0,0,1,0,0,1,6477,3,3,6,23,2,165,0
0,1,0,1,0,1,1,0,1,1,13727,18,5,5,9,21,720,1
0,1,1,1,0,1,0,0,1,0,9555,18,5,5,17,20,1640,1
0,1,1,1,1,0,1,1,1,0,12395,6,3,2,10,22,750,1
0,0,1,1,0,1,1,0,1,1,10262,15,6,5,19,4,550,1
0,0,1,1,0,1,0,0,1,0,14781,21,5,1,8,20,740,1
0,0,1,1,1,0,1,1,1,0,5678,12,5,6,10,11,90,0
0,1,0,0,0,1,0,0,1,0,7804,15,5,2,15,21,330,1
0,0,1,1,0,1,1,0,1,1,10262,27,6,3,15,19,1680,1
0,0,1,1,0,0,1,1,0,1,5198,18,5,5,19,22,180,0
0,0,0,1,1,0,1,1,1,0,4049,3,5,4,6,7,90,0
1,0,0,0,0,0,1,1,0,1,3383,15,6,5,11,13,165,0
0,0,1,0,0,1,1,0,1,1,7174,27,5,0,17,23,320,1
0,0,1,0,0,1,1,0,1,1,8907,15,5,2,20,23,1590,1
0,0,1,1,0,1,1,0,1,1,13014,1,6,5,9,12,1615,2
0,0,1,1,0,1,0,0,1,0,13584,6,5,0,21,8,665,1
1,0,0,0,0,1,0,0,1,0,4107,15,5,2,22,1,150,0
0,0,1,1,1,0,1,1,1,0,2071,15,3,4,2,4,90,0
0,0,1,1,0,1,1,0,1,1,12373,9,5,3,20,4,450,1
0,0,1,0,0,0,1,0,0,1,13303,12,3,1,8,13,1745,2
0,0,1,1,0,1,0,0,1,0,8529,12,6,2,16,10,1055,1
0,0,1,1,0,1,0,0,1,0,14571,6,6,3,18,19,1495,1
0,0,1,1,0,0,1,1,0,1,8016,9,6,6,8,11,180,0
0,0,0,1,0,1,0,0,1,0,4804,6,6,3,21,0,160,0
0,0,1,0,0,0,1,0,0,1,5118,9,3,5,6,12,325,1
0,0,1,1,0,1,0,0,1,0,9663,18,5,5,8,8,1430,1
0,0,1,0,0,1,0,0,1,0,12723,9,6,6,5,12,1840,2
0,1,1,0,0,0,1,1,0,1,3419,12,5,6,20,23,165,0
0,0,1,1,0,0,1,0,0,1,11087,12,3,1,22,10,710,1
0,0,0,1,0,1,0,0,1,0,4174,12,4,4,22,0,155,0
0,0,1,1,0,1,1,0,1,1,10262,9,6,6,8,4,1225,1
0,0,1,1,0,1,1,0,1,1,12609,15,6,5,9,12,1620,2
0,1,1,1,0,0,1,1,0,1,4668,3,6,0,7,9,160,0
0,1,0,0,1,0,1,1,1,0,1965,24,5,4,22,0,90,0
0,0,0,1,1,0,1,1,1,0,4049,1,6,5,6,7,90,0
0,0,1,0,0,1,0,0,1,0,5195,12,4,4,14,16,150,0
0,0,0,1,0,1,0,0,1,0,4804,18,5,5,20,22,155,0
0,0,0,1,0,0,1,0,0,1,7648,3,3,6,13,15,170,0
0,0,0,1,1,0,0,1,0,0,3850,3,5,4,7,10,140,0
0,0,1,0,0,0,1,1,0,1,6121,15,4,0,10,12,165,0
0,0,0,1,1,0,0,1,0,0,3540,18,6,1,5,7,145,0
0,0,1,1,0,0,1,0,0,1,9134,15,3,4,5,11,340,1
0,0,1,1,0,1,0,0,1,0,10844,6,6,3,18,22,1660,1
0,0,0,1,1,0,0,1,0,0,5277,3,6,0,22,0,140,0
0,0,0,1,0,1,1,0,1,1,5073,6,4,5,16,21,300,1
0,1,0,0,0,1,0,0,1,0,3841,24,6,0,6,9,155,0
0,1,0,1,0,1,1,0,1,1,10877,3,6,0,7,19,690,1
0,0,1,1,0,1,1,0,1,1,5406,27,3,2,17,19,1575,1
0,0,1,1,0,1,0,0,1,0,14151,9,6,6,17,9,1005,1
0,0,1,1,0,1,1,0,1,1,14237,3,6,0,18,12,1090,2
0,0,0,1,1,0,1,1,1,0,2754,24,6,0,1,3,90,0
0,0,1,0,0,1,0,0,1,0,11306,18,5,5,7,20,805,1
1,0,0,0,0,1,0,0,1,0,5192,1,5,2,22,10,720,1
0,1,1,1,1,0,0,1,0,0,3687,12,6,2,7,9,135,0
0,1,0,1,0,1,1,0,1,1,12192,3,6,0,3,19,910,1
0,0,1,1,0,1,1,0,1,1,12898,27,5,0,13,19,360,1
0,0,1,1,0,1,1,0,1,1,14924,9,6,6,19,19,1395,1
0,1,0,0,0,1,0,0,1,0,8479,24,5,4,11,18,435,1
0,1,0,1,0,1,1,0,1,1,6943,27,5,0,14,1,690,1
0,1,0,1,0,1,1,0,1,1,7354,27,6,3,6,19,755,1
0,1,0,1,0,1,1,0,1,1,12192,6,6,3,9,19,600,1
0,0,0,1,0,0,1,1,0,1,3943,3,5,4,21,0,180,0
0,0,1,1,0,1,1,0,1,1,15129,6,5,0,19,19,1430,2
0,1,1,1,0,0,1,1,0,1,5403,9,4,1,7,9,160,0
0,0,1,1,0,1,1,0,1,1,13882,27,6,3,9,4,1140,2
0,0,1,1,1,0,1,1,1,0,5678,21,3,3,19,21,90,0
0,1,1,1,0,0,1,1,0,1,5403,27,4,5,11,14,170,0
0,1,1,1,0,0,1,1,0,1,4878,27,6,3,21,23,170,0
0,0,0,1,0,1,1,0,1,1,6494,27,3,2,6,21,880,2
0,0,0,1,0,0,1,0,0,1,4777,24,3,6,1,4,165,0
0,0,1,0,1,0,1,1,1,0,3625,6,6,3,13,15,90,0
0,0,1,0,0,1,0,0,1,0,9258,1,4,0,12,18,1830,2
0,0,1,1,0,1,1,0,1,1,10262,6,6,3,13,19,360,1
0,0,1,0,0,0,1,0,0,1,17686,1,3,4,5,11,1770,4
0,0,0,1,0,1,0,0,1,0,4174,3,4,2,15,17,150,0
0,1,0,1,0,1,1,0,1,1,7485,21,5,1,10,1,910,1
0,0,1,0,0,1,0,0,1,0,11222,18,5,5,8,11,1610,2
0,0,1,1,0,1,0,0,1,0,12121,1,5,2,17,21,1685,1
0,0,1,0,0,1,0,0,1,0,10697,21,5,1,8,18,610,2
0,0,1,1,0,1,1,0,1,1,12373,9,5,3,11,19,450,1
0,1,0,0,0,1,0,0,1,0,6381,21,5,1,8,17,520,1
0,0,1,1,0,1,1,0,1,1,17072,6,3,2,17,4,2070,2
0,0,0,1,0,0,1,1,0,1,4823,24,5,4,18,21,175,0
0,0,1,0,0,1,1,0,1,1,27282,3,3,6,9,23,795,1
0,0,0,1,1,0,1,1,1,0,2227,12,6,2,20,21,95,0
0,0,0,1,0,0,1,0,0,1,4545,9,3,5,0,3,165,0
0,0,0,1,0,1,0,0,1,0,4148,21,3,3,17,19,160,0
0,0,0,1,0,1,0,0,1,0,4148,12,3,1,15,17,155,0
0,0,1,0,0,0,1,0,0,1,7642,21,3,3,8,11,1625,2
0,0,1,1,0,1,1,0,1,1,10262,3,6,0,16,12,1235,1
0,0,1,1,0,0,1,1,0,1,4030,24,5,4,8,11,180,0
0,0,0,1,0,1,1,0,1,1,5000,27,6,3,14,17,195,0
0,1,0,0,0,1,1,0,1,1,5264,9,6,6,8,13,270,1
0,0,1,1,0,0,1,1,0,1,7229,1,6,5,18,22,185,0
0,0,1,1,0,1,1,0,1,1,10577,3,6,0,8,19,660,1
0,0,1,0,0,1,0,0,1,0,12723,24,5,4,5,8,1625,2
0,0,1,1,0,1,1,0,1,1,14714,1,6,5,21,4,395,1
0,0,1,1,0,1,1,0,1,1,7438,21,3,3,2,4,1570,1
0,0,1,0,0,1,0,0,1,0,10203,15,5,2,20,20,1435,1
1,0,0,0,0,1,0,0,1,0,3782,27,3,2,22,1,150,0
0,1,0,1,0,1,1,0,1,1,8073,15,5,2,19,1,390,1
0,0,0,1,0,1,0,0,1,0,4804,9,5,3,15,18,155,0
0,0,0,1,0,1,0,0,1,0,4864,9,5,3,7,12,330,1
0,1,0,1,0,1,1,0,1,1,15135,6,3,2,6,18,730,1
0,0,1,0,0,1,0,0,1,0,8366,6,6,3,16,11,1100,1
0,0,1,0,0,0,1,1,0,1,7171,15,6,5,17,19,165,0
0,0,1,1,0,1,0,0,1,0,12121,6,5,0,9,21,690,1
0,0,1,0,0,1,1,0,1,1,11753,12,6,2,10,19,500,2
0,0,0,1,0,0,1,0,0,1,8064,1,3,4,5,10,285,1
0,0,1,1,0,1,1,0,1,1,10262,6,6,3,15,19,1680,1
0,0,0,1,1,0,0,1,0,0,5277,3,5,4,22,0,140,0
0,0,1,1,0,0,1,1,0,1,8016,9,6,6,17,20,180,0
0,0,1,0,1,0,1,1,1,0,11342,12,3,1,5,14,560,2
0,0,1,1,0,1,0,0,1,0,7594,12,6,2,6,4,1330,1
1,0,0,0,0,0,1,1,0,1,4483,3,6,0,11,13,165,0
0,0,1,1,0,1,1,0,1,1,16263,18,5,5,20,4,505,2
0,0,1,0,0,1,0,0,1,0,13243,12,5,6,10,1,920,2
0,0,1,1,0,0,1,1,0,1,6478,12,6,2,6,8,165,0
0,0,1,1,0,1,1,0,1,1,15764,6,3,2,23,4,320,1
0,0,1,0,0,1,0,0,1,0,4647,3,4,2,9,4,1170,2
0,0,1,1,0,0,1,1,0,1,8016,3,6,0,19,22,180,0
0,0,1,0,0,1,0,0,1,0,4145,12,6,2,20,23,155,0
0,1,0,1,0,1,1,0,1,1,8055,27,3,2,7,21,810,1
0,0,1,0,0,1,1,0,1,1,12409,18,5,5,17,19,1560,2
0,0,0,1,0,1,0,0,1,0,6038,24,3,6,9,12,165,0
1,0,0,0,0,1,0,0,1,0,4107,21,5,1,22,1,150,0
0,0,1,1,0,0,1,0,0,1,25735,1,3,4,22,23,1450,1
0,0,1,0,0,1,0,0,1,0,11458,6,6,3,9,1,955,2
1,0,0,0,0,1,1,0,1,1,6152,24,4,2,16,22,340,1
0,0,1,1,0,1,0,0,1,0,10844,9,6,6,21,23,1585,1
0,1,1,1,1,0,0,1,0,0,11982,24,5,4,17,20,140,0
0,0,1,1,0,1,0,0,1,0,13941,9,5,3,6,16,590,1
0,0,0,1,0,1,1,0,1,1,6938,27,3,2,14,22,480,1
0,0,1,1,0,1,1,0,1,1,15339,27,6,3,13,19,1775,2
0,0,1,1,0,1,1,0,1,1,20064,3,3,6,5,18,2245,2
0,1,0,1,0,1,1,0,1,1,6093,15,6,5,14,22,455,1
1,0,1,1,0,1,1,0,1,1,10885,21,3,3,19,1,395,1
0,0,1,0,0,1,1,0,1,1,8907,1,6,5,13,23,570,1
0,0,1,1,0,1,0,0,1,0,9663,6,5,0,6,20,855,1
0,0,0,1,0,1,1,0,1,1,7160,27,4,5,5,12,425,1
1,0,1,1,0,1,1,0,1,1,11269,21,3,3,7,15,480,1
0,0,1,1,1,0,1,1,1,0,5678,1,4,0,19,21,90,0
0,0,1,1,1,0,1,1,1,0,5678,27,5,0,2,4,85,0
0,0,1,0,0,1,1,0,1,1,8907,6,6,3,9,23,795,1
0,0,1,1,1,0,1,1,1,0,3210,27,6,3,2,4,85,0
0,0,1,0,0,0,1,1,0,1,6961,15,5,2,6,8,165,0
0,0,1,1,0,0,1,0,0,1,14815,6,3,2,14,8,1090,1
0,0,1,1,0,1,0,0,1,0,11467,6,5,0,20,22,1540,1
0,1,1,0,0,1,1,0,1,1,9069,3,6,0,14,19,310,1
0,1,0,0,0,1,0,0,1,0,4649,1,5,2,15,20,315,1
0,0,0,1,0,0,1,1,0,1,4823,3,6,0,18,21,175,0
0,0,1,0,0,1,0,0,1,0,6528,21,5,1,14,14,1440,1
0,0,1,1,0,0,1,0,0,1,22270,6,3,2,5,12,400,1
0,0,1,1,0,1,1,0,1,1,15654,9,3,5,10,4,1060,2
0,1,1,1,0,1,0,0,1,0,7770,1,4,0,20,22,1595,1
0,0,0,1,0,1,0,0,1,0,4804,3,5,4,4,7,155,0
0,0,1,1,0,1,1,0,1,1,10368,15,6,5,19,12,1025,2
0,0,0,1,0,1,1,0,1,1,7673,3,3,6,21,0,195,0
0,0,0,1,0,1,1,0,1,1,6015,21,4,6,5,8,195,0
0,0,0,1,0,1,0,0,1,0,4804,24,4,2,11,14,155,0
0,0,1,1,0,1,0,0,1,0,13941,15,5,2,20,8,735,1
1,0,0,0,0,1,0,0,1,0,5162,9,5,3,19,23,215,1
0,0,1,0,0,0,1,0,0,1,10657,9,3,5,11,22,700,1
0,0,1,1,0,1,0,0,1,0,14781,9,5,3,16,23,425,1
0,0,0,1,1,0,1,1,1,0,2754,3,4,2,19,20,90,0
0,0,1,0,0,0,1,0,0,1,11474,12,3,1,6,22,965,2
0,0,1,1,0,1,0,0,1,0,7757,18,5,5,18,8,800,1
0,0,1,1,1,0,1,1,1,0,2228,3,4,2,2,4,85,0
0,0,1,1,0,0,1,0,0,1,10405,15,3,4,8,8,1455,1
0,1,1,0,0,0,1,1,0,1,3419,27,6,3,7,10,175,0
0,0,1,1,0,1,1,0,1,1,10262,9,6,6,17,12,1145,1
0,0,1,0,1,0,1,1,1,0,3100,9,6,6,13,15,90,0
0,0,1,1,0,1,1,0,1,1,11848,9,3,5,2,4,1570,1
0,0,1,0,0,1,1,0,1,1,5683,9,4,1,20,8,705,1
0,0,1,1,0,1,0,0,1,0,9663,9,5,3,8,12,1655,1
0,0,1,1,0,0,1,1,0,1,4544,24,4,2,19,22,180,0
0,0,1,1,1,0,1,1,1,0,4050,27,5,0,2,4,85,0
0,1,1,1,0,1,0,0,1,0,9187,9,5,3,20,9,765,1
0,1,1,1,0,1,0,0,1,0,8452,1,4,0,20,20,1440,1
0,0,1,0,0,1,0,0,1,0,11668,18,5,5,9,1,955,2
0,0,1,0,0,1,1,0,1,1,13381,9,6,6,14,19,1730,2
0,1,0,1,0,1,1,0,1,1,8073,18,5,5,7,21,840,1
1,0,0,0,0,1,0,0,1,0,5620,1,3,4,10,12,155,0
0,0,1,1,0,1,0,0,1,0,12739,12,6,2,14,4,875,1
1,0,0,0,0,1,0,0,1,0,5989,3,5,4,19,22,150,0
0,0,1,0,0,1,0,0,1,0,8891,21,5,1,9,7,1350,1
0,0,1,1,0,0,1,1,0,1,4544,27,4,5,19,22,180,0
0,0,1,1,0,1,1,0,1,1,10262,6,6,3,16,19,1620,1
0,1,1,1,0,1,0,0,1,0,9345,21,5,1,17,20,1640,1
0,1,1,1,0,0,1,0,0,1,21730,1,3,4,19,22,160,0
0,0,0,1,0,1,1,0,1,1,6838,15,6,5,9,21,705,1
0,0,1,0,1,0,1,1,1,0,10943,12,3,1,21,19,1345,1
0,0,0,1,0,0,1,1,0,1,3943,18,6,1,4,6,170,0
0,1,0,0,0,0,1,1,0,1,3573,18,6,1,5,8,160,0
0,1,0,0,0,1,0,0,1,0,3841,15,5,2,9,11,145,0
0,1,0,1,0,1,1,0,1,1,9646,21,5,1,9,18,505,1
0,0,1,0,0,1,1,0,1,1,4729,18,3,0,18,21,185,0
0,0,1,1,0,0,1,0,0,1,17261,6,3,2,22,9,640,1
0,0,1,1,0,1,0,0,1,0,13941,1,5,2,14,10,1200,1
0,0,1,1,0,1,0,0,1,0,10844,21,5,1,21,12,890,1
0,0,1,1,0,1,0,0,1,0,14231,24,3,6,18,16,1285,1
0,0,1,1,0,1,1,0,1,1,14714,12,6,2,13,19,360,1
0,1,0,0,0,1,1,0,1,1,6460,21,3,3,8,13,270,1
0,0,1,1,0,1,0,0,1,0,11467,1,5,2,20,23,1630,1
0,0,0,1,0,0,1,1,0,1,3943,3,5,4,0,3,175,0
0,0,0,1,0,1,0,0,1,0,4775,15,4,0,15,20,290,1
0,1,0,0,0,1,0,0,1,0,3841,6,4,5,9,11,145,0
0,0,1,1,0,0,1,0,0,1,12284,18,3,0,11,7,1200,1
0,0,0,1,0,1,0,0,1,0,4804,9,6,6,17,19,155,0
0,0,1,1,0,1,1,0,1,1,12819,24,6,0,13,12,1390,2
0,0,1,1,0,1,1,0,1,1,14714,3,6,0,18,4,610,1
0,0,1,1,1,0,1,1,1,0,8040,27,5,0,10,11,90,0
0,1,0,1,0,1,1,0,1,1,16840,15,5,2,15,1,625,2
0,0,1,1,0,1,1,0,1,1,15554,6,5,0,22,4,335,1
0,1,1,0,0,1,1,0,1,1,5752,15,4,0,10,19,540,1
0,1,1,1,0,1,0,0,1,0,8452,9,5,3,17,10,1065,1
0,1,0,1,0,1,1,0,1,1,11761,27,5,0,8,19,675,1
0,1,0,1,0,1,1,0,1,1,14848,27,6,3,13,19,375,1
0,0,1,1,0,1,1,0,1,1,10262,27,6,3,10,19,540,1
0,1,1,1,0,0,1,1,0,1,4668,6,6,3,7,9,160,0
0,1,0,1,0,1,1,0,1,1,9103,15,5,2,11,19,455,1
0,0,1,1,0,1,1,0,1,1,10262,12,6,2,21,12,885,1
0,1,1,0,0,1,1,0,1,1,4525,27,6,3,7,13,370,1
0,0,1,0,0,0,1,1,0,1,5228,27,4,5,10,12,165,0
0,0,1,1,0,0,1,0,0,1,19225,6,3,2,21,5,460,1
0,0,1,1,1,0,1,1,1,0,8040,9,5,3,10,11,90,0
0,0,1,1,0,1,1,0,1,1,7438,21,3,3,14,4,865,1
0,1,0,1,0,1,1,0,1,1,13135,6,3,2,4,15,690,1
0,0,0,1,0,1,1,0,1,1,6015,9,5,3,14,17,195,0
0,1,0,1,0,1,1,0,1,1,8283,18,5,5,17,1,510,1
0,1,0,0,1,0,0,1,0,0,3543,9,6,6,8,10,135,0
0,0,0,1,0,1,0,0,1,0,4148,27,3,2,10,12,165,0
0,1,1,0,0,0,1,0,0,1,7657,15,3,4,15,20,270,1
0,0,0,1,0,1,0,0,1,0,5276,12,5,6,19,23,220,1
0,0,1,1,0,1,0,0,1,0,14151,15,5,2,9,23,840,1
0,0,1,1,1,0,1,1,1,0,8040,21,6,4,10,11,90,0
0,0,0,1,0,1,1,0,1,1,8378,9,3,5,11,21,565,2
0,1,0,0,1,0,0,1,0,0,3543,9,6,6,9,12,135,0
0,0,0,1,0,0,1,1,0,1,4823,12,6,2,18,21,175,0
0,0,1,1,0,1,0,0,1,0,14388,15,5,2,18,8,800,1
0,1,0,0,1,0,0,1,0,0,3543,9,6,6,17,20,140,0
0,0,1,1,0,1,0,0,1,0,10844,12,5,6,14,20,400,1
0,0,1,1,0,1,0,0,1,0,10844,9,6,6,6,18,705,1
0,1,0,0,0,1,1,0,1,1,4957,12,6,2,17,22,295,1
0,0,0,1,0,1,1,0,1,1,6442,15,5,2,7,16,515,1
0,0,1,0,0,1,1,0,1,1,7480,15,5,2,17,9,965,1
0,0,0,1,0,1,1,0,1,1,5073,1,4,0,20,1,305,1
0,0,1,1,0,1,0,0,1,0,14781,9,5,3,16,22,365,1
0,1,0,1,0,1,1,0,1,1,9646,3,6,0,9,16,385,1
0,0,1,1,0,1,0,0,1,0,7851,1,4,0,6,16,590,1
0,1,0,0,1,0,1,1,1,0,2175,24,3,6,5,7,80,0
0,0,1,0,0,1,0,0,1,0,14424,9,5,3,10,5,1165,2
0,0,1,1,0,1,1,0,1,1,13014,12,6,2,9,19,560,2
0,0,1,1,0,1,1,0,1,1,5177,6,4,5,2,19,1005,1
0,1,0,1,0,1,1,0,1,1,15135,3,3,6,10,18,485,1
0,0,1,0,0,0,1,1,0,1,5228,21,6,4,21,23,170,0
0,0,1,1,0,0,1,0,0,1,22270,1,3,4,11,5,1045,1
0,1,0,0,1,0,0,1,0,0,3543,15,6,5,9,12,135,0
0,0,1,1,0,1,1,0,1,1,15129,18,5,5,23,19,1195,2
0,0,0,1,0,1,1,0,1,1,6093,15,6,5,6,21,860,1
0,0,1,1,0,0,1,0,0,1,11087,18,3,0,14,20,375,1
0,1,0,1,0,1,1,0,1,1,7408,27,6,3,9,21,720,1
0,0,0,1,0,1,0,0,1,0,6534,24,5,4,21,2,315,1
0,0,1,1,0,0,1,1,0,1,8016,18,6,1,7,10,180,0
0,0,1,0,1,0,1,1,1,0,8528,12,3,1,5,19,795,1
0,0,1,0,0,1,1,0,1,1,12199,9,6,6,17,19,1560,2
0,1,0,1,0,1,1,0,1,1,14067,21,5,1,10,1,930,1
0,0,1,1,0,0,1,1,0,1,8016,15,6,5,17,20,180,0
0,0,1,0,0,1,0,0,1,0,5510,3,5,4,14,16,150,0
0,0,1,0,0,1,0,0,1,0,6241,24,3,6,14,14,1440,1
0,0,1,0,0,1,1,0,1,1,16142,3,3,6,12,9,1255,1
0,0,0,1,0,1,0,0,1,0,4804,21,4,6,21,0,160,0
0,0,0,1,0,1,1,0,1,1,6979,15,5,2,11,21,575,1
0,0,1,0,0,1,1,0,1,1,6094,18,4,3,14,17,180,0
0,0,1,0,0,0,1,1,0,1,5176,1,4,0,17,19,165,0
0,1,0,1,0,1,1,0,1,1,15136,6,3,2,13,21,480,1
0,0,1,1,0,1,0,0,1,0,10031,24,3,6,8,23,900,1
0,0,1,1,0,1,1,0,1,1,12814,21,3,3,5,18,2245,2
0,0,1,1,0,1,0,0,1,0,12681,1,4,0,6,19,800,1
0,1,0,1,0,1,1,0,1,1,12402,21,3,3,7,18,710,1
0,0,1,1,0,1,0,0,1,0,13759,24,3,6,8,18,585,1
0,1,0,0,1,0,0,1,0,0,3597,18,6,1,17,20,140,0
1,0,0,0,0,0,1,1,0,1,3383,21,5,1,23,2,170,0
0,1,1,1,0,0,1,1,0,1,4668,9,5,3,9,12,170,0
0,1,1,1,0,1,0,0,1,0,9187,1,4,0,17,10,1065,1
0,1,0,1,0,1,1,0,1,1,7530,3,6,0,11,1,830,1
0,0,1,0,0,1,0,0,1,0,8026,24,3,6,9,13,270,1
0,1,0,0,0,0,1,1,0,1,4319,9,4,1,9,12,170,0
0,0,1,1,0,1,1,0,1,1,13376,24,6,0,14,4,830,2
0,1,0,0,0,1,0,0,1,0,4174,6,5,0,9,11,145,0
0,1,1,1,0,0,1,1,0,1,4668,27,5,0,7,9,160,0
0,1,0,1,0,1,1,0,1,1,13062,21,3,3,7,21,835,1
0,0,1,1,0,1,1,0,1,1,12898,27,5,0,19,4,550,1
0,0,1,1,0,1,1,0,1,1,14714,6,6,3,15,4,805,1
0,0,1,0,0,1,0,0,1,0,10991,9,5,3,5,20,875,2
0,0,1,1,0,0,1,1,0,1,4030,1,5,2,11,14,175,0
0,1,1,1,0,0,1,0,0,1,6800,15,3,4,6,12,355,1
0,0,1,1,0,0,1,0,0,1,11087,9,3,5,7,9,1590,1
0,1,0,1,0,1,1,0,1,1,9794,18,5,5,10,19,520,1
0,0,1,1,0,1,0,0,1,0,14388,6,5,0,21,9,730,1
0,0,0,1,0,1,0,0,1,0,4148,12,3,1,21,0,160,0
0,0,1,0,0,1,1,0,1,1,17266,3,3,6,20,19,1395,2
0,0,1,0,0,1,0,0,1,0,7893,1,4,0,20,8,745,1
0,0,1,1,0,0,1,1,0,1,7229,9,5,3,19,22,180,0
0,1,0,1,0,1,1,0,1,1,9930,21,5,1,7,21,835,1
0,1,0,1,0,1,1,0,1,1,18286,3,3,6,11,1,845,1
0,0,1,1,0,0,1,1,0,1,7229,27,6,3,19,22,180,0
0,1,1,1,0,1,1,0,1,1,6216,24,6,0,6,9,190,0
1,0,0,0,0,0,1,1,0,1,4282,6,6,3,4,7,170,0
0,0,0,1,0,1,1,0,1,1,5054,27,5,0,7,12,275,1
0,0,1,1,0,1,1,0,1,1,10262,6,6,3,7,19,715,1
1,0,0,0,0,1,1,0,1,1,11410,6,6,3,16,22,340,1
0,0,1,1,0,1,0,0,1,0,14571,24,5,4,6,18,705,1
0,1,1,0,0,1,1,0,1,1,4692,24,6,0,7,13,370,1
0,0,1,1,0,1,0,0,1,0,10844,6,5,0,8,19,685,1
0,0,1,1,0,1,0,0,1,0,10844,21,5,1,20,16,1220,1
0,0,1,0,0,1,1,0,1,1,6094,9,5,3,14,17,180,0
0,1,1,1,0,1,1,0,1,1,6741,1,6,5,14,17,190,0
0,0,1,0,0,1,1,0,1,1,8372,1,6,5,9,9,1420,1
0,1,0,1,0,1,1,0,1,1,14067,21,5,1,2,11,575,1
0,0,0,1,0,1,1,0,1,1,10236,3,3,6,8,22,825,1
0,0,1,0,0,1,1,0,1,1,7480,3,6,0,20,9,765,1
0,1,0,1,0,1,1,0,1,1,8386,9,3,5,9,16,385,1
0,1,0,1,0,1,1,0,1,1,6795,6,6,3,11,1,830,1
1,0,0,0,0,1,0,0,1,0,4409,15,5,2,10,12,155,0
0,0,0,1,1,0,0,1,0,0,3597,9,5,3,19,21,140,0
0,0,1,0,0,0,1,1,0,1,6961,15,6,5,6,8,165,0
0,0,1,1,0,1,0,0,1,0,12692,12,6,2,17,23,395,1
0,0,1,0,1,0,1,1,1,0,4307,12,3,1,19,20,75,0
0,0,1,1,0,0,1,1,0,1,4030,15,5,2,8,11,180,0
0,0,1,0,0,1,0,0,1,0,15957,18,5,5,9,23,805,2
0,0,1,1,0,0,1,0,0,1,7832,21,3,3,22,11,755,1
0,0,1,0,0,1,0,0,1,0,12954,1,4,0,10,10,1470,3
0,0,0,1,1,0,1,1,1,0,4049,12,3,1,6,7,85,0
0,0,1,1,0,0,1,0,0,1,9134,15,3,4,5,15,570,1
1,0,0,0,0,1,0,0,1,0,4409,1,5,2,22,1,150,0
0,0,1,1,0,1,0,0,1,0,14781,1,5,2,14,22,510,1
0,0,1,0,0,0,1,1,0,1,5228,24,4,2,21,23,170,0
0,1,0,0,1,0,0,1,0,0,3597,21,5,1,17,20,140,0
0,1,0,1,0,1,1,0,1,1,6795,12,6,2,15,1,615,1
1,0,0,0,0,1,0,0,1,0,3807,18,6,1,22,1,150,0
0,0,1,1,0,1,0,0,1,0,14781,1,5,2,16,23,425,1
0,0,1,0,0,1,1,0,1,1,8372,9,5,3,9,19,615,1
0,0,0,1,0,1,1,0,1,1,5000,24,6,0,14,17,195,0
0,1,1,1,0,0,1,1,0,1,5403,1,4,0,9,12,170,0
0,0,0,1,0,1,1,0,1,1,11600,3,3,6,11,22,625,1
0,1,0,1,0,1,1,0,1,1,8476,18,5,5,8,19,630,1
0,0,1,0,0,0,1,0,0,1,6593,15,3,4,10,21,655,2
0,0,0,1,0,0,1,0,0,1,7648,9,3,5,16,19,170,0
0,1,1,1,0,1,0,0,1,0,9345,1,5,2,7,18,700,1
0,1,0,1,0,1,1,0,1,1,7268,27,6,3,12,19,385,1
0,0,1,1,1,0,1,1,1,0,3210,6,6,3,19,21,90,0
0,0,0,1,1,0,0,1,0,0,7295,24,3,6,19,21,140,0
0,0,0,1,0,1,1,0,1,1,6442,27,6,3,5,12,425,1
0,0,0,1,0,1,0,0,1,0,3809,6,5,0,19,23,265,1
0,0,1,0,0,0,1,0,0,1,15119,1,3,4,5,16,630,2
0,1,1,0,0,1,1,0,1,1,9069,9,6,6,14,19,310,1
0,0,0,1,0,0,1,1,0,1,3943,6,5,0,10,13,170,0
0,0,1,0,0,1,0,0,1,0,12534,9,6,6,7,5,1345,2
0,1,0,1,0,1,1,0,1,1,13714,3,6,0,9,19,600,1
0,0,0,1,1,0,1,1,1,0,2227,21,5,1,21,22,90,0
0,0,1,1,0,1,0,0,1,0,10844,18,5,5,20,22,1595,1
0,0,1,1,0,1,0,0,1,0,13941,6,5,0,16,4,730,1
0,0,1,1,0,0,1,0,0,1,7832,21,3,3,5,15,570,1
0,1,1,0,0,0,1,1,0,1,3419,12,6,2,7,10,175,0
0,0,1,1,0,1,0,0,1,0,14151,21,5,1,20,21,1480,1
0,0,0,1,0,1,1,0,1,1,5073,3,4,2,7,12,275,1
0,1,1,1,0,1,0,0,1,0,9922,12,5,6,17,9,965,1
0,0,0,1,1,0,0,1,0,0,4752,24,3,6,13,15,135,0
0,1,0,1,0,1,1,0,1,1,10197,27,5,0,9,19,615,1
0,0,1,0,0,0,1,1,0,1,6961,12,6,2,10,12,165,0
0,1,0,1,0,1,1,0,1,1,17493,3,3,6,13,21,480,1
0,1,0,1,0,1,1,0,1,1,13587,6,6,3,7,21,835,1
0,0,1,1,0,1,1,0,1,1,10262,6,6,3,16,4,745,1
0,0,1,0,0,1,0,0,1,0,15107,21,5,1,14,8,1105,2
0,1,1,1,0,1,0,0,1,0,8452,15,5,2,17,10,1065,1
0,0,1,0,1,0,1,1,1,0,3100,21,6,4,21,22,80,0
0,0,0,1,0,0,1,1,0,1,4823,24,5,4,7,10,175,0
1,0,0,0,0,0,1,1,0,1,4483,21,4,6,23,2,170,0
0,0,1,0,0,1,0,0,1,0,13243,18,5,5,10,1,920,2
0,0,0,1,0,1,1,0,1,1,5684,27,6,3,11,1,845,1
0,0,1,1,1,0,1,1,1,0,3205,3,4,2,10,11,90,0
0,0,1,1,0,1,1,0,1,1,10262,15,6,5,10,4,1105,1
0,0,0,1,0,0,1,1,0,1,4823,21,5,1,20,22,170,0
0,0,1,1,0,1,1,0,1,1,15554,9,5,3,13,19,360,1
0,0,0,1,0,0,1,1,0,1,3943,27,6,3,4,6,170,0
0,1,1,1,1,0,1,1,1,0,12080,12,3,1,7,19,745,1
1,0,0,0,0,0,1,1,0,1,3383,27,5,0,23,2,170,0
0,1,0,0,1,0,1,1,1,0,2437,18,3,0,5,7,80,0
0,1,0,0,1,0,1,1,1,0,1965,1,6,5,22,0,90,0
0,0,1,1,0,0,1,0,0,1,7832,21,3,3,22,10,695,1
0,0,0,1,0,1,1,0,1,1,6442,9,6,6,6,16,560,1
0,0,1,0,0,1,0,0,1,0,12723,15,5,2,5,8,1625,2
0,0,1,1,0,0,1,1,0,1,8016,12,6,2,15,18,175,0
0,0,1,1,0,1,1,0,1,1,10199,24,6,0,21,12,910,2
0,1,1,1,0,1,0,0,1,0,10842,24,3,6,9,9,1395,1
0,1,0,1,0,1,1,0,1,1,7005,12,6,2,12,21,490,1
1,0,0,0,0,1,0,0,1,0,4409,3,5,4,10,12,155,0
0,0,1,1,0,1,0,0,1,0,13364,1,4,0,21,9,730,1
0,1,0,1,0,1,1,0,1,1,13377,27,6,3,16,1,570,1
0,0,1,1,0,1,1,0,1,1,10262,9,6,6,21,4,395,1
0,0,1,1,0,1,0,0,1,0,10844,18,5,5,16,23,425,1
0,0,1,1,0,1,0,0,1,0,14571,24,5,4,6,16,590,1
0,0,1,1,0,1,1,0,1,1,19329,9,3,5,10,18,1925,2
0,0,1,0,0,0,1,0,0,1,4943,21,3,3,8,23,895,1
0,0,1,1,0,1,1,0,1,1,15129,18,5,5,9,19,560,2
0,0,1,1,0,1,0,0,1,0,10539,6,6,3,17,18,1500,1
0,0,1,1,0,1,0,0,1,0,10031,24,3,6,21,22,1525,1
0,1,0,1,0,1,1,0,1,1,9140,24,5,4,17,1,465,1
1,0,0,0,0,1,0,0,1,0,4409,27,4,5,22,1,150,0
0,0,0,1,0,0,1,1,0,1,3419,15,5,2,22,1,170,0
0,1,0,1,0,1,1,0,1,1,9646,15,5,2,9,16,385,1
0,0,1,1,0,1,0,0,1,0,13584,9,5,3,14,18,1690,1
0,0,1,0,0,1,1,0,1,1,11806,21,5,1,5,7,1600,2
0,1,1,0,0,1,1,0,1,1,4563,1,4,0,7,13,370,1
0,0,1,1,0,1,1,0,1,1,12898,27,6,3,21,4,395,1
0,1,1,1,0,1,1,0,1,1,6216,27,4,5,14,17,190,0
0,0,1,1,0,1,1,0,1,1,12898,21,5,1,13,4,925,1
0,0,1,1,0,1,1,0,1,1,10262,9,6,6,22,19,1210,1
0,0,1,0,0,0,1,0,0,1,12526,1,3,4,13,16,170,0
0,0,1,0,0,1,1,0,1,1,11522,6,3,2,5,6,1535,1
0,0,1,1,1,0,1,1,1,0,5678,12,6,2,2,4,85,0
0,1,1,1,0,0,1,0,0,1,9918,9,3,5,11,14,160,0
0,0,1,1,0,1,0,0,1,0,14781,1,5,2,21,8,665,1
0,0,1,0,0,1,1,0,1,1,8026,27,3,2,5,19,2295,2
0,0,1,0,0,0,1,0,0,1,7276,24,3,6,13,16,170,0
0,0,1,1,0,1,0,0,1,0,7064,1,4,0,8,18,590,1
0,1,0,1,0,1,1,0,1,1,13062,21,3,3,13,21,480,1
0,1,0,1,0,1,1,0,1,1,12537,27,3,2,11,21,570,1
0,0,1,1,0,0,1,0,0,1,21934,15,3,4,18,0,350,1
0,0,1,1,0,1,1,0,1,1,10262,24,6,0,13,19,360,1
0,1,1,1,0,0,1,1,0,1,4878,3,6,0,17,19,155,0
0,0,1,1,0,1,1,0,1,1,14714,15,6,5,14,19,300,1
0,0,1,1,0,0,1,0,0,1,9134,15,3,4,7,15,495,1
0,0,0,1,0,0,1,1,0,1,4823,1,4,0,16,19,180,0
0,1,0,1,0,1,1,0,1,1,6093,27,6,3,7,16,540,1
0,1,0,0,1,0,0,1,0,0,3597,3,6,0,8,10,135,0
0,1,0,1,0,1,1,0,1,1,13727,9,5,3,14,21,420,1
0,0,0,1,0,1,0,0,1,0,4174,1,4,0,11,14,155,0
0,0,1,1,0,1,1,0,1,1,10262,27,6,3,11,19,450,1
0,1,0,1,0,1,1,0,1,1,11789,6,6,3,10,19,520,1
0,0,1,1,0,1,0,0,1,0,8586,1,5,2,18,8,800,1
0,0,1,0,0,0,1,0,0,1,13081,1,3,4,5,8,1620,3
0,0,1,1,0,1,0,0,1,0,9314,1,5,2,20,23,1630,1
0,0,1,1,1,0,1,1,1,0,5678,21,6,4,19,21,90,0
0,0,1,1,0,1,1,0,1,1,11924,27,5,0,10,19,540,1
0,0,1,1,0,1,0,0,1,0,12692,9,6,6,20,23,1630,1
0,0,1,1,0,0,1,1,0,1,6478,24,6,0,18,22,185,0
0,0,0,1,0,1,0,0,1,0,4226,15,5,2,6,10,240,1
0,0,0,1,0,1,1,0,1,1,11532,9,3,5,2,8,355,1
0,0,1,0,1,0,0,1,0,0,9340,6,3,2,11,13,135,0
0,0,1,1,0,1,1,0,1,1,10368,12,6,2,5,4,1375,2
0,0,1,1,0,1,0,0,1,0,13626,12,6,2,14,20,400,1
0,0,1,1,0,1,0,0,1,0,9663,24,5,4,6,12,330,1
0,0,1,1,0,1,1,0,1,1,16389,6,3,2,5,4,1380,2
0,1,0,1,0,1,1,0,1,1,10197,18,5,5,3,19,910,1
0,0,1,1,0,1,0,0,1,0,7594,12,6,2,21,4,450,1
0,0,1,1,0,0,1,0,0,1,13817,12,3,1,21,11,840,1
0,0,1,1,0,0,1,1,0,1,7229,15,4,0,17,20,180,0
1,0,0,0,0,0,1,1,0,1,4282,15,5,2,4,7,170,0
0,0,1,1,0,1,1,0,1,1,13292,12,6,2,9,4,1130,2
0,0,1,1,0,1,1,0,1,1,13764,27,6,3,19,12,1025,2
0,0,1,1,0,1,0,0,1,0,12681,1,4,0,18,16,1285,1
0,0,1,1,0,0,1,1,0,1,5198,12,5,6,11,14,175,0
0,1,0,1,0,1,1,0,1,1,12615,9,3,5,7,19,735,1
0,0,0,1,0,1,0,0,1,0,5644,21,4,6,11,14,155,0
0,0,1,1,0,0,1,0,0,1,11087,12,3,1,22,13,860,1
0,1,0,0,1,0,1,1,1,0,2227,3,5,4,22,0,90,0
0,0,1,1,0,0,1,1,0,1,8016,18,6,1,19,22,180,0
0,1,0,0,0,0,1,1,0,1,4885,9,5,3,9,12,170,0
0,0,0,1,0,1,0,0,1,0,4174,1,4,0,9,12,165,0
1,0,0,0,0,1,0,0,1,0,5162,9,5,3,6,10,220,1
0,0,1,1,0,1,1,0,1,1,10262,27,6,3,13,19,360,1
0,0,0,1,1,0,1,1,1,0,4049,18,6,1,9,10,90,0
0,0,1,0,0,1,1,0,1,1,8372,27,5,0,18,19,1515,1
0,0,0,1,0,0,1,1,0,1,3419,12,6,2,0,3,175,0
0,0,0,1,0,1,1,0,1,1,5073,27,3,2,7,12,265,1
0,0,0,1,0,1,1,0,1,1,6069,6,6,3,16,21,300,1
0,0,0,1,0,1,1,0,1,1,9709,21,3,3,8,15,425,1
0,0,1,1,0,1,1,0,1,1,13014,12,6,2,9,12,1615,2
0,0,1,1,0,1,1,0,1,1,13029,18,5,5,9,19,560,2
0,1,0,1,0,1,1,0,1,1,13937,15,5,2,8,21,780,1
0,1,0,0,0,1,1,0,1,1,11349,3,3,6,15,21,360,1
0,1,0,0,1,0,0,1,0,0,3597,9,6,6,9,12,135,0
0,0,1,1,0,1,0,0,1,0,14388,6,5,0,20,20,1485,1
0,0,1,1,0,0,1,0,0,1,11087,9,3,5,8,10,1585,1
0,0,1,1,0,1,0,0,1,0,9663,1,5,2,14,9,1155,1
0,0,0,1,0,0,1,1,0,1,3943,6,6,3,4,6,170,0
0,0,1,0,0,0,1,0,0,1,8845,15,3,4,22,13,920,1
0,0,1,0,0,1,0,0,1,0,12173,24,3,6,20,12,960,1
0,0,1,1,0,1,1,0,1,1,10262,9,6,6,21,12,885,1
0,1,0,1,0,1,1,0,1,1,7242,21,3,3,9,16,385,1
0,0,0,1,0,0,1,0,0,1,7708,21,3,3,14,19,300,1
0,0,1,1,1,0,1,1,1,0,8040,21,6,4,8,10,90,0
0,1,0,0,1,0,0,1,0,0,3597,12,5,6,8,10,135,0
0,1,0,0,0,1,0,0,1,0,3841,27,5,0,17,19,150,0
0,0,1,0,0,1,0,0,1,0,10203,15,5,2,17,20,1615,1
0,0,0,1,0,1,1,0,1,1,7173,27,4,5,2,7,345,1
0,1,0,0,1,0,1,1,1,0,1965,9,6,6,22,0,90,0
0,0,0,1,0,1,1,0,1,1,5054,6,6,3,20,1,305,1
0,0,1,1,0,0,1,0,0,1,27992,1,3,4,5,21,935,1
0,0,1,1,0,1,0,0,1,0,7341,9,5,3,17,18,1500,1
0,1,0,0,0,0,1,1,0,1,3919,3,6,0,9,12,170,0
0,0,1,1,0,1,1,0,1,1,12242,27,3,2,15,4,800,1
0,0,1,1,0,1,0,0,1,0,13067,18,5,5,9,14,1730,1
0,0,1,1,0,1,1,0,1,1,18804,24,6,0,11,19,440,2
1,0,0,0,0,1,0,0,1,0,5645,21,4,6,22,1,150,0
0,0,0,1,1,0,0,1,0,0,3597,24,6,0,19,21,140,0
0,1,0,1,0,1,1,0,1,1,13587,9,6,6,16,1,570,1
0,0,0,1,1,0,0,1,0,0,3597,21,6,4,13,15,140,0
0,0,1,0,0,1,1,0,1,1,8879,18,5,5,10,19,555,1
0,1,0,0,0,0,1,1,0,1,4319,21,4,6,5,8,160,0
0,0,1,0,1,0,1,1,1,0,2050,27,3,2,13,15,90,0
0,0,1,1,1,0,1,1,1,0,8040,3,6,0,7,8,85,0
0,0,1,1,0,1,0,0,1,0,13584,6,5,0,18,8,800,1
0,0,1,1,0,1,1,0,1,1,13014,6,6,3,19,4,535,2
0,1,1,1,0,1,0,0,1,0,9345,15,5,2,7,18,700,1
0,1,0,1,0,1,1,0,1,1,8266,6,6,3,6,19,795,1
0,0,1,1,1,0,1,1,1,0,5678,24,3,6,2,4,90,0
0,1,0,1,0,1,1,0,1,1,13377,12,6,2,13,1,750,1
0,1,1,1,0,1,0,0,1,0,9345,21,5,1,7,18,700,1
0,0,0,1,0,1,1,0,1,1,7191,15,5,2,18,1,415,1
0,1,0,1,0,1,1,0,1,1,7845,27,3,2,17,1,470,1
0,0,1,1,0,0,1,1,0,1,7229,21,5,1,11,14,175,0
0,0,1,0,0,0,1,0,0,1,10981,1,3,4,17,8,950,1
0,0,1,1,0,1,0,0,1,0,14178,9,6,6,14,4,875,1
0,0,0,1,0,1,1,0,1,1,8784,21,3,3,7,21,810,1
0,0,1,1,0,1,0,0,1,0,13941,12,5,6,20,4,520,1
0,0,1,1,0,1,0,0,1,0,13067,21,5,1,20,19,1365,1
0,0,1,1,1,0,1,1,1,0,4995,27,6,3,10,11,90,0
0,0,1,0,0,1,1,0,1,1,12488,3,6,0,18,19,1485,2
1,0,0,0,0,1,0,0,1,0,7870,9,6,6,7,23,955,1
0,0,1,0,0,1,1,0,1,1,6094,12,5,6,5,8,170,0
0,0,1,1,0,1,0,0,1,0,5608,12,6,2,10,17,435,1
0,1,1,0,0,1,1,0,1,1,6112,3,3,6,7,13,350,1
0,0,1,1,0,0,1,0,0,1,16736,6,3,2,16,8,920,1
0,1,1,1,0,1,0,0,1,0,8452,12,6,2,20,10,865,1
0,0,1,1,0,1,0,0,1,0,9314,9,5,3,17,14,1285,1
0,0,0,1,1,0,0,1,0,0,3850,21,5,1,7,10,140,0
0,0,1,1,0,1,1,0,1,1,5963,21,3,3,19,4,520,1
0,0,1,0,0,1,1,0,1,1,9968,21,5,1,5,19,2295,2
0,0,1,1,0,1,1,0,1,1,9564,18,5,5,11,14,195,0
0,0,0,1,0,1,1,0,1,1,6610,6,3,2,6,21,880,2
0,0,0,1,0,0,1,0,0,1,5226,9,3,5,15,20,295,1
0,0,1,1,0,1,0,0,1,0,14231,24,3,6,19,8,745,1
0,0,1,1,0,1,1,0,1,1,13376,15,6,5,14,12,1320,2
0,0,0,1,0,1,1,0,1,1,6674,27,5,0,6,22,940,1
0,1,0,1,0,1,1,0,1,1,7408,15,6,5,8,21,780,1
0,0,1,0,0,1,0,0,1,0,15170,24,5,4,9,8,1385,2
0,0,0,1,1,0,0,1,0,0,3597,1,6,5,19,21,140,0
0,0,1,0,0,0,1,0,0,1,12778,12,3,1,17,10,1010,2
0,0,1,1,0,0,1,1,0,1,7229,9,6,6,17,20,180,0
0,0,1,1,0,0,1,1,0,1,8016,15,6,5,8,11,180,0
0,0,0,1,0,1,0,0,1,0,4804,27,5,0,22,0,155,0
0,0,1,1,0,0,1,1,0,1,8016,21,6,4,8,11,180,0
1,0,0,0,0,1,0,0,1,0,5645,9,6,6,10,12,155,0
0,0,1,1,0,0,1,0,0,1,22270,9,3,5,18,0,365,1
0,0,1,1,0,1,0,0,1,0,14151,6,6,3,9,19,575,1
0,0,1,1,0,1,1,0,1,1,5406,6,4,5,7,12,330,1
0,0,1,0,0,1,0,0,1,0,5567,24,3,6,19,11,965,1
0,0,0,1,0,1,1,0,1,1,6171,27,3,2,4,16,675,1
0,1,0,0,0,0,1,1,0,1,4423,15,6,5,5,8,160,0
0,0,1,1,0,1,1,0,1,1,5177,6,4,5,22,12,825,1
0,1,0,1,0,1,1,0,1,1,6795,12,6,2,17,1,465,1
0,1,0,0,0,0,1,1,0,1,3625,27,5,0,9,12,170,0
0,0,1,1,0,1,1,0,1,1,12373,18,5,5,14,12,1355,1
0,1,0,0,0,1,0,0,1,0,4963,9,5,3,15,20,315,1
0,0,0,1,1,0,1,1,1,0,2227,27,5,0,21,22,90,0
0,1,0,1,0,1,1,0,1,1,11200,27,6,3,8,19,630,1
0,0,1,0,0,1,1,0,1,1,7174,9,5,3,17,23,320,1
0,0,1,0,0,1,1,0,1,1,13748,3,3,6,5,19,2240,2
0,1,0,1,0,1,1,0,1,1,9856,27,5,0,7,22,925,1
0,0,1,0,0,1,0,0,1,0,15170,18,5,5,16,12,1185,2
0,0,0,1,0,1,1,0,1,1,6442,1,6,5,7,22,895,1
0,0,1,1,0,1,1,0,1,1,12898,27,5,0,17,19,1530,1
0,0,1,1,0,0,1,1,0,1,7229,1,6,5,8,11,180,0
0,0,1,1,0,1,0,0,1,0,10703,12,5,6,20,21,1480,1
0,0,0,1,1,0,0,1,0,0,6297,9,3,5,13,15,135,0
0,0,1,1,0,1,0,0,1,0,9314,6,5,0,20,18,1295,1
0,1,1,1,0,0,1,0,0,1,6138,15,3,4,9,12,165,0
0,0,0,1,0,1,1,0,1,1,6838,24,6,0,9,21,705,1
1,0,1,0,0,1,1,0,1,1,52285,6,3,2,20,4,500,2
0,1,0,1,0,1,1,0,1,1,13377,9,6,6,14,1,690,1
0,0,1,0,0,1,1,0,1,1,10975,18,5,5,9,9,1420,2
0,0,1,1,0,0,1,0,0,1,13817,12,3,1,5,21,935,1
0,0,1,0,0,1,1,0,1,1,7532,21,3,3,6,9,1640,1
0,1,0,1,0,1,1,0,1,1,10197,15,5,2,3,19,910,1
0,0,1,1,0,1,0,0,1,0,9663,9,6,6,20,4,520,1
0,1,0,1,0,1,1,0,1,1,13727,15,5,2,13,21,480,1
0,0,0,1,0,1,1,0,1,1,8330,9,5,3,11,1,845,1
0,0,0,1,0,0,1,1,0,1,4823,21,5,1,7,10,175,0
0,0,0,1,0,1,1,0,1,1,6206,27,5,0,17,1,500,1
0,1,0,1,0,1,1,0,1,1,10877,6,6,3,11,19,455,1
0,0,1,1,0,0,1,0,0,1,13817,12,3,1,18,8,800,1
0,0,1,1,0,0,1,1,0,1,6478,27,6,3,8,11,180,0
0,0,1,0,0,1,1,0,1,1,8577,9,4,1,13,7,1115,2
0,0,1,1,0,1,1,0,1,1,16079,21,5,1,21,19,1270,1
0,1,0,1,0,1,1,0,1,1,15077,6,3,2,6,19,755,1
0,0,1,1,0,1,0,0,1,0,7064,1,4,0,16,8,945,1
0,0,1,1,0,1,0,0,1,0,9663,21,5,1,14,8,1090,1
0,0,1,0,0,1,1,0,1,1,11552,6,3,2,21,19,1305,2
0,0,1,1,0,1,1,0,1,1,10262,12,6,2,20,19,1325,1
0,1,0,0,0,1,1,0,1,1,5899,15,4,0,15,22,380,1
0,0,1,1,0,0,1,0,0,1,13817,12,3,1,18,10,930,1
0,1,1,1,0,1,0,0,1,0,8610,1,5,2,20,20,1440,1
0,0,1,1,0,1,1,0,1,1,12373,9,5,3,9,4,1165,1
0,1,0,0,0,1,1,0,1,1,5673,27,5,0,17,22,295,1
0,1,1,1,0,1,0,0,1,0,7927,1,4,0,20,18,1350,1
0,0,1,1,0,1,1,0,1,1,10262,24,6,0,2,19,1005,1
0,0,1,1,0,1,1,0,1,1,12373,9,5,3,8,4,1225,1
0,0,1,0,0,0,1,0,0,1,12704,1,3,4,9,12,1595,1
0,0,1,0,0,1,0,0,1,0,6612,9,5,3,12,13,1515,1
0,0,0,1,0,0,1,1,0,1,4823,9,6,6,18,21,175,0
0,0,1,1,0,1,1,0,1,1,10262,3,6,0,10,19,540,1
0,0,0,1,0,1,1,0,1,1,6388,21,3,3,7,12,310,1
0,1,1,0,0,0,1,1,0,1,3898,12,5,6,7,10,175,0
0,0,1,1,0,1,1,0,1,1,5177,6,4,5,11,19,450,1
0,0,1,1,0,1,0,0,1,0,10844,9,6,6,20,20,1485,1
0,0,0,1,0,0,1,1,0,1,4077,1,6,5,0,3,170,0
0,0,1,1,0,1,0,0,1,0,14231,24,3,6,16,9,980,1
0,0,1,0,0,0,1,0,0,1,13250,12,3,1,8,23,875,2
0,0,1,1,0,0,1,0,0,1,13817,12,3,1,7,21,860,1
0,1,0,0,0,0,1,0,0,1,6205,9,3,5,20,23,170,0
0,0,1,1,0,1,1,0,1,1,12819,27,6,3,23,12,810,2
0,0,0,1,0,0,1,1,0,1,4591,15,4,0,13,15,170,0
0,1,0,0,0,1,0,0,1,0,3841,27,6,3,6,9,155,0
0,1,0,0,1,0,0,1,0,0,3597,9,6,6,17,20,140,0
0,0,0,1,0,1,0,0,1,0,4174,3,4,2,4,7,155,0
0,1,1,1,0,1,1,0,1,1,6216,27,5,0,6,9,190,0
0,0,1,1,0,1,0,0,1,0,10624,9,5,3,17,18,1500,1
1,0,0,0,0,1,1,0,1,1,6152,24,6,0,7,22,870,1
0,0,0,1,0,1,1,0,1,1,6937,9,3,5,20,1,305,1
0,0,1,0,0,1,1,0,1,1,8792,1,6,5,17,19,1575,1
0,1,0,1,0,1,1,0,1,1,7005,27,5,0,12,21,490,1
0,0,1,1,1,0,1,1,1,0,5678,6,6,3,2,4,85,0
0,0,1,0,0,0,1,0,0,1,7013,15,3,4,10,11,1490,1
0,0,1,1,0,1,1,0,1,1,16079,21,5,1,15,19,1680,1
0,0,1,1,0,1,0,0,1,0,10539,6,6,3,9,18,505,1
0,0,1,1,0,1,0,0,1,0,11841,6,5,0,16,23,425,1
0,0,0,1,0,0,1,0,0,1,10509,15,3,4,19,0,300,1
0,0,0,1,1,0,0,1,0,0,3597,3,6,0,13,15,140,0
0,0,1,0,0,1,0,0,1,0,15532,1,5,2,9,13,1700,2
0,1,0,1,0,1,1,0,1,1,14086,9,3,5,6,21,850,1
0,1,0,1,0,1,1,0,1,1,5883,27,3,2,14,22,465,1
0,1,0,1,0,1,1,0,1,1,7618,3,6,0,7,21,840,1
0,0,1,1,0,1,0,0,1,0,9314,1,5,2,17,18,1500,1
0,0,1,1,0,1,0,0,1,0,13994,9,6,6,9,21,690,1
0,0,0,1,0,1,1,0,1,1,5073,27,4,5,7,12,275,1
1,0,0,0,0,0,1,0,0,1,3383,24,3,6,11,13,165,0
0,1,0,1,0,1,1,0,1,1,16108,1,6,5,9,19,615,1
0,1,0,1,0,1,1,0,1,1,6795,27,5,0,10,1,910,1
0,0,1,1,0,1,0,0,1,0,12681,1,4,0,16,4,730,1
0,0,1,1,0,1,1,0,1,1,10262,12,6,2,15,12,1295,1
0,1,1,1,0,1,0,0,1,0,8820,6,6,3,17,18,1550,1
0,0,1,1,0,0,1,0,0,1,10037,9,3,5,5,12,390,1
0,1,0,1,0,1,1,0,1,1,11789,12,6,2,6,12,395,1
0,1,1,0,0,1,1,0,1,1,7378,15,5,2,10,19,540,1
0,0,0,1,0,0,1,1,0,1,4823,24,5,4,18,21,175,0
0,0,1,1,0,0,1,1,0,1,6478,24,6,0,19,22,180,0
0,0,1,1,0,1,1,0,1,1,13014,1,6,5,9,4,1125,2
0,0,1,1,0,1,0,0,1,0,10844,24,5,4,16,22,365,1
0,1,0,1,0,1,1,0,1,1,7408,27,6,3,8,21,780,1
0,1,0,1,0,1,1,0,1,1,9646,27,6,3,7,16,545,1
0,1,0,0,1,0,0,1,0,0,3597,6,5,0,17,20,140,0
0,1,0,0,0,1,0,0,1,0,3873,27,6,3,17,19,150,0
0,1,1,0,0,1,1,0,1,1,7870,27,6,3,14,19,310,1
0,0,1,1,0,1,1,0,1,1,13344,27,6,3,5,12,425,2
0,0,1,0,1,0,1,1,1,0,3100,12,6,2,19,20,75,0
0,0,1,0,0,0,1,0,0,1,4441,18,3,0,21,23,170,0
0,0,0,1,0,1,1,0,1,1,6171,27,3,2,4,12,425,1
0,0,1,1,0,1,0,0,1,0,10953,9,5,3,20,10,870,1
0,0,1,0,0,1,0,0,1,0,14214,9,5,3,14,8,1105,2
0,0,0,1,0,1,1,0,1,1,6093,24,6,0,7,21,810,1
0,0,1,0,0,1,1,0,1,1,12436,24,6,0,12,19,1820,2
0,0,1,1,0,1,1,0,1,1,15129,18,5,5,13,19,1775,2
0,1,0,1,0,1,1,0,1,1,13259,3,6,0,6,12,395,1
0,0,1,0,0,1,0,0,1,0,15170,24,5,4,9,12,1600,2
0,0,1,1,0,1,0,0,1,0,14781,21,5,1,16,22,365,1
0,0,0,1,0,1,1,0,1,1,6206,1,6,5,11,1,845,1
0,1,0,0,0,1,0,0,1,0,3841,9,5,3,17,19,150,0
0,0,1,1,0,1,1,0,1,1,14714,15,6,5,11,19,450,1
0,0,0,1,0,1,1,0,1,1,6093,9,6,6,4,21,965,1
0,0,1,1,0,0,1,1,0,1,8016,9,6,6,11,14,175,0
0,0,1,0,0,1,1,0,1,1,5117,27,3,2,6,9,1640,1
0,0,1,1,0,1,0,0,1,0,8586,1,5,2,8,4,1215,1
0,0,0,1,0,1,1,0,1,1,13611,9,3,5,15,1,635,1
0,0,0,1,0,1,1,0,1,1,6704,9,5,3,16,22,380,1
0,0,0,1,0,1,0,0,1,0,4226,9,5,3,6,10,240,1
0,0,1,0,0,0,1,1,0,1,4651,6,4,5,17,19,165,0
0,1,0,0,0,1,0,0,1,0,3873,27,5,0,22,0,140,0
0,1,1,0,0,0,1,0,0,1,7222,3,3,6,20,23,175,0
0,1,0,1,0,1,1,0,1,1,13727,15,5,2,11,21,570,1
0,0,0,1,0,1,1,0,1,1,10141,27,3,2,9,15,380,1
0,1,0,0,0,0,1,1,0,1,3625,24,4,2,21,0,175,0
0,0,0,1,0,1,1,0,1,1,6442,15,4,0,7,16,515,1
0,0,1,1,0,0,1,1,0,1,7229,6,5,0,17,20,180,0
1,0,0,0,0,1,1,0,1,1,6752,24,6,0,16,6,830,1
0,0,1,1,0,1,0,0,1,0,13759,24,3,6,21,18,1260,1
0,0,1,0,1,0,1,1,1,0,14408,6,3,2,12,12,1465,1
0,0,1,0,0,1,1,0,1,1,13381,9,6,6,20,19,1380,2
0,1,1,1,0,1,0,0,1,0,9135,1,4,0,17,20,1640,1
0,0,0,1,0,1,0,0,1,0,6218,15,5,2,18,23,325,1
0,1,0,0,0,1,0,0,1,0,4174,27,4,5,9,11,145,0
0,0,1,0,0,1,0,0,1,0,6117,6,6,3,19,11,965,1
0,0,1,1,0,1,0,0,1,0,10703,15,5,2,9,21,690,1
0,0,1,1,0,1,0,0,1,0,12692,12,6,2,9,9,1450,1
0,0,1,1,0,1,0,0,1,0,10539,6,6,3,17,10,1075,1
0,0,1,1,0,1,0,0,1,0,11134,24,3,6,13,19,345,1
0,0,0,1,0,0,1,0,0,1,4777,24,3,6,21,0,175,0
0,0,1,1,0,1,1,0,1,1,12373,18,5,5,11,12,1505,1
0,1,0,1,0,1,1,0,1,1,11966,3,3,6,13,21,495,2
0,0,0,1,1,0,0,1,0,0,5277,15,5,2,22,0,140,0
0,0,1,1,0,1,1,0,1,1,14714,6,6,3,14,19,300,1
0,0,0,1,0,0,1,0,0,1,6144,9,3,5,22,1,170,0
0,0,1,0,0,0,1,1,0,1,5911,1,4,0,13,16,170,0
0,1,1,1,1,0,1,1,1,0,12080,12,3,1,19,19,1450,1
0,0,0,1,0,0,1,1,0,1,4423,6,4,5,10,13,170,0
0,1,0,1,0,1,1,0,1,1,7618,27,5,0,9,21,720,1
1,0,0,0,0,0,1,1,0,1,3383,27,5,0,11,13,165,0
0,1,0,1,0,1,1,0,1,1,7670,18,5,5,6,21,900,1
0,0,0,1,0,1,0,0,1,0,4804,15,5,2,4,7,155,0
0,0,1,1,0,0,1,0,0,1,11087,12,3,1,20,18,1310,1
0,0,1,1,0,0,1,1,0,1,7229,18,4,3,11,14,175,0
0,1,0,0,1,0,0,1,0,0,7050,3,3,6,8,10,135,0
0,0,1,1,0,1,0,0,1,0,12681,1,4,0,20,18,1335,1
0,1,0,0,0,1,1,0,1,1,4098,3,4,2,8,13,270,1
0,1,0,0,1,0,0,1,0,0,3543,12,5,6,9,12,135,0
0,0,1,1,0,1,0,0,1,0,14151,21,5,1,20,18,1295,1
0,0,1,1,0,1,0,0,1,0,13339,24,3,6,6,22,965,1
0,0,1,1,0,1,0,0,1,0,9663,24,5,4,21,12,890,1
0,0,1,1,0,1,1,0,1,1,12898,27,5,0,11,4,1015,1
0,0,1,0,0,1,1,0,1,1,8603,3,6,0,12,19,435,2
0,0,1,1,0,1,0,0,1,0,13044,12,6,2,16,12,1170,1
0,1,0,0,0,1,0,0,1,0,4622,6,3,2,17,19,150,0
0,1,0,1,0,1,1,0,1,1,13062,21,3,3,14,21,420,1
0,1,0,1,0,1,1,0,1,1,11622,12,6,2,9,19,585,1
0,0,1,1,0,0,1,0,0,1,11087,12,3,1,20,20,1425,1
0,1,0,1,0,1,1,0,1,1,11789,15,6,5,10,19,520,1
0,0,1,1,0,1,0,0,1,0,9663,9,5,3,18,9,865,1
0,0,1,1,0,0,1,0,0,1,19225,6,3,2,8,16,435,1
0,1,0,1,0,1,1,0,1,1,5797,27,6,3,11,1,830,1
0,1,0,1,0,1,1,0,1,1,9526,1,6,5,12,19,385,1
0,0,1,1,0,0,1,1,0,1,7229,9,4,1,19,22,180,0
0,1,0,1,0,1,1,0,1,1,10877,9,4,1,8,19,630,1
0,0,1,0,0,0,1,0,0,1,13942,6,3,2,8,22,880,2
1,0,0,0,0,0,1,1,0,1,3383,9,5,3,11,13,165,0
0,0,1,1,0,1,1,0,1,1,10262,15,6,5,14,4,865,1
0,0,1,0,0,1,0,0,1,0,11201,24,5,4,5,20,875,2
0,0,1,1,0,1,1,0,1,1,10262,1,6,5,19,4,550,1
0,0,1,0,0,1,1,0,1,1,10231,3,6,0,22,19,1275,2
0,0,1,1,0,0,1,0,0,1,9134,15,3,4,14,8,1090,1
1,0,0,0,0,1,0,0,1,0,5645,18,5,5,10,12,155,0
0,0,1,1,0,1,1,0,1,1,14714,1,6,5,15,4,805,1
0,0,1,0,0,1,1,0,1,1,12646,6,3,2,16,19,1595,2
0,0,1,0,0,1,1,0,1,1,12173,3,6,0,10,19,500,2
0,0,0,1,1,0,1,1,1,0,2227,12,6,2,21,22,90,0
0,1,0,1,0,1,1,0,1,1,10529,6,5,0,7,19,690,1
0,0,1,1,0,1,1,0,1,1,7202,18,5,5,11,14,195,0
0,1,0,1,0,1,1,0,1,1,7886,27,5,0,9,21,720,1
0,1,0,0,1,0,1,1,1,0,2017,18,6,1,22,0,90,0
0,0,0,1,0,1,1,0,1,1,6171,27,4,5,5,16,665,1
0,0,1,1,1,0,1,1,1,0,4050,3,6,0,2,4,85,0
0,1,0,0,0,1,0,0,1,0,8479,9,5,3,11,18,435,1
1,0,0,0,0,0,1,1,0,1,4282,18,5,5,4,7,170,0
0,1,1,1,0,1,0,0,1,0,9345,24,5,4,20,20,1440,1
0,0,1,0,0,1,1,0,1,1,6587,24,6,0,5,6,1535,1
0,0,0,1,1,0,1,1,1,0,2754,3,5,4,20,21,95,0
0,1,0,0,0,0,1,1,0,1,3919,21,6,4,21,0,175,0
0,0,1,0,0,0,1,0,0,1,11654,3,3,6,9,16,410,1
0,1,1,0,0,0,1,1,0,1,4239,1,4,0,20,23,165,0
0,0,0,1,0,1,1,0,1,1,6674,27,5,0,6,16,560,1
0,1,0,1,0,1,1,0,1,1,7198,24,6,0,13,1,750,1
0,0,0,1,0,1,0,0,1,0,5930,12,6,2,21,2,315,1
0,0,1,1,0,0,1,1,0,1,7229,9,5,3,7,10,180,0
0,0,1,0,0,1,1,0,1,1,12488,12,6,2,7,7,1470,2
0,0,0,1,1,0,0,1,0,0,3540,9,6,6,5,7,145,0
0,0,1,1,0,1,0,0,1,0,8529,12,6,2,20,9,800,1
0,1,1,0,0,1,0,0,1,0,8855,24,5,4,16,0,455,1
0,0,1,1,0,1,0,0,1,0,14781,15,5,2,6,19,800,1
0,0,0,1,0,1,1,0,1,1,5684,27,6,3,17,1,500,1
0,0,1,1,0,1,1,0,1,1,13029,9,5,3,19,4,535,2
0,0,1,1,0,1,1,0,1,1,15129,1,5,2,19,19,1430,2
0,0,1,0,0,1,0,0,1,0,8576,9,6,6,9,18,545,1
0,0,1,1,0,0,1,0,0,1,11087,9,3,5,8,11,1590,1
0,0,1,1,1,0,1,1,1,0,5678,9,6,6,10,11,90,0
0,0,1,1,0,1,1,0,1,1,12557,21,3,3,18,4,610,1
0,0,0,1,1,0,0,1,0,0,3858,27,3,2,11,14,145,0
0,0,1,1,0,1,1,0,1,1,12373,9,5,3,14,12,1355,1
0,0,0,1,1,0,1,1,1,0,4049,18,3,0,9,10,90,0
0,0,1,1,0,0,1,0,0,1,21934,15,3,4,16,0,470,1
0,0,1,0,0,1,0,0,1,0,5510,27,6,3,14,16,150,0
0,1,1,1,0,1,1,0,1,1,6216,15,6,5,14,17,190,0
0,0,1,0,1,0,1,1,1,0,2050,1,4,0,19,20,75,0
0,0,0,1,1,0,1,1,1,0,2754,3,4,2,2,4,90,0
0,0,0,1,1,0,0,1,0,0,3850,27,6,3,7,10,140,0
0,0,0,1,1,0,0,1,0,0,3540,6,5,0,5,7,145,0
0,0,1,1,0,1,0,0,1,0,9663,1,5,2,6,8,1545,1
0,0,1,0,0,1,1,0,1,1,9190,6,3,2,7,9,1580,2
0,0,1,1,0,1,1,0,1,1,12898,27,5,0,15,19,1680,1
0,1,1,0,0,0,1,1,0,1,4632,15,4,0,7,10,175,0
0,1,0,0,1,0,1,1,1,0,2753,24,3,6,13,14,80,0
0,0,1,0,0,1,0,0,1,0,12723,12,6,2,5,8,1625,2
0,0,0,1,0,1,0,0,1,0,4804,24,6,0,11,14,155,0
0,0,0,1,0,0,1,1,0,1,4823,18,4,3,20,22,170,0
1,0,0,0,0,1,1,0,1,1,6152,27,6,3,7,13,330,1
0,1,1,1,0,1,1,0,1,1,6216,27,6,3,6,9,190,0
0,0,0,1,0,1,1,0,1,1,6016,24,6,0,2,7,345,1
0,1,0,1,0,1,1,0,1,1,11622,27,6,3,9,19,585,1
0,0,1,0,0,1,0,0,1,0,10151,6,5,0,12,21,590,2
0,0,1,1,0,1,1,0,1,1,12410,12,6,2,20,4,505,2
0,0,1,1,0,0,1,0,0,1,12547,12,3,1,5,8,1590,1
0,0,1,1,0,1,1,0,1,1,10262,15,6,5,22,12,825,1
0,1,0,1,0,1,1,0,1,1,14323,9,5,3,11,19,465,1
0,0,1,1,1,0,1,1,1,0,3210,21,6,4,19,21,90,0
0,1,0,1,0,1,1,0,1,1,16863,3,3,6,10,21,660,1
0,1,0,1,0,1,1,0,1,1,8937,1,6,5,11,19,470,1
0,0,1,1,0,1,1,0,1,1,10929,27,3,2,19,4,1995,2
0,0,0,1,0,1,1,0,1,1,6104,9,6,6,10,1,895,1
0,1,0,0,0,1,1,0,1,1,5511,21,3,3,15,21,360,1
0,0,1,1,0,1,0,0,1,0,13759,24,3,6,21,16,1150,1
0,0,1,0,0,1,1,0,1,1,11543,21,5,1,5,7,1545,2
0,0,1,1,0,1,0,0,1,0,13067,18,5,5,9,19,575,1
0,0,1,1,0,1,1,0,1,1,10262,15,6,5,7,4,1280,1
0,0,1,0,0,1,1,0,1,1,13591,6,6,3,16,19,1580,2
0,0,1,1,0,1,1,0,1,1,10929,27,3,2,19,19,1475,2
0,0,1,1,0,0,1,1,0,1,7229,27,4,5,19,22,180,0
1,0,0,0,0,1,1,0,1,1,6451,15,5,2,7,13,330,1
0,0,0,1,1,0,0,1,0,0,7295,3,3,6,11,14,145,0
0,0,0,1,0,0,1,1,0,1,3943,3,6,0,1,4,165,0
0,1,0,0,0,0,1,1,0,1,3573,15,5,2,21,0,175,0
0,0,1,0,0,1,1,0,1,1,24017,3,3,6,9,9,1420,1
0,0,1,0,0,1,1,0,1,1,17476,9,3,5,10,19,1940,2
0,0,1,0,0,1,0,0,1,0,4647,9,4,1,19,11,965,1
0,0,0,1,0,1,1,0,1,1,6314,27,5,0,11,21,575,1
0,0,1,1,0,0,1,0,0,1,12284,18,3,0,5,16,625,1
0,0,1,1,0,0,1,1,0,1,7229,9,5,3,8,11,180,0
0,1,0,1,0,1,1,0,1,1,9627,1,5,2,8,19,630,1
0,0,1,0,0,1,0,0,1,0,9258,1,4,0,12,21,590,2
0,1,0,0,0,1,0,0,1,0,3873,3,6,0,9,11,145,0
0,1,0,0,0,1,0,0,1,0,3841,15,5,2,22,0,140,0
0,1,0,1,0,1,1,0,1,1,10486,27,5,0,9,22,765,1
0,0,1,1,0,1,1,0,1,1,17234,3,3,6,16,18,1610,1
0,0,0,1,0,1,1,0,1,1,6496,27,6,3,5,10,295,1
0,1,0,1,0,1,1,0,1,1,9627,27,5,0,8,19,630,1
0,0,1,0,0,1,0,0,1,0,8366,12,6,2,16,11,1100,1
0,0,1,1,0,1,1,0,1,1,15318,27,5,0,20,4,505,2
0,1,0,0,0,1,0,0,1,0,9923,24,3,6,11,18,435,1
0,0,1,1,0,1,0,0,1,0,6077,1,4,0,10,17,435,1
0,0,1,0,1,0,0,1,0,0,4667,9,6,6,11,13,135,0
0,1,0,1,0,1,1,0,1,1,8099,9,5,3,8,19,645,1
0,1,0,0,1,0,1,1,1,0,2385,1,5,2,13,14,90,0
0,1,0,1,0,1,1,0,1,1,15965,27,6,3,15,1,625,2
0,0,1,1,0,1,0,0,1,0,10844,6,5,0,6,18,705,1
0,0,1,0,0,0,1,1,0,1,6121,12,5,6,13,16,170,0
0,0,0,1,0,0,1,1,0,1,3625,24,4,2,22,1,170,0
0,1,0,1,0,1,1,0,1,1,8475,27,5,0,7,21,810,1
0,0,1,1,0,1,1,0,1,1,12898,27,5,0,7,19,715,1
0,0,0,1,0,1,1,0,1,1,10851,6,3,2,2,7,320,1
0,0,1,0,0,1,1,0,1,1,5704,21,3,3,9,23,795,1
0,1,1,1,0,0,1,0,0,1,11598,18,3,0,21,0,175,0
0,1,0,1,0,1,1,0,1,1,9149,27,5,0,8,19,645,1
0,0,1,0,0,1,0,0,1,0,4145,15,6,5,20,23,155,0
0,1,1,0,0,1,1,0,1,1,6195,21,5,1,10,19,540,1
0,0,0,1,0,1,1,0,1,1,6979,9,5,3,11,21,575,1
0,0,1,0,0,0,1,0,0,1,7276,15,3,4,13,16,170,0
0,1,0,0,0,1,1,0,1,1,4760,15,5,2,8,13,270,1
0,1,1,1,1,0,0,1,0,0,11982,18,6,1,17,20,140,0
0,0,0,1,1,0,0,1,0,0,5277,27,3,2,22,0,140,0
0,0,1,0,0,1,1,0,1,1,8372,9,6,6,20,7,700,1
0,0,0,1,0,1,0,0,1,0,4226,1,4,0,19,23,220,1
0,0,0,1,1,0,0,1,0,0,3597,18,6,1,19,21,140,0
0,1,0,1,0,1,1,0,1,1,7005,15,6,5,8,21,735,1
0,1,0,1,0,1,1,0,1,1,8018,9,5,3,7,16,545,1
0,0,1,1,0,1,1,0,1,1,10577,9,6,6,19,19,1395,1
0,0,1,1,0,1,1,0,1,1,11507,12,6,2,5,19,810,2
0,0,1,0,0,1,1,0,1,1,9653,9,5,3,5,19,2295,2
0,0,1,1,1,0,1,1,1,0,4160,15,3,4,10,11,90,0
0,0,1,1,0,1,1,0,1,1,14714,3,6,0,18,19,1485,1
0,0,1,1,1,0,1,1,1,0,5678,9,5,3,2,4,85,0
0,0,1,0,0,1,0,0,1,0,13873,18,5,5,7,1,1100,2
0,1,0,1,0,1,1,0,1,1,11264,27,6,3,10,19,520,1
0,0,1,1,0,1,0,0,1,0,11134,24,3,6,13,20,405,1
1,0,0,0,0,1,1,0,1,1,6151,21,3,3,16,22,330,1
0,0,1,1,0,1,0,0,1,0,10844,18,5,5,5,19,845,1
0,0,1,1,0,1,1,0,1,1,13014,3,6,0,9,12,1615,2
0,0,1,1,1,0,1,1,1,0,4995,18,6,1,10,11,90,0
0,0,0,1,0,1,0,0,1,0,4174,18,4,3,15,18,155,0
0,0,1,0,0,0,1,0,0,1,12841,3,3,6,13,16,170,0
0,0,1,1,0,1,0,0,1,0,13067,9,5,3,17,21,1685,1
0,0,1,1,0,1,1,0,1,1,10262,24,6,0,16,19,1620,1
0,0,0,1,0,0,1,1,0,1,4423,6,4,5,10,13,170,0
0,0,1,1,0,1,0,0,1,0,8586,1,5,2,18,4,585,1
0,0,1,1,0,1,0,0,1,0,9663,15,5,2,21,9,730,1
0,0,0,1,0,1,1,0,1,1,6069,15,6,5,16,21,300,1
0,0,1,0,1,0,0,1,0,0,4667,6,5,0,11,13,135,0
0,0,1,1,0,1,1,0,1,1,12373,9,5,3,21,19,1270,1
0,0,1,1,0,1,0,0,1,0,13941,9,5,3,16,10,1055,1
0,0,0,1,1,0,1,1,1,0,3175,27,3,2,6,7,85,0
0,0,1,0,0,1,1,0,1,1,8372,9,6,6,21,19,1335,1
0,1,1,1,0,0,1,1,0,1,5613,6,4,5,17,19,155,0
0,0,0,1,0,1,1,0,1,1,7144,18,5,5,7,22,895,1
0,0,1,1,0,1,0,0,1,0,14571,6,6,3,6,16,590,1
0,0,0,1,1,0,0,1,0,0,5277,24,3,6,22,0,140,0
0,0,1,1,1,0,1,1,1,0,2759,24,3,6,10,11,90,0
1,0,0,0,0,1,0,0,1,0,5192,9,5,3,7,23,955,1
0,0,1,1,0,1,1,0,1,1,14714,9,6,6,7,19,715,1
0,0,1,0,0,1,1,0,1,1,10336,1,6,5,12,19,435,2
0,0,1,0,0,1,0,0,1,0,31945,24,3,6,20,23,155,0
0,0,1,1,0,1,0,0,1,0,7064,1,4,0,6,23,1025,1
0,0,1,1,0,1,1,0,1,1,14441,9,6,6,5,12,425,2
0,1,0,1,0,1,1,0,1,1,17493,3,3,6,13,1,755,1
0,0,1,1,0,1,0,0,1,0,10844,9,6,6,20,22,1595,1
0,1,0,0,1,0,1,1,1,0,2753,1,6,5,5,7,90,0
0,0,1,1,0,1,1,0,1,1,12898,21,5,1,8,4,1225,1
0,0,1,1,0,0,1,1,0,1,7229,15,4,0,18,22,185,0
0,0,1,0,0,1,1,0,1,1,8603,3,6,0,12,7,1180,2
0,0,1,1,0,1,1,0,1,1,18804,15,6,5,11,19,440,2
1,0,0,0,0,1,1,0,1,1,7452,21,4,6,7,22,870,1
0,1,0,0,0,0,1,1,0,1,3971,24,4,2,9,12,170,0
0,0,0,1,0,0,1,1,0,1,3943,12,6,2,10,13,170,0
0,0,0,1,0,0,1,0,0,1,9165,15,3,4,14,19,300,1
0,1,0,0,0,0,1,1,0,1,3625,21,6,4,9,12,170,0
0,0,1,1,0,1,1,0,1,1,10262,24,6,0,16,12,1235,1
0,0,1,1,0,1,0,0,1,0,14388,21,5,1,18,8,800,1
0,1,0,1,0,1,1,0,1,1,15058,12,6,2,8,19,675,1
0,0,1,0,0,1,1,0,1,1,14882,6,3,2,9,7,1360,1
0,0,0,1,0,0,1,1,0,1,4591,18,4,3,10,13,170,0
0,1,0,0,0,1,0,0,1,0,3841,9,5,3,6,9,155,0
0,0,1,1,0,1,0,0,1,0,14781,15,5,2,8,18,590,1
0,1,0,0,0,1,0,0,1,0,3841,9,4,1,22,0,140,0
0,1,0,1,0,1,1,0,1,1,13377,3,6,0,15,1,630,1
0,0,1,1,0,1,1,0,1,1,13014,12,6,2,19,4,535,2
0,1,0,1,0,1,1,0,1,1,14848,21,5,1,13,19,375,1
0,0,1,0,0,1,0,0,1,0,4145,9,5,3,20,23,155,0
0,0,0,1,1,0,0,1,0,0,3850,12,6,2,7,10,140,0
0,0,1,0,0,1,0,0,1,0,10413,24,5,4,7,20,805,1
0,0,0,1,0,1,1,0,1,1,6104,3,6,0,15,1,630,1
0,0,0,1,0,0,1,1,0,1,3943,1,6,5,10,13,170,0
0,0,1,1,0,1,0,0,1,0,8529,12,6,2,21,8,665,1
0,0,1,1,0,1,1,0,1,1,10262,24,6,0,22,12,825,1
0,0,1,1,0,1,0,0,1,0,14151,18,5,5,20,22,1540,1
1,0,0,0,0,1,0,0,1,0,5192,9,5,3,15,23,500,2
0,0,1,1,0,1,0,0,1,0,9663,21,5,1,14,4,875,1
0,1,1,0,0,0,1,1,0,1,4632,24,4,2,7,10,175,0
0,0,0,1,0,1,1,0,1,1,5073,6,4,5,20,1,305,1
0,1,0,1,0,1,1,0,1,1,9526,15,6,5,10,19,535,1
0,0,0,1,0,0,1,1,0,1,4423,15,4,0,4,6,170,0
0,0,0,1,1,0,1,1,1,0,2227,12,5,6,20,21,95,0
0,1,1,1,0,0,1,0,0,1,5403,21,3,3,11,14,160,0
0,0,0,1,1,0,0,1,0,0,3858,27,3,2,19,21,140,0
0,0,1,1,0,1,1,0,1,1,18752,9,3,5,13,18,1745,2
0,0,1,1,0,1,0,0,1,0,9663,21,5,1,6,12,330,1
0,0,1,1,0,1,1,0,1,1,12819,24,6,0,19,12,1045,2
0,1,0,1,0,1,1,0,1,1,6883,27,3,2,9,21,720,1
0,1,0,1,0,1,1,0,1,1,7198,27,5,0,19,1,390,1
0,0,1,0,0,0,1,0,0,1,7801,9,3,5,10,12,165,0
0,0,0,1,0,0,1,1,0,1,4823,21,4,6,18,21,175,0
0,0,1,1,0,1,0,0,1,0,9663,24,5,4,6,9,1610,1
0,0,1,1,0,1,0,0,1,0,12121,12,5,6,20,21,1480,1
0,1,1,1,0,1,0,0,1,0,8085,12,5,6,20,23,1625,1
0,0,0,1,0,0,1,0,0,1,8662,3,3,6,13,18,295,1
0,0,1,1,0,1,1,0,1,1,6017,21,3,3,22,18,1250,1
0,1,0,0,1,0,0,1,0,0,3859,3,5,4,9,12,135,0
0,1,0,1,0,1,1,0,1,1,7564,18,5,5,4,19,860,1
0,1,0,0,0,0,1,1,0,1,3919,21,6,4,5,8,160,0
0,0,1,1,0,0,1,0,0,1,26890,1,3,4,7,13,375,1
0,0,1,1,0,1,1,0,1,1,5443,15,4,0,11,14,195,0
0,0,1,1,0,1,0,0,1,0,13364,1,4,0,14,20,400,1
0,0,1,1,0,1,1,0,1,1,12239,27,5,0,8,19,660,1
0,0,0,1,0,1,0,0,1,0,4966,9,4,1,11,16,275,1
0,0,0,1,0,0,1,0,0,1,6144,3,3,6,6,8,165,0
0,0,1,1,0,1,1,0,1,1,12373,9,5,3,15,19,1680,1
0,0,1,0,0,0,1,0,0,1,10835,18,3,0,8,16,1900,2
0,0,1,0,0,1,1,0,1,1,7952,6,6,3,6,9,1640,1
0,0,0,1,0,0,1,1,0,1,3419,9,4,1,1,4,165,0
0,1,0,1,0,1,1,0,1,1,10197,27,5,0,3,12,525,1
0,0,0,1,0,1,1,0,1,1,5883,3,6,0,10,1,895,1
0,0,1,0,1,0,0,1,0,0,4667,18,5,5,11,13,135,0
0,0,0,1,0,1,1,0,1,1,6223,21,3,3,4,21,985,2
0,0,1,1,0,1,0,0,1,0,7757,6,5,0,21,8,665,1
0,0,0,1,0,0,1,0,0,1,11873,3,3,6,14,19,300,1
0,0,1,1,0,1,0,0,1,0,10844,6,6,3,21,8,665,1
0,0,0,1,0,1,1,0,1,1,7189,15,5,2,21,3,345,1
0,0,1,1,0,1,1,0,1,1,10262,27,6,3,21,12,885,1
1,0,0,0,0,1,0,0,1,0,5989,1,5,2,19,22,150,0
0,0,0,1,1,0,1,1,1,0,2227,24,6,0,21,22,90,0
0,0,1,1,1,0,1,1,1,0,4995,6,6,3,10,11,90,0
0,0,1,1,0,1,0,0,1,0,14231,24,3,6,13,18,1695,1
0,0,1,1,0,1,0,0,1,0,10844,18,5,5,18,18,1400,1
0,1,1,0,0,1,1,0,1,1,5628,3,3,6,5,13,455,1
0,0,1,1,0,1,0,0,1,0,10844,9,6,6,18,16,1285,1
0,1,0,1,0,1,1,0,1,1,8937,15,6,5,8,19,645,1
0,0,0,1,0,1,0,0,1,0,5618,6,3,2,14,16,155,0
0,0,1,0,0,1,1,0,1,1,6674,9,4,1,7,19,735,1
0,1,1,0,0,0,1,1,0,1,3898,24,4,2,11,14,170,0
0,0,1,1,0,1,0,0,1,0,10844,24,5,4,18,20,1550,1
0,0,1,0,0,1,1,0,1,1,13381,3,6,0,20,19,1380,2
0,0,1,1,0,1,1,0,1,1,17024,3,3,6,17,4,655,1
0,0,0,1,0,1,1,0,1,1,7398,9,4,1,21,3,345,1
0,0,1,0,0,0,1,0,0,1,17461,1,3,4,10,17,435,2
0,0,1,1,0,1,0,0,1,0,13731,24,5,4,20,8,735,1
0,0,1,1,0,0,1,0,0,1,13555,18,3,0,16,8,920,1
0,0,0,1,0,1,0,0,1,0,4804,27,4,5,17,19,155,0
0,0,1,1,0,1,1,0,1,1,16289,21,5,1,7,19,715,1
0,0,0,1,0,1,1,0,1,1,7520,18,5,5,5,12,425,1
0,0,0,1,0,1,1,0,1,1,7503,18,5,5,10,1,895,1
0,1,0,1,0,1,1,0,1,1,8601,27,3,2,8,19,650,1
0,0,1,1,0,1,0,0,1,0,7064,1,4,0,8,12,1655,1
1,0,0,0,0,1,0,0,1,0,5192,6,5,0,7,19,710,1
0,1,0,0,0,1,0,0,1,0,9158,9,6,6,15,21,330,1
0,1,0,1,0,1,1,0,1,1,24318,6,3,2,17,1,515,1
0,1,0,1,0,1,1,0,1,1,7038,21,5,1,7,18,660,1
0,0,0,1,0,0,1,0,0,1,7303,24,3,6,22,1,170,0
0,0,0,1,0,0,1,0,0,1,8021,15,3,4,5,10,285,1
0,1,0,1,0,1,1,0,1,1,14323,15,5,2,10,19,555,1
0,0,1,0,0,1,0,0,1,0,10203,6,6,3,7,20,805,1
0,1,0,1,0,1,1,0,1,1,7408,15,6,5,19,1,390,1
0,0,0,1,1,0,1,1,1,0,2227,27,3,2,21,22,85,0
0,1,0,1,0,1,1,0,1,1,16108,15,6,5,11,19,465,1
0,0,1,1,0,1,1,0,1,1,10262,15,6,5,18,12,1100,1
0,0,1,1,0,1,1,0,1,1,14714,9,6,6,9,19,600,1
0,0,1,1,0,1,1,0,1,1,10262,3,6,0,22,19,1210,1
0,0,0,1,0,1,1,0,1,1,7640,18,5,5,14,22,490,1
0,1,1,1,0,1,0,0,1,0,8610,12,6,2,7,18,700,1
0,0,1,1,0,1,1,0,1,1,12767,21,3,3,8,18,650,1
0,0,0,1,0,1,1,0,1,1,6093,12,6,2,8,21,730,1
0,0,0,1,0,1,1,0,1,1,6442,27,4,5,6,16,560,1
0,0,1,1,0,0,1,1,0,1,4030,9,5,3,6,8,165,0
0,1,0,1,0,1,1,0,1,1,7408,6,6,3,13,21,480,1
0,1,0,1,0,1,1,0,1,1,10696,3,6,0,7,16,545,1
0,1,0,0,0,1,0,0,1,0,6982,12,3,1,9,11,150,0
0,0,0,1,1,0,1,1,1,0,2754,9,6,6,19,20,90,0
0,0,1,0,0,0,1,0,0,1,23677,1,3,4,6,12,330,1
0,0,0,1,1,0,1,1,1,0,2754,27,3,2,12,13,85,0
0,0,0,1,0,1,1,0,1,1,6758,18,5,5,4,21,965,1
0,0,1,0,0,1,1,0,1,1,6934,18,5,5,14,17,180,0
0,0,1,1,0,1,1,0,1,1,18799,3,3,6,5,18,805,2
0,0,1,1,1,0,1,1,1,0,5678,6,5,0,19,21,90,0
0,0,1,1,0,0,1,0,0,1,27992,1,3,4,7,20,800,1
0,0,1,1,0,0,1,1,0,1,4544,1,4,0,19,22,180,0
0,0,1,1,0,1,0,0,1,0,7757,6,5,0,18,16,1285,1
0,0,0,1,0,1,1,0,1,1,6373,27,5,0,17,22,310,1
0,0,0,1,0,1,0,0,1,0,5644,3,6,0,14,16,150,0
0,0,1,1,0,1,0,0,1,0,13067,6,5,0,20,21,1480,1
0,1,0,1,0,1,1,0,1,1,6513,15,5,2,7,16,540,1
0,0,0,1,1,0,1,1,1,0,4392,9,5,3,12,13,90,0
0,0,0,1,0,1,0,0,1,0,4778,6,3,2,5,8,170,0
0,0,1,1,0,1,0,0,1,0,10844,18,5,5,20,20,1485,1
0,0,1,0,0,1,0,0,1,0,12723,24,5,4,5,12,1840,2
0,0,1,1,0,1,0,0,1,0,11134,24,3,6,21,9,725,1
0,0,1,1,0,0,1,1,0,1,7229,9,5,3,18,22,185,0
0,0,1,1,0,1,1,0,1,1,10262,6,6,3,11,4,1015,1
0,0,0,1,0,1,0,0,1,0,4778,24,3,6,5,8,170,0
0,0,0,1,0,0,1,0,0,1,8033,15,3,4,23,2,170,0
0,0,1,0,0,1,1,0,1,1,8425,27,5,0,5,6,1535,1
0,1,0,1,0,1,1,0,1,1,15411,6,3,2,8,18,595,1
0,0,1,0,0,1,1,0,1,1,10975,12,6,2,13,9,1220,2
0,0,1,0,0,1,0,0,1,0,6535,24,3,6,16,21,1700,1
0,0,1,1,0,1,0,0,1,0,8355,9,5,3,10,17,435,1
0,1,0,0,1,0,0,1,0,0,3543,18,6,1,17,20,140,0
0,1,1,1,0,1,0,0,1,0,12102,24,3,6,20,18,1345,1
0,0,1,1,0,1,0,0,1,0,9314,1,5,2,17,9,1005,1
0,0,0,1,0,1,1,0,1,1,7503,18,5,5,18,1,415,1
0,1,0,0,0,1,1,0,1,1,9748,3,3,6,6,11,310,1
0,0,0,1,0,1,0,0,1,0,4804,27,6,3,17,19,155,0
0,0,1,1,0,1,0,0,1,0,8586,9,5,3,6,16,590,1
0,0,1,1,0,1,1,0,1,1,13882,24,6,0,9,12,1630,2
0,0,1,1,0,0,1,1,0,1,7229,21,5,1,15,18,175,0
0,0,1,0,1,0,1,1,1,0,2575,24,3,6,6,7,80,0
0,0,0,1,0,0,1,1,0,1,3943,21,5,1,21,0,180,0
0,1,0,0,0,1,1,0,1,1,4760,24,4,2,8,13,270,1
0,0,1,1,0,1,0,0,1,0,8824,24,3,6,6,22,965,1
0,0,1,0,0,1,1,0,1,1,6902,21,3,3,9,19,615,1
1,0,0,0,0,1,1,0,1,1,6151,21,3,3,16,7,865,1
0,0,1,1,0,0,1,0,0,1,11087,9,3,5,5,10,280,1
1,0,0,0,0,1,0,0,1,0,5964,3,3,6,19,22,150,0
0,0,1,1,0,1,0,0,1,0,14151,1,5,2,20,22,1540,1
0,0,1,1,0,1,0,0,1,0,11467,15,5,2,9,14,1730,1
0,1,0,0,0,1,0,0,1,0,3873,21,5,1,22,0,140,0
0,1,0,1,0,1,1,0,1,1,13542,21,3,3,15,1,635,1
0,0,1,1,0,1,0,0,1,0,10844,21,5,1,20,8,735,1
0,0,0,1,0,0,1,0,0,1,6144,3,3,6,1,4,165,0
0,0,1,1,0,1,1,0,1,1,10262,27,6,3,14,19,300,1
1,0,0,0,0,0,1,1,0,1,3383,6,4,5,11,13,165,0
0,0,1,0,0,1,0,0,1,0,10413,9,6,6,17,20,1615,1
0,0,1,1,0,1,0,0,1,0,13994,9,6,6,9,19,575,1
0,0,1,0,0,1,0,0,1,0,13143,21,5,1,5,23,1045,2
0,1,0,1,0,1,1,0,1,1,13069,21,3,3,8,18,625,1
0,1,1,0,0,0,1,1,0,1,3898,9,6,6,20,23,165,0
0,0,1,1,0,1,0,0,1,0,13941,9,5,3,8,16,475,1
0,0,1,0,0,0,1,0,0,1,6383,21,3,3,10,11,1490,1
0,1,0,1,0,1,1,0,1,1,10406,1,6,5,7,21,835,1
0,0,0,1,0,1,1,0,1,1,5883,6,6,3,15,1,630,1
0,0,0,1,0,1,1,0,1,1,6838,27,3,2,10,21,615,1
0,0,1,1,0,1,0,0,1,0,14781,21,5,1,6,19,800,1
0,0,1,1,0,1,1,0,1,1,10577,9,6,6,19,4,520,1
0,1,0,1,0,1,1,0,1,1,9646,15,5,2,13,22,565,1
0,1,1,1,0,1,1,0,1,1,6216,6,6,3,6,9,190,0
0,0,1,1,0,1,1,0,1,1,9564,12,5,6,11,14,195,0
0,0,1,1,0,1,0,0,1,0,14781,1,5,2,21,4,450,1
0,0,1,1,0,0,1,1,0,1,7229,6,5,0,7,10,180,0
0,0,0,1,0,1,0,0,1,0,4148,9,3,5,22,0,165,0
0,1,0,1,0,1,1,0,1,1,7268,27,6,3,11,19,455,1
0,0,1,0,0,1,0,0,1,0,6245,1,6,5,14,16,150,0
1,0,0,0,0,0,1,1,0,1,4483,18,4,3,23,2,170,0
0,0,1,1,0,1,1,0,1,1,11627,3,6,0,2,4,1570,1
0,1,1,1,0,1,0,0,1,0,13310,24,3,6,17,9,970,1
0,0,1,1,0,0,1,1,0,1,7754,21,6,4,18,22,185,0
0,0,0,1,1,0,1,1,1,0,2754,1,4,0,19,20,90,0
0,0,1,0,0,1,1,0,1,1,11447,6,6,3,7,9,1580,2
0,0,1,1,0,1,1,0,1,1,18799,3,3,6,5,4,1380,2
0,0,0,1,0,1,0,0,1,0,4462,9,3,5,15,17,155,0
0,0,1,1,0,1,0,0,1,0,13067,12,5,6,20,19,1365,1
0,0,1,1,0,1,0,0,1,0,12681,1,4,0,18,19,1495,1
0,1,1,1,1,0,0,1,0,0,3687,3,6,0,7,9,135,0
0,0,0,1,0,1,1,0,1,1,6628,27,3,2,17,1,485,1
0,0,1,0,0,1,1,0,1,1,13832,9,3,5,21,7,600,1
0,0,1,0,0,1,0,0,1,0,10676,12,5,6,12,11,1390,2
0,0,1,1,0,1,1,0,1,1,14714,3,6,0,22,4,335,1
0,0,1,1,0,1,1,0,1,1,10262,12,6,2,19,19,1395,1
0,0,0,1,1,0,1,1,1,0,2754,21,5,1,19,20,90,0
1,0,0,0,0,1,0,0,1,0,6785,24,3,6,7,22,920,1
0,1,0,1,0,1,1,0,1,1,14067,21,5,1,16,1,570,1
0,0,1,1,0,1,1,0,1,1,15318,21,5,1,20,4,505,2
0,0,1,1,0,1,1,0,1,1,14053,9,3,5,18,4,610,1
0,0,1,1,1,0,1,1,1,0,8040,27,6,3,7,8,85,0
0,0,1,0,0,1,0,0,1,0,12723,6,6,3,5,8,1625,2
0,0,1,1,0,1,1,0,1,1,10262,27,6,3,14,12,1355,1
1,0,0,0,0,1,1,0,1,1,6151,27,3,2,16,7,865,1
0,1,0,0,0,1,1,0,1,1,5409,3,6,0,17,22,295,1
0,1,1,1,0,1,0,0,1,0,9345,21,5,1,20,20,1440,1
0,0,1,0,0,1,1,0,1,1,12646,15,6,5,12,19,1820,2
0,0,0,1,1,0,1,1,1,0,4784,6,3,2,16,18,90,0
0,0,1,1,0,1,1,0,1,1,12242,27,3,2,21,4,395,1
1,0,0,0,0,1,0,0,1,0,11323,9,6,6,22,10,720,1
1,0,0,0,0,1,0,0,1,0,4409,18,4,3,19,22,150,0
0,0,1,1,0,0,1,0,0,1,16736,6,3,2,8,21,745,1
0,0,1,0,1,0,1,1,1,0,3100,27,5,0,19,20,75,0
0,0,0,1,0,1,0,0,1,0,4804,12,6,2,14,16,150,0
0,1,1,1,0,1,0,0,1,0,9555,24,5,4,7,20,790,1
0,0,1,1,0,1,1,0,1,1,10262,27,6,3,15,12,1295,1
1,0,0,0,0,1,0,0,1,0,5964,24,3,6,19,22,150,0
0,0,0,1,0,1,1,0,1,1,6386,12,6,2,2,7,345,1
0,0,1,0,0,1,1,0,1,1,6377,9,4,1,8,19,675,1
0,1,0,0,1,0,0,1,0,0,3807,18,3,0,8,10,135,0
0,1,0,1,0,1,1,0,1,1,13377,3,6,0,16,1,570,1
0,1,0,0,0,1,0,0,1,0,3841,12,4,4,9,11,145,0
0,0,1,0,0,1,0,0,1,0,6528,6,6,3,14,14,1440,1
0,0,1,0,1,0,1,1,1,0,3100,24,5,4,6,7,80,0
0,1,1,1,1,0,0,1,0,0,3687,24,6,0,7,10,135,0
0,0,1,1,0,0,1,0,0,1,14815,6,3,2,8,5,1265,1
0,0,0,1,0,0,1,1,0,1,3943,12,6,2,4,6,170,0
0,0,1,1,0,1,1,0,1,1,14714,12,6,2,20,4,450,1
0,1,0,0,0,1,0,0,1,0,4859,24,4,2,15,20,315,1
0,0,1,1,0,1,0,0,1,0,10844,18,5,5,14,22,510,1
0,0,0,1,0,0,1,0,0,1,4410,18,3,0,12,17,295,1
0,0,0,1,1,0,1,1,1,0,2754,21,5,1,2,4,90,0
0,0,1,1,0,0,1,1,0,1,7229,6,4,5,19,22,180,0
0,0,0,1,0,0,1,0,0,1,5694,9,3,5,23,2,170,0
0,1,0,1,0,1,1,0,1,1,9424,9,5,3,17,1,510,1
0,0,1,1,0,1,1,0,1,1,10262,15,6,5,19,19,1395,1
0,0,1,0,0,1,1,0,1,1,12199,9,6,6,17,7,865,2
0,1,1,1,0,0,1,1,0,1,4668,6,5,0,11,14,170,0
0,0,1,1,0,0,1,0,0,1,7832,21,3,3,5,0,1140,1
0,1,0,0,0,0,1,0,0,1,4945,21,3,3,9,12,175,0
0,0,1,0,0,0,1,0,0,1,11791,3,3,6,5,22,2420,2
0,1,0,0,0,1,0,0,1,0,3841,12,4,4,6,9,155,0
0,1,1,0,0,0,1,1,0,1,4239,3,4,2,20,23,165,0
0,0,1,1,0,0,1,0,0,1,14815,6,3,2,14,0,640,1
0,0,1,1,0,1,1,0,1,1,13014,9,6,6,9,19,560,2
0,1,0,1,0,1,1,0,1,1,11789,9,6,6,10,19,520,1
0,0,1,1,0,1,0,0,1,0,10031,24,3,6,19,4,540,1
0,0,1,0,0,1,0,0,1,0,13616,15,5,2,9,17,1915,2
0,1,0,1,0,1,1,0,1,1,6838,21,3,3,19,1,395,1
0,0,1,1,0,0,1,1,0,1,7229,24,5,4,17,20,180,0
0,0,0,1,0,0,1,1,0,1,4990,12,4,4,6,8,165,0
0,1,1,0,0,1,1,0,1,1,5752,27,5,0,7,12,355,1
0,1,0,1,0,1,1,0,1,1,18191,9,5,3,15,1,625,2
0,0,1,1,0,1,0,0,1,0,10539,12,6,2,20,9,800,1
1,0,0,0,0,1,1,0,1,1,8327,9,3,5,16,7,865,1
0,0,1,1,0,1,0,0,1,0,10844,24,5,4,14,22,510,1
0,1,0,0,0,1,0,0,1,0,3873,12,6,2,22,0,140,0
0,0,1,1,0,0,1,0,0,1,13555,18,3,0,21,10,780,1
0,0,1,1,0,1,0,0,1,0,10844,24,5,4,20,18,1335,1
0,1,1,1,0,0,1,1,0,1,5403,1,4,0,21,23,170,0
0,0,1,0,0,1,0,0,1,0,4145,21,5,1,20,23,155,0
0,0,1,1,0,1,1,0,1,1,10577,9,6,6,19,19,1425,1
0,0,1,0,0,1,1,0,1,1,9925,9,5,3,9,9,1420,2
0,0,0,1,1,0,1,1,1,0,2754,15,6,5,19,20,90,0
0,0,1,0,0,1,0,0,1,0,7662,9,5,3,16,21,1700,1
0,0,1,1,1,0,1,1,1,0,22294,12,3,1,3,16,815,1
0,0,0,1,0,0,1,0,0,1,6144,15,3,4,13,15,170,0
0,0,1,1,1,0,1,1,1,0,24210,6,3,2,19,16,1260,2
0,1,0,1,0,1,1,0,1,1,12327,27,3,2,13,1,755,1
0,1,0,0,1,0,1,1,1,0,2437,18,3,0,13,14,80,0
0,1,0,0,1,0,1,1,1,0,2753,12,6,2,5,7,90,0
0,0,1,1,0,1,0,0,1,0,14151,21,5,1,9,23,840,1
0,1,1,1,1,0,0,1,0,0,11982,21,6,4,17,20,140,0
0,0,0,1,0,1,1,0,1,1,9413,3,3,6,11,21,565,2
0,0,1,0,0,1,1,0,1,1,13022,15,5,2,17,19,1560,2
0,1,1,0,0,1,0,0,1,0,3673,9,6,6,6,14,475,1
0,0,1,1,0,1,1,0,1,1,15764,6,3,2,22,4,365,1
0,0,1,1,0,1,1,0,1,1,12609,24,6,0,21,12,910,2
1,0,1,0,0,0,1,0,0,1,57209,1,3,4,9,14,280,1
0,1,1,1,0,0,1,1,0,1,5613,6,4,5,9,12,170,0
0,1,0,1,0,1,1,0,1,1,6630,21,3,3,4,19,870,1
0,0,1,1,1,0,1,1,1,0,5678,27,6,3,19,21,90,0
0,0,1,1,0,0,1,0,0,1,7045,21,3,3,22,7,530,1
0,0,0,1,0,1,0,0,1,0,4148,9,3,5,14,16,155,0
0,0,1,0,0,0,1,0,0,1,11003,3,3,6,10,22,745,1
0,0,1,0,0,1,1,0,1,1,7480,18,5,5,6,9,1640,1
0,0,0,1,0,1,0,0,1,0,4804,12,5,6,22,0,155,0
0,0,1,1,1,0,1,1,1,0,4050,12,5,6,2,4,85,0
0,0,1,0,0,0,1,1,0,1,6961,27,6,3,10,12,165,0
0,0,1,1,0,1,1,0,1,1,10262,3,6,0,16,19,1620,1
1,0,0,0,0,0,1,1,0,1,3383,12,6,2,23,2,170,0
0,0,1,0,0,1,1,0,1,1,8119,9,3,5,20,23,1590,1
0,0,1,1,0,1,1,0,1,1,14714,6,6,3,2,19,1005,1
0,1,0,1,0,1,1,0,1,1,13259,3,6,0,6,19,780,1
0,1,1,0,0,0,1,0,0,1,7222,3,3,6,7,10,175,0
1,0,0,0,0,1,1,0,1,1,7353,9,5,3,16,7,865,1
0,0,1,1,0,1,0,0,1,0,14178,24,5,4,21,8,665,1
0,0,1,1,0,0,1,0,0,1,26890,1,3,4,7,5,1325,1
0,0,1,0,1,0,1,1,1,0,3625,12,5,6,19,20,75,0
0,1,0,1,0,1,1,0,1,1,9001,3,6,0,11,19,455,1
0,0,1,0,0,1,0,0,1,0,4145,27,5,0,20,23,155,0
0,0,1,1,0,1,1,0,1,1,15544,9,5,3,5,12,425,2
0,1,0,0,1,0,1,1,1,0,2017,15,6,5,13,14,90,0
0,0,1,0,0,1,0,0,1,0,14424,15,5,2,10,5,1165,2
0,1,1,0,0,1,0,0,1,0,3514,15,6,5,15,17,155,0
0,0,0,1,0,1,1,0,1,1,6628,27,5,0,18,1,415,1
0,0,1,1,0,1,1,0,1,1,15339,15,6,5,23,4,1760,2
0,0,1,0,0,0,1,0,0,1,7591,9,3,5,21,23,165,0
0,0,1,1,0,1,1,0,1,1,10262,1,6,5,11,4,1015,1
0,0,1,1,0,1,0,0,1,0,10844,21,5,1,6,16,590,1
0,0,1,0,0,1,0,0,1,0,7872,18,5,5,16,21,1700,1
0,0,0,1,0,1,1,0,1,1,6541,15,5,2,14,17,195,0
0,0,1,0,0,0,1,0,0,1,6987,15,3,4,6,23,985,1
0,0,0,1,0,0,1,1,0,1,4823,1,6,5,18,21,175,0
0,0,1,0,0,0,1,1,0,1,6961,21,5,1,5,8,180,0
0,0,1,1,0,1,0,0,1,0,9899,12,6,2,6,18,705,1
0,0,1,1,0,0,1,0,0,1,12295,12,3,1,9,16,375,1
0,0,1,0,0,1,0,0,1,0,6117,12,6,2,9,11,1555,2
0,1,0,0,1,0,0,1,0,0,3543,1,5,2,9,12,135,0
0,1,0,0,0,0,1,1,0,1,3919,18,5,5,21,0,175,0
0,0,1,0,0,0,1,0,0,1,6982,15,3,4,11,11,1425,1
0,1,1,1,0,1,0,0,1,0,13100,24,3,6,17,18,1545,1
0,0,1,1,0,1,1,0,1,1,16079,27,5,0,9,19,600,1
0,1,0,1,0,1,1,0,1,1,13082,9,3,5,6,19,755,1
0,0,1,0,0,0,1,1,0,1,6121,3,5,4,13,16,170,0
0,0,0,1,0,0,1,1,0,1,4823,12,6,2,16,19,180,0
0,0,1,1,0,1,0,0,1,0,13941,18,5,5,18,4,585,1
0,0,1,1,0,0,1,1,0,1,4544,3,4,2,18,22,185,0
0,0,1,0,0,1,0,0,1,0,4145,15,4,0,20,23,155,0
0,1,0,0,0,0,1,1,0,1,3919,6,4,5,21,0,175,0
0,1,1,1,1,0,0,1,0,0,11982,1,6,5,17,20,140,0
0,0,0,1,0,1,1,0,1,1,5636,27,6,3,2,7,325,1
0,0,1,1,0,1,0,0,1,0,10844,12,5,6,16,22,365,1
0,1,0,1,0,1,1,0,1,1,9856,24,6,0,7,16,545,1
0,0,0,1,0,0,1,1,0,1,3943,9,4,1,4,6,170,0
0,0,1,0,0,0,1,0,0,1,11570,3,3,6,17,8,920,2
1,0,0,0,0,1,0,0,1,0,4409,12,4,4,19,22,150,0
0,0,1,0,0,1,1,0,1,1,6934,1,6,5,14,17,180,0
0,0,1,1,0,0,1,0,0,1,13817,12,3,1,22,10,690,1
0,0,1,1,0,1,0,0,1,0,12121,9,5,3,9,9,1450,1
0,0,0,1,0,1,0,0,1,0,4804,18,6,1,17,19,155,0
0,0,1,1,0,0,1,1,0,1,5769,12,6,2,8,11,180,0
0,1,0,0,0,1,0,0,1,0,4174,18,5,5,14,17,150,0
0,1,0,0,0,0,1,0,0,1,6309,24,3,6,9,12,175,0
0,1,0,0,1,0,1,1,1,0,1965,18,5,5,5,7,90,0
0,1,0,1,0,1,1,0,1,1,10406,27,5,0,7,21,835,1
0,0,1,0,0,1,0,0,1,0,8996,12,5,6,9,13,245,1
0,0,1,1,0,1,0,0,1,0,10844,1,5,2,8,18,590,1
0,1,0,1,0,1,1,0,1,1,13377,27,6,3,18,1,435,1
0,1,0,0,0,1,0,0,1,0,8479,1,5,2,11,18,435,1
0,0,1,1,0,0,1,0,0,1,31825,1,3,4,18,9,860,1
0,1,1,0,0,0,1,0,0,1,5706,24,3,6,20,23,175,0
0,0,1,1,0,0,1,0,0,1,12284,18,3,0,11,8,1235,1
0,0,1,1,0,0,1,1,0,1,4544,24,4,2,8,11,180,0
0,0,1,1,0,1,1,0,1,1,6017,27,3,2,11,18,440,1
0,0,1,1,0,1,0,0,1,0,14781,21,5,1,8,16,475,1
0,0,1,0,0,1,1,0,1,1,12646,6,6,3,12,19,1820,2
0,0,0,1,1,0,0,1,0,0,3858,9,6,6,11,14,145,0
0,1,0,0,0,1,1,0,1,1,4957,1,4,0,17,22,295,1
0,0,1,1,0,1,1,0,1,1,10262,24,6,0,17,12,1145,1
0,0,1,1,0,1,0,0,1,0,10031,24,3,6,19,23,1660,1
0,0,1,1,0,1,0,0,1,0,14388,12,5,6,18,9,865,1
0,0,1,1,0,1,0,0,1,0,10844,15,5,2,18,22,1660,1
0,0,1,1,0,1,1,0,1,1,8882,27,3,2,19,19,1475,2
0,0,1,0,0,1,0,0,1,0,8366,6,6,3,9,18,545,1
0,0,0,1,0,1,1,0,1,1,6015,1,6,5,14,17,195,0
0,0,1,1,0,1,1,0,1,1,20694,6,3,2,19,18,2860,2
0,0,1,1,0,1,1,0,1,1,17024,3,3,6,7,18,705,1
0,1,0,1,0,1,1,0,1,1,14762,1,3,4,14,22,465,1
0,0,1,0,1,0,1,1,1,0,3625,1,5,2,6,7,80,0
0,0,0,1,1,0,1,1,1,0,2227,18,3,0,20,21,90,0
0,0,0,1,0,1,0,0,1,0,4804,24,4,2,9,12,165,0
0,0,1,1,1,0,1,1,1,0,5678,9,6,6,2,4,85,0
0,0,1,1,1,0,1,1,1,0,2470,24,3,6,7,8,85,0
0,0,1,1,0,0,1,0,0,1,12284,18,3,0,11,18,405,1
0,0,0,1,0,0,1,1,0,1,3419,12,6,2,22,1,170,0
0,0,1,1,0,1,1,0,1,1,12767,21,3,3,15,4,805,1
0,1,1,1,0,0,1,1,0,1,4668,18,5,5,21,23,170,0
0,1,0,0,0,0,1,1,0,1,3625,15,5,2,21,0,175,0
0,1,0,0,1,0,0,1,0,0,3597,27,5,0,9,12,135,0
0,0,0,1,0,1,0,0,1,0,5224,21,4,6,15,17,150,0
0,0,0,1,0,1,1,0,1,1,6147,15,6,5,17,22,320,1
0,0,1,1,0,0,1,1,0,1,8016,18,6,1,15,18,175,0
0,0,1,0,0,1,0,0,1,0,11148,1,5,2,12,11,1390,2
0,0,1,0,0,1,1,0,1,1,12488,12,6,2,18,19,1485,2
0,0,1,1,0,1,1,0,1,1,6017,21,3,3,15,4,805,1
0,0,0,1,0,0,1,1,0,1,4823,15,6,5,8,11,170,0
0,0,1,0,0,1,1,0,1,1,7532,21,3,3,9,9,1420,1
0,0,1,0,0,1,0,0,1,0,11432,9,6,6,9,5,1210,2
0,1,1,1,0,0,1,1,0,1,5088,6,6,3,19,22,165,0
0,1,0,0,0,1,1,0,1,1,5351,27,3,2,6,11,310,1
0,1,1,1,0,1,0,0,1,0,8610,12,6,2,7,23,975,1
0,0,1,1,0,1,1,0,1,1,17271,6,3,2,5,4,1365,2
0,0,1,1,0,1,0,0,1,0,9314,21,5,1,17,14,1285,1
0,1,0,0,0,1,0,0,1,0,3847,27,3,2,22,0,140,0
0,0,1,0,0,1,1,0,1,1,8372,15,5,2,9,19,615,1
0,1,0,1,0,1,1,0,1,1,10877,15,6,5,10,19,505,1
0,1,0,0,0,0,1,1,0,1,4423,12,5,6,9,12,170,0
0,0,0,1,1,0,0,1,0,0,6297,15,3,4,22,0,145,0
0,1,1,1,0,1,1,0,1,1,6216,27,6,3,14,17,190,0
0,1,0,1,0,1,1,0,1,1,7933,6,6,3,10,21,660,1
0,1,0,1,0,1,1,0,1,1,10678,15,6,5,4,12,460,1
0,1,0,0,1,0,1,1,1,0,2017,18,3,0,22,0,85,0
0,0,0,1,0,1,1,0,1,1,5000,18,6,1,14,17,195,0
0,0,1,0,0,1,1,0,1,1,18736,9,3,5,5,19,800,2
0,0,1,1,0,0,1,1,0,1,4030,1,5,2,7,10,180,0
0,0,1,1,0,1,1,0,1,1,10368,18,5,5,19,12,1025,2
0,0,1,1,0,1,0,0,1,0,9663,6,5,0,16,9,1010,1
0,1,1,1,0,0,1,1,0,1,5613,15,4,0,19,22,165,0
0,0,1,1,0,1,0,0,1,0,7757,9,5,3,14,8,1090,1
0,0,0,1,0,1,1,0,1,1,6442,15,6,5,7,16,515,1
0,0,0,1,1,0,1,1,1,0,2754,6,5,0,19,20,90,0
0,0,1,0,0,0,1,0,0,1,3758,24,3,6,6,8,165,0
1,0,0,0,0,1,1,0,1,1,6152,12,6,2,7,22,870,1
0,1,0,1,0,1,1,0,1,1,7618,21,3,3,7,21,840,1
0,0,1,0,0,1,1,0,1,1,12646,3,3,6,19,19,1410,2
0,0,1,1,0,1,0,0,1,0,14781,15,5,2,14,22,510,1
0,1,0,1,0,1,1,0,1,1,13377,27,6,3,10,1,930,1
0,0,1,1,0,1,1,0,1,1,9564,27,5,0,11,14,195,0
0,1,1,0,0,0,1,0,0,1,6113,15,3,4,11,14,175,0
0,0,1,0,0,0,1,0,0,1,26480,1,3,4,6,9,1600,2
0,0,1,1,0,0,1,1,0,1,5769,12,6,2,7,10,180,0
0,1,0,0,1,0,1,1,1,0,1759,27,3,2,5,7,80,0
0,0,0,1,0,1,1,0,1,1,5883,12,6,2,17,1,500,1
0,0,1,0,0,0,1,1,0,1,5176,3,4,2,10,12,165,0
0,0,0,1,0,1,0,0,1,0,4804,27,6,3,20,23,165,0
0,1,1,0,0,0,1,1,0,1,3398,21,6,4,11,14,170,0
0,0,1,0,0,1,0,0,1,0,9416,24,5,4,12,7,1195,2
0,1,0,0,0,1,0,0,1,0,3841,21,6,4,6,9,155,0
0,0,1,1,0,1,1,0,1,1,10262,27,6,3,20,19,1325,1
0,0,0,1,0,1,0,0,1,0,4804,24,6,0,22,0,155,0
0,0,1,1,0,1,1,0,1,1,5177,3,4,2,2,12,620,1
0,0,0,1,1,0,1,1,1,0,2437,9,5,3,20,21,95,0
0,1,1,0,0,1,1,0,1,1,8422,9,3,5,6,13,440,1
0,1,0,1,0,1,1,0,1,1,13797,24,6,0,8,21,780,1
0,0,0,1,0,1,1,0,1,1,7081,18,5,5,17,1,500,1
0,0,0,1,0,1,1,0,1,1,8513,3,3,6,4,16,675,1
0,0,1,1,0,0,1,1,0,1,7229,12,4,4,7,10,180,0
0,0,1,0,0,0,1,0,0,1,6273,3,3,6,8,12,240,1
0,0,1,0,1,0,1,1,1,0,3100,9,6,6,15,16,85,0
0,0,0,1,0,1,0,0,1,0,4804,18,6,1,22,0,155,0
0,1,0,0,0,1,0,0,1,0,3841,18,4,3,9,11,145,0
0,0,1,1,0,1,0,0,1,0,8586,18,5,5,20,8,735,1
0,1,0,1,0,1,1,0,1,1,11200,15,6,5,8,19,630,1
0,1,0,1,0,1,1,0,1,1,17267,6,3,2,7,13,375,1
0,0,1,1,0,1,0,0,1,0,8586,9,5,3,18,10,910,1
0,0,1,0,0,1,0,0,1,0,11432,9,5,3,16,5,765,2
0,0,1,0,0,1,1,0,1,1,12940,1,6,5,18,19,1470,2
0,0,0,1,1,0,1,1,1,0,12475,1,3,4,21,22,85,0
0,0,1,1,0,1,0,0,1,0,11134,24,3,6,16,22,340,1
0,0,0,1,0,1,0,0,1,0,5644,18,4,3,9,12,165,0
0,1,0,1,0,1,1,0,1,1,10877,12,6,2,11,19,455,1
0,0,1,1,0,0,1,1,0,1,7229,21,4,6,6,8,165,0
0,0,1,1,0,1,0,0,1,0,8586,9,5,3,16,18,1545,1
0,0,1,0,0,1,1,0,1,1,9863,1,6,5,16,19,1595,2
0,0,0,1,0,1,0,0,1,0,4864,12,6,2,7,12,330,1
1,0,0,0,0,1,0,0,1,0,4384,12,3,1,19,22,150,0
0,0,1,0,0,1,1,0,1,1,13591,18,5,5,6,7,1490,2
0,0,1,1,0,1,0,0,1,0,12384,15,5,2,9,19,575,1
0,0,1,1,0,1,1,0,1,1,12373,18,5,5,15,4,805,1
0,0,1,0,0,1,0,0,1,0,12723,1,5,2,5,12,1840,2
0,0,1,1,0,1,1,0,1,1,12242,21,3,3,22,18,1250,1
0,0,1,1,0,0,1,1,0,1,5769,12,6,2,11,14,175,0
0,0,0,1,0,1,1,0,1,1,7006,21,5,1,7,21,810,1
0,0,1,0,0,1,1,0,1,1,8372,27,5,0,21,19,1335,1
0,0,1,1,0,1,0,0,1,0,14178,24,5,4,14,9,1155,1
0,0,1,1,0,0,1,0,0,1,20800,1,3,4,14,9,1135,1
0,1,1,1,0,1,0,0,1,0,8452,1,5,2,7,9,1555,1
0,0,1,1,0,1,0,0,1,0,10844,12,5,6,21,18,1265,1
0,1,1,1,0,0,1,1,0,1,4668,12,5,6,21,23,170,0
0,0,1,1,0,1,0,0,1,0,12681,1,4,0,16,20,1695,1
0,0,1,0,0,1,1,0,1,1,4487,6,4,5,6,9,1640,1
0,0,1,1,0,1,0,0,1,0,14571,9,6,6,14,19,345,1
0,1,0,0,0,1,0,0,1,0,3841,27,4,5,22,0,140,0
0,1,0,0,0,1,0,0,1,0,3873,3,6,0,22,0,140,0
0,0,1,0,0,1,0,0,1,0,16372,1,5,2,16,13,1255,2
0,0,1,0,0,1,0,0,1,0,14897,24,5,4,9,5,1200,2
0,1,0,1,0,1,1,0,1,1,8614,15,6,5,10,19,520,1
0,0,0,1,0,1,0,0,1,0,3574,21,5,1,19,23,265,1
0,0,1,1,0,1,0,0,1,0,7064,1,4,0,20,16,1220,1
0,0,0,1,1,0,1,1,1,0,5755,21,6,4,9,10,90,0
0,0,1,0,0,1,0,0,1,0,13432,18,5,5,16,13,1255,2
0,0,1,0,0,1,1,0,1,1,8669,9,5,3,7,19,735,1
0,1,0,1,0,1,1,0,1,1,17057,3,3,6,2,11,555,1
0,0,1,1,0,0,1,0,0,1,17261,6,3,2,14,9,1165,1
0,1,0,1,0,1,1,0,1,1,6795,6,6,3,15,1,615,1
0,0,1,1,0,1,0,0,1,0,9663,6,5,0,14,20,400,1
0,1,0,1,0,1,1,0,1,1,11789,15,6,5,8,19,615,1
0,0,1,1,0,1,1,0,1,1,10262,24,6,0,18,19,1485,1
0,1,0,0,0,1,0,0,1,0,8844,15,5,2,11,18,435,1
0,0,1,1,0,0,1,1,0,1,4544,12,5,6,15,18,175,0
0,1,0,1,0,1,1,0,1,1,6148,27,3,2,7,13,380,1
0,0,0,1,1,0,1,1,1,0,2227,27,5,0,20,21,95,0
1,0,0,0,0,0,1,0,0,1,3383,24,3,6,23,2,165,0
0,0,1,1,0,1,1,0,1,1,14300,12,6,2,20,19,1380,2
0,0,1,1,0,1,0,0,1,0,10844,21,5,1,18,12,1025,1
0,1,0,0,0,1,1,0,1,1,5158,12,6,2,8,13,270,1
0,0,0,1,0,1,1,0,1,1,6628,3,6,0,16,1,570,1
0,0,1,1,0,1,1,0,1,1,10262,1,6,5,10,12,1595,1
0,0,1,1,0,0,1,1,0,1,4544,21,4,6,15,18,175,0
0,0,1,1,0,1,1,0,1,1,12373,9,5,3,18,19,1485,1
0,0,1,0,0,1,1,0,1,1,11281,15,5,2,5,7,1600,2
0,0,0,1,0,1,1,0,1,1,6938,3,6,0,14,22,490,1
0,1,0,1,0,1,1,0,1,1,15147,6,3,2,10,21,640,1
0,0,1,0,0,1,1,0,1,1,11228,18,5,5,5,7,1600,2
0,0,0,1,0,1,1,0,1,1,5636,9,6,6,2,7,325,1
0,1,0,0,0,0,1,1,0,1,4319,12,5,6,9,12,170,0
0,0,0,1,0,0,1,0,0,1,6144,21,3,3,20,22,175,0
0,0,1,1,0,1,0,0,1,0,14781,1,5,2,8,19,685,1
0,0,0,1,0,1,1,0,1,1,8765,21,3,3,9,1,985,1
0,0,1,1,0,1,0,0,1,0,8586,12,5,6,6,4,1330,1
0,0,0,1,1,0,1,1,1,0,2754,12,5,6,12,13,90,0
0,0,0,1,1,0,0,1,0,0,3597,21,5,1,13,15,140,0
0,0,1,1,1,0,1,1,1,0,4050,18,5,5,7,8,85,0
0,0,1,1,0,0,1,0,0,1,11087,9,3,5,8,21,800,1
0,0,1,1,0,0,1,1,0,1,8016,3,6,0,18,22,185,0
0,1,0,1,0,1,1,0,1,1,15147,6,3,2,10,1,915,1
0,0,1,1,0,0,1,1,0,1,7229,1,4,0,15,18,175,0
0,0,0,1,1,0,1,1,1,0,2754,27,5,0,2,4,90,0
0,1,1,1,0,0,1,1,0,1,5613,12,4,4,17,19,155,0
0,0,0,1,0,1,1,0,1,1,6307,27,4,5,21,3,345,1
0,0,0,1,0,1,0,0,1,0,4174,6,4,5,17,19,155,0
0,0,0,1,0,1,0,0,1,0,4804,27,6,3,22,0,155,0
0,0,1,0,0,1,0,0,1,0,14960,15,5,2,16,8,970,2
0,0,1,1,0,1,1,0,1,1,9483,9,4,1,23,19,1195,2
0,1,1,1,0,1,0,0,1,0,8662,6,6,3,20,22,1580,1
0,0,1,1,0,1,1,0,1,1,19644,9,5,3,11,19,440,2
0,1,1,0,0,0,1,0,0,1,4340,24,3,6,11,14,175,0
0,0,1,1,0,1,0,0,1,0,10844,21,5,1,20,18,1335,1
0,1,0,0,0,1,0,0,1,0,8224,9,5,3,15,21,330,1
0,1,0,1,0,1,1,0,1,1,7905,3,3,6,7,16,545,1
0,0,1,1,0,1,0,0,1,0,11134,24,3,6,16,19,1605,1
0,0,0,1,0,1,1,0,1,1,6037,15,5,2,2,7,345,1
0,0,1,1,0,1,0,0,1,0,12692,6,6,3,17,10,1075,1
0,1,0,1,0,1,1,0,1,1,7308,27,5,0,18,1,435,1
0,0,1,1,0,1,1,0,1,1,14714,1,6,5,22,12,825,1
0,0,1,1,0,1,0,0,1,0,14388,15,5,2,6,12,330,1
0,0,1,1,0,0,1,1,0,1,7229,24,4,2,18,22,185,0
0,0,1,1,0,0,1,0,0,1,7832,21,3,3,21,11,840,1
0,0,1,0,0,1,1,0,1,1,10493,3,6,0,5,19,2280,3
0,0,1,1,0,1,1,0,1,1,14053,9,3,5,18,18,1475,1
0,0,0,1,1,0,0,1,0,0,7295,6,3,2,7,10,140,0
0,0,1,0,0,1,0,0,1,0,11222,21,5,1,8,11,1610,2
0,1,0,1,0,1,1,0,1,1,7670,18,5,5,19,1,390,1
0,1,0,1,0,1,1,0,1,1,10877,6,6,3,10,19,505,1
0,1,0,1,0,1,1,0,1,1,17057,3,3,6,7,15,505,1
0,0,1,1,0,1,1,0,1,1,11507,6,6,3,5,19,810,2
0,0,1,1,0,1,1,0,1,1,4466,18,6,1,9,13,195,0
0,0,1,0,0,1,1,0,1,1,13801,1,6,5,16,19,1580,2
0,0,0,1,0,1,0,0,1,0,4778,1,3,4,21,0,160,0
0,0,1,1,0,1,0,0,1,0,12384,15,5,2,9,18,505,1
0,1,0,1,0,1,1,0,1,1,10678,27,6,3,4,12,460,1
0,0,1,0,0,1,1,0,1,1,9790,9,3,5,5,6,1535,1
0,0,1,1,0,1,0,0,1,0,14388,1,5,2,14,12,1315,1
0,1,0,0,0,0,1,1,0,1,4319,12,6,2,5,8,160,0
0,0,1,1,1,0,1,1,1,0,5678,3,5,4,2,4,85,0
0,1,1,1,0,0,1,1,0,1,5613,6,4,5,7,9,160,0
0,0,1,1,0,1,0,0,1,0,9663,6,5,0,20,9,800,1
0,0,1,1,0,0,1,1,0,1,5769,18,6,1,11,14,175,0
0,1,1,1,0,0,1,1,0,1,4668,1,5,2,21,23,170,0
0,1,1,1,0,0,1,0,0,1,4878,21,3,3,21,0,175,0
0,0,1,0,0,1,1,0,1,1,8372,9,5,3,13,19,375,1
0,0,1,0,0,1,0,0,1,0,12352,24,3,6,9,5,1210,2
0,0,1,1,0,1,1,0,1,1,11733,6,6,3,19,12,1025,2
0,0,0,1,0,0,1,1,0,1,4823,9,4,1,18,21,175,0
0,0,0,1,0,1,0,0,1,0,4804,27,4,5,15,17,150,0
0,0,1,1,0,1,1,0,1,1,10262,12,6,2,18,19,1485,1
0,0,1,1,0,0,1,0,0,1,11087,12,3,1,22,20,1285,1
0,0,1,1,0,1,1,0,1,1,21219,9,5,3,11,19,440,2
0,0,1,0,0,1,1,0,1,1,9929,15,6,5,8,19,675,1
0,0,1,0,0,1,0,0,1,0,11411,12,5,6,5,23,1045,2
0,0,1,0,1,0,1,1,1,0,3100,6,6,3,21,22,80,0
0,0,1,1,0,0,1,0,0,1,11087,12,3,1,20,21,1485,1
0,0,1,0,1,0,1,1,1,0,3100,9,6,6,6,7,80,0
0,1,0,1,0,1,1,0,1,1,9794,1,5,2,10,19,520,1
0,1,0,0,0,0,1,1,0,1,3257,21,5,1,5,8,160,0
1,0,0,0,0,1,0,0,1,0,4107,9,4,1,19,22,150,0
0,0,1,0,0,1,0,0,1,0,4145,27,4,5,20,23,155,0
0,0,1,1,0,0,1,1,0,1,7229,27,4,5,8,11,180,0
0,1,1,1,0,0,1,0,0,1,12648,1,3,4,11,14,160,0
0,0,1,0,0,1,1,0,1,1,11753,9,5,3,10,19,500,2
